timestamp,heartbeat_time,data_rate,rate_multiplier,rate_rx,rate_tx,rate_txerr,remote_system_id,remote_component_id,remote_type,remote_system_status,type,mode,flow_control,forwarding,mavlink_v2,ftp,streams
1814363330,1814363192,1200.0,0.588899,0.0208871,1.0732,0.0,255,0,6,4,0,0,0,1,1,1,34
1815286659,1815279989,1200.0,0.588899,0.0208013,1.02422,0.0,255,0,6,4,0,0,0,1,1,1,34
1816236306,1816233990,1200.0,0.588899,0.0209988,1.12394,0.0,255,0,6,4,0,0,0,1,1,1,34
1817242059,1816233990,1200.0,0.588899,0.0643778,1.32222,0.0,255,0,6,4,0,0,0,1,1,1,34
1817347404,1817344906,1200.0,0.588899,0.0643778,1.32222,0.0,255,0,6,4,0,0,0,1,1,1,34
1818297280,1818296943,1200.0,0.588899,0.0209791,0.940062,0.0,255,0,6,4,0,0,0,1,1,1,34
1819297120,1819288981,1200.0,0.588899,0.020854,1.18967,0.0,255,0,6,4,0,0,0,1,1,1,34
1820302059,1819288981,1200.0,0.588899,0.0209124,0.994831,0.0,255,0,6,4,0,0,0,1,1,1,34
1820342059,1820337993,1200.0,0.588899,0.0209124,0.994831,0.0,255,0,6,4,0,0,0,1,1,1,34
1821289317,1821281990,1200.0,0.588899,0.0208022,1.11441,0.0,255,0,6,4,0,0,0,1,1,1,34
1822282523,1822277143,1200.0,0.588899,0.0208053,1.175,0.0,255,0,6,4,0,0,0,1,1,1,34
1823288117,1822277143,1200.0,0.588899,0.0469087,1.04197,0.0,255,0,6,4,0,0,0,1,1,1,34
1823339525,1823336332,1200.0,0.588899,0.0469087,1.04197,0.0,255,0,6,4,0,0,0,1,1,1,34
1824261263,1824252415,1200.0,0.588899,0.0209372,1.04686,0.0,255,0,6,4,0,0,0,1,1,1,34
1825266508,1824252415,1200.0,0.588899,0.0209362,1.0498,0.0,255,0,6,4,0,0,0,1,1,1,34
1825278727,1825267198,1200.0,0.588899,0.0209362,1.0498,0.0,255,0,6,4,0,0,0,1,1,1,34
1826278780,1825267198,1200.0,0.588899,0.0208235,1.16711,0.0,255,0,6,4,0,0,0,1,1,1,34
1826359514,1826358829,1200.0,0.588899,0.0208235,1.16711,0.0,255,0,6,4,0,0,0,1,1,1,34
1827345644,1827337260,1200.0,0.588899,0.0209416,1.15578,0.0,255,0,6,4,0,0,0,1,1,1,34
1828262394,1828258037,1200.0,0.588899,0.0209298,0.900979,0.0,255,0,6,4,0,0,0,1,1,1,34
1829264495,1828258037,1200.0,0.588899,0.0209512,1.22115,0.0,255,0,6,4,0,0,0,1,1,1,34
1829306112,1829305767,1200.0,0.588899,0.0209512,1.22115,0.0,255,0,6,4,0,0,0,1,1,1,34
1830313100,1829305767,1200.0,0.588899,0.0208127,1.03964,0.0,255,0,6,4,0,0,0,1,1,1,34
1830323289,1830321098,1200.0,0.588899,0.0208127,1.03964,0.0,255,0,6,4,0,0,0,1,1,1,34
1831324315,1830321098,1200.0,0.588899,0.02098,1.10894,0.0,255,0,6,4,0,0,0,1,1,1,34
1831376880,1831368936,1200.0,0.588899,0.02098,1.10894,0.0,255,0,6,4,0,0,0,1,1,1,34
1832289777,1832289167,1200.0,0.588899,0.0209099,1.01463,0.0,255,0,6,4,0,0,0,1,1,1,34
1833246502,1833244297,1200.0,0.588899,0.0468716,1.08303,0.0,255,0,6,4,0,0,0,1,1,1,34
1834252314,1833244297,1200.0,0.588899,0.0208375,1.06668,0.0,255,0,6,4,0,0,0,1,1,1,34
1834475339,1834469788,1200.0,0.588899,0.0208375,1.06668,0.0,255,0,6,4,0,0,0,1,1,1,34
1835318062,1835309992,1200.0,0.588899,0.0208291,1.02559,0.0,255,0,6,4,0,0,0,1,1,1,34
1836315426,1836305991,1200.0,0.588899,0.0208047,1.19379,0.0,255,0,6,4,0,0,0,1,1,1,34
1837321129,1836305991,1200.0,0.588899,0.020862,1.10966,0.0,255,0,6,4,0,0,0,1,1,1,34
1837363377,1837356981,1200.0,0.588899,0.020862,1.10966,0.0,255,0,6,4,0,0,0,1,1,1,34
1838308121,1838305268,1200.0,0.588899,0.0208327,0.904735,0.0,255,0,6,4,0,0,0,1,1,1,34
1839301886,1839295277,1200.0,0.588899,0.0208049,1.25523,0.0,255,0,6,4,0,0,0,1,1,1,34
1840311986,1839295277,1200.0,0.588899,0.0208986,0.936458,0.0,255,0,6,4,0,0,0,1,1,1,34
1840354754,1840348993,1200.0,0.588899,0.0208986,0.936458,0.0,255,0,6,4,0,0,0,1,1,1,34
1841301242,1841296997,1200.0,0.588899,0.02091,1.15404,0.0,255,0,6,4,0,0,0,1,1,1,34
1842290462,1842285909,1200.0,0.588899,0.0209699,0.938652,0.0,255,0,6,4,0,0,0,1,1,1,34
1843294662,1842285909,1200.0,0.588899,0.0465712,1.26535,0.0,255,0,6,4,0,0,0,1,1,1,34
1843378111,1843371270,1200.0,0.588899,0.0465712,1.26535,0.0,255,0,6,4,0,0,0,1,1,1,34
1844381597,1843371270,1200.0,0.588899,0.0209415,1.09793,0.0,255,0,6,4,0,0,0,1,1,1,34
1844488845,1844485614,1200.0,0.588899,0.0209415,1.09793,0.0,255,0,6,4,0,0,0,1,1,1,34
1845415472,1845414765,1200.0,0.588899,0.0209387,0.991097,0.0,255,0,6,4,0,0,0,1,1,1,34
1846346421,1846343147,1200.0,0.588899,0.0209496,1.11132,0.0,255,0,6,4,0,0,0,1,1,1,34
1847352128,1847344010,1200.0,0.588899,0.0209803,1.11695,0.0,255,0,6,4,0,0,0,1,1,1,34
1848265701,1848265050,1200.0,0.588899,0.0208117,1.03167,0.0,255,0,6,4,0,0,0,1,1,1,34
1849275415,1848265050,1200.0,0.588899,0.020944,1.24866,0.0,255,0,6,4,0,0,0,1,1,1,34
1849325264,1849316913,1200.0,0.588899,0.020944,1.24866,0.0,255,0,6,4,0,0,0,1,1,1,34
1850328161,1849316913,1200.0,0.588899,0.020979,0.952048,0.0,255,0,6,4,0,0,0,1,1,1,34
1850338865,1850335226,1200.0,0.588899,0.020979,0.952048,0.0,255,0,6,4,0,0,0,1,1,1,34
1851345062,1850335226,1200.0,0.588899,0.0209513,1.11541,0.0,255,0,6,4,0,0,0,1,1,1,34
1851385186,1851383346,1200.0,0.588899,0.0209513,1.11541,0.0,255,0,6,4,0,0,0,1,1,1,34
1852296465,1852293124,1200.0,0.588899,0.020899,0.93747,0.0,255,0,6,4,0,0,0,1,1,1,34
1853306839,1852293124,1200.0,0.588899,0.0468423,1.27571,0.0,255,0,6,4,0,0,0,1,1,1,34
1853326529,1853325085,1200.0,0.588899,0.0468423,1.27571,0.0,255,0,6,4,0,0,0,1,1,1,34
1854332197,1853325085,1200.0,0.588899,0.0209844,1.0762,0.0,255,0,6,4,0,0,0,1,1,1,34
1854394562,1854387452,1200.0,0.588899,0.0209844,1.0762,0.0,255,0,6,4,0,0,0,1,1,1,34
1855316328,1855309069,1200.0,0.588899,0.0209018,1.0212,0.0,255,0,6,4,0,0,0,1,1,1,34
1856317059,1856308432,1200.0,0.588899,0.0208091,1.13261,0.0,255,0,6,4,0,0,0,1,1,1,34
1857320233,1856308432,1200.0,0.588899,0.0209767,1.00888,0.0,255,0,6,4,0,0,0,1,1,1,34
1857380139,1857370561,1200.0,0.588899,0.0209767,1.00888,0.0,255,0,6,4,0,0,0,1,1,1,34
1858309139,1858301041,1200.0,0.588899,0.0209993,1.05897,0.0,255,0,6,4,0,0,0,1,1,1,34
1859309184,1859301992,1200.0,0.588899,0.0207821,1.09254,0.0,255,0,6,4,0,0,0,1,1,1,34
1860311298,1859301992,1200.0,0.588899,0.0209322,1.02867,0.0,255,0,6,4,0,0,0,1,1,1,34
1860395337,1860390053,1200.0,0.588899,0.0209322,1.02867,0.0,255,0,6,4,0,0,0,1,1,1,34
1861296063,1861295244,1200.0,0.588899,0.0208481,1.14863,0.0,255,0,6,4,0,0,0,1,1,1,34
1862301223,1862299984,1200.0,0.588899,0.0208141,0.943574,0.0,255,0,6,4,0,0,0,1,1,1,34
1863305025,1862299984,1200.0,0.588899,0.0465904,1.22225,0.0,255,0,6,4,0,0,0,1,1,1,34
1863374679,1863373967,1200.0,0.588899,0.0465904,1.22225,0.0,255,0,6,4,0,0,0,1,1,1,34
1864269070,1864267363,1200.0,0.588899,0.0209729,1.01868,0.0,255,0,6,4,0,0,0,1,1,1,34
1865271308,1864267363,1200.0,0.588899,0.0209916,1.12255,0.0,255,0,6,4,0,0,0,1,1,1,34
1865291461,1865283993,1200.0,0.588899,0.0209916,1.12255,0.0,255,0,6,4,0,0,0,1,1,1,34
1866298069,1865283993,1200.0,0.588899,0.0207849,1.15802,0.0,255,0,6,4,0,0,0,1,1,1,34
1866338063,1866333989,1200.0,0.588899,0.0207849,1.15802,0.0,255,0,6,4,0,0,0,1,1,1,34
1867346814,1867346582,1200.0,0.588899,0.0209146,1.0298,0.0,255,0,6,4,0,0,0,1,1,1,34
1868351662,1867346582,1200.0,0.588899,0.0207924,1.05348,0.0,255,0,6,4,0,0,0,1,1,1,34
1868424440,1868422525,1200.0,0.588899,0.0207924,1.05348,0.0,255,0,6,4,0,0,0,1,1,1,34
1869323387,1869322689,1200.0,0.588899,0.0208518,0.986984,0.0,255,0,6,4,0,0,0,1,1,1,34
1870329074,1869322689,1200.0,0.588899,0.0209389,1.17158,0.0,255,0,6,4,0,0,0,1,1,1,34
1870340105,1870337058,1200.0,0.588899,0.0209389,1.17158,0.0,255,0,6,4,0,0,0,1,1,1,34
1871346059,1870337058,1200.0,0.588899,0.020857,1.17792,0.0,255,0,6,4,0,0,0,1,1,1,34
1871396082,1871393312,1200.0,0.588899,0.020857,1.17792,0.0,255,0,6,4,0,0,0,1,1,1,34
1872312080,1872303410,1200.0,0.588899,0.0207871,0.942348,0.0,255,0,6,4,0,0,0,1,1,1,34
1873321059,1872303410,1200.0,0.588899,0.0469954,1.20388,0.0,255,0,6,4,0,0,0,1,1,1,34
1873332481,1873325219,1200.0,0.588899,0.0469954,1.20388,0.0,255,0,6,4,0,0,0,1,1,1,34
1874342335,1873325219,1200.0,0.588899,0.0209816,1.04808,0.0,255,0,6,4,0,0,0,1,1,1,34
1874717094,1874711278,1200.0,0.588899,0.0209816,1.04808,0.0,255,0,6,4,0,0,0,1,1,1,34
1875332169,1875326514,1200.0,0.588899,0.0208343,1.11414,0.0,255,0,6,4,0,0,0,1,1,1,34
1876325062,1876320012,1200.0,0.588899,0.0207956,1.12989,0.0,255,0,6,4,0,0,0,1,1,1,34
1877330618,1876320012,1200.0,0.588899,0.0208864,1.01747,0.0,255,0,6,4,0,0,0,1,1,1,34
1877478426,1877472485,1200.0,0.588899,0.0208864,1.01747,0.0,255,0,6,4,0,0,0,1,1,1,34
1878334517,1878327146,1200.0,0.588899,0.0208322,1.02673,0.0,255,0,6,4,0,0,0,1,1,1,34
1879311460,1879310634,1200.0,0.588899,0.0207858,1.05216,0.0,255,0,6,4,0,0,0,1,1,1,34
1880320275,1879310634,1200.0,0.588899,0.0209946,1.1747,0.0,255,0,6,4,0,0,0,1,1,1,34
1880384367,1880376815,1200.0,0.588899,0.0209946,1.1747,0.0,255,0,6,4,0,0,0,1,1,1,34
1881375356,1881374462,1200.0,0.588899,0.0208239,1.1473,0.0,255,0,6,4,0,0,0,1,1,1,34
1882301615,1882301206,1200.0,0.588899,0.0209603,0.93922,0.0,255,0,6,4,0,0,0,1,1,1,34
1883304289,1882301206,1200.0,0.588899,0.046677,1.15501,0.0,255,0,6,4,0,0,0,1,1,1,34
1883376214,1883368317,1200.0,0.588899,0.046677,1.15501,0.0,255,0,6,4,0,0,0,1,1,1,34
1884373615,1884369991,1200.0,0.588899,0.0208349,0.999085,0.0,255,0,6,4,0,0,0,1,1,1,34
1885381319,1884369991,1200.0,0.588899,0.0209624,1.14994,0.0,255,0,6,4,0,0,0,1,1,1,34
1885455296,1885451257,1200.0,0.588899,0.0209624,1.14994,0.0,255,0,6,4,0,0,0,1,1,1,34
1886347369,1886340112,1200.0,0.588899,0.020851,0.96014,0.0,255,0,6,4,0,0,0,1,1,1,34
1887349059,1886340112,1200.0,0.588899,0.0209355,1.15345,0.0,255,0,6,4,0,0,0,1,1,1,34
1887360170,1887353031,1200.0,0.588899,0.0209355,1.15345,0.0,255,0,6,4,0,0,0,1,1,1,34
1890332081,1889328263,1200.0,0.588899,0.0208137,1.13286,0.0,255,0,6,4,0,0,0,1,1,1,34
1890352176,1890348017,1200.0,0.588899,0.0208137,1.13286,0.0,255,0,6,4,0,0,0,1,1,1,34
1891360931,1890348017,1200.0,0.588899,0.0209865,1.0883,0.0,255,0,6,4,0,0,0,1,1,1,34
1891405049,1891401085,1200.0,0.588899,0.0209865,1.0883,0.0,255,0,6,4,0,0,0,1,1,1,34
1892355308,1892346047,1200.0,0.588899,0.020868,1.03446,0.0,255,0,6,4,0,0,0,1,1,1,34
1893344340,1893339388,1200.0,0.588899,0.0466499,1.27642,0.0,255,0,6,4,0,0,0,1,1,1,34
1894351716,1893339388,1200.0,0.588899,0.0209017,0.894792,0.0,255,0,6,4,0,0,0,1,1,1,34
1894950465,1894948008,1200.0,0.588899,0.0209017,0.894792,0.0,255,0,6,4,0,0,0,1,1,1,34
1895339340,1895332990,1200.0,0.588899,0.0208376,1.12126,0.0,255,0,6,4,0,0,0,1,1,1,34
1896327381,1896322408,1200.0,0.588899,0.0208955,0.976119,0.0,255,0,6,4,0,0,0,1,1,1,34
1897334761,1896322408,1200.0,0.588899,0.0208569,1.23552,0.0,255,0,6,4,0,0,0,1,1,1,34
1897386036,1897385785,1200.0,0.588899,0.0208569,1.23552,0.0,255,0,6,4,0,0,0,1,1,1,34
1898393321,1897385785,1200.0,0.588899,0.0208927,1.11129,0.0,255,0,6,4,0,0,0,1,1,1,34
1898404857,1898397986,1200.0,0.588899,0.0208927,1.11129,0.0,255,0,6,4,0,0,0,1,1,1,34
1899411267,1898397986,1200.0,0.588899,0.0208691,1.01463,0.0,255,0,6,4,0,0,0,1,1,1,34
1899465783,1899465243,1200.0,0.588899,0.0208691,1.01463,0.0,255,0,6,4,0,0,0,1,1,1,34
1900375389,1900375249,1200.0,0.588899,0.0207977,1.10327,0.0,255,0,6,4,0,0,0,1,1,1,34
1901383314,1900375249,1200.0,0.588899,0.0209224,1.12682,0.0,255,0,6,4,0,0,0,1,1,1,34
1901393059,1901387240,1200.0,0.588899,0.0209224,1.12682,0.0,255,0,6,4,0,0,0,1,1,1,34
1902400376,1901387240,1200.0,0.588899,0.0209612,1.0261,0.0,255,0,6,4,0,0,0,1,1,1,34
1902452517,1902448862,1200.0,0.588899,0.0209612,1.0261,0.0,255,0,6,4,0,0,0,1,1,1,34
1903354732,1903351240,1200.0,0.588899,0.0468855,1.08036,0.0,255,0,6,4,0,0,0,1,1,1,34
1904362125,1903351240,1200.0,0.588899,0.0209723,1.07358,0.0,255,0,6,4,0,0,0,1,1,1,34
1904564957,1904558022,1200.0,0.588899,0.0209723,1.07358,0.0,255,0,6,4,0,0,0,1,1,1,34
1905451611,1905450037,1200.0,0.588899,0.0208635,1.14948,0.0,255,0,6,4,0,0,0,1,1,1,34
1906364224,1906353986,1200.0,0.588899,0.0209344,0.949026,0.0,255,0,6,4,0,0,0,1,1,1,34
1907365040,1906353986,1200.0,0.588899,0.020979,1.27173,0.0,255,0,6,4,0,0,0,1,1,1,34
1907375354,1907367271,1200.0,0.588899,0.020979,1.27173,0.0,255,0,6,4,0,0,0,1,1,1,34
1908292215,1908287147,1200.0,0.588899,0.0208902,0.988802,0.0,255,0,6,4,0,0,0,1,1,1,34
1909301059,1908287147,1200.0,0.588899,0.0208321,1.01482,0.0,255,0,6,4,0,0,0,1,1,1,34
1909352319,1909344295,1200.0,0.588899,0.0208321,1.01482,0.0,255,0,6,4,0,0,0,1,1,1,34
1910361797,1910351317,1200.0,0.588899,0.0208938,1.13523,0.0,255,0,6,4,0,0,0,1,1,1,34
1911366465,1910351317,1200.0,0.588899,0.0208048,0.984759,0.0,255,0,6,4,0,0,0,1,1,1,34
1911406498,1911404154,1200.0,0.588899,0.0208048,0.984759,0.0,255,0,6,4,0,0,0,1,1,1,34
1912347347,1912344975,1200.0,0.588899,0.0208034,1.11447,0.0,255,0,6,4,0,0,0,1,1,1,34
1913353059,1913345987,1200.0,0.588899,0.0464992,1.11103,0.0,255,0,6,4,0,0,0,1,1,1,34
1914358052,1913345987,1200.0,0.588899,0.0208333,1.0248,0.0,255,0,6,4,0,0,0,1,1,1,34
1914409690,1914406709,1200.0,0.588899,0.0208333,1.0248,0.0,255,0,6,4,0,0,0,1,1,1,34
1915342106,1915339988,1200.0,0.588899,0.0209197,1.19441,0.0,255,0,6,4,0,0,0,1,1,1,34
1916340145,1916336977,1200.0,0.588899,0.0209296,0.935854,0.0,255,0,6,4,0,0,0,1,1,1,34
1917350107,1916336977,1200.0,0.588899,0.0208169,1.21432,0.0,255,0,6,4,0,0,0,1,1,1,34
1917413157,1917409779,1200.0,0.588899,0.0208169,1.21432,0.0,255,0,6,4,0,0,0,1,1,1,34
1918351309,1918344991,1200.0,0.588899,0.0208235,1.01143,0.0,255,0,6,4,0,0,0,1,1,1,34
1919332192,1919324126,1200.0,0.588899,0.0209003,1.10473,0.0,255,0,6,4,0,0,0,1,1,1,34
1920337073,1919324126,1200.0,0.588899,0.0209104,1.13713,0.0,255,0,6,4,0,0,0,1,1,1,34
1920388502,1920380993,1200.0,0.588899,0.0209104,1.13713,0.0,255,0,6,4,0,0,0,1,1,1,34
1921398870,1921390123,1200.0,0.588899,0.0208838,1.01535,0.0,255,0,6,4,0,0,0,1,1,1,34
1922321242,1922321015,1200.0,0.588899,0.0209194,1.04298,0.0,255,0,6,4,0,0,0,1,1,1,34
1923327503,1922321015,1200.0,0.588899,0.0469965,1.07292,0.0,255,0,6,4,0,0,0,1,1,1,34
1923370625,1923364168,1200.0,0.588899,0.0469965,1.07292,0.0,255,0,6,4,0,0,0,1,1,1,34
1924372907,1923364168,1200.0,0.588899,0.0209786,1.1738,0.0,255,0,6,4,0,0,0,1,1,1,34
1925375340,1923364168,1200.0,0.588899,0.0,1.15242,0.0,255,0,6,4,0,0,0,1,1,1,34
1926377059,1923364168,1200.0,0.588899,0.0,0.938137,0.0,255,0,6,4,0,0,0,1,1,1,34
1926387456,1926384242,1200.0,0.588899,0.0,0.938137,0.0,255,0,6,4,0,0,0,1,1,1,34
1926397105,1926394545,1200.0,0.588899,0.0,0.938137,0.0,255,0,6,4,0,0,0,1,1,1,34
1927380059,1927375549,1200.0,0.588899,0.0419949,1.18486,0.0,255,0,6,4,0,0,0,1,1,1,34
1928289248,1928288989,1200.0,0.588899,0.0209073,1.04835,0.0,255,0,6,4,0,0,0,1,1,1,34
1929292971,1928288989,1200.0,0.588899,0.0209508,1.11937,0.0,255,0,6,4,0,0,0,1,1,1,34
1929346498,1929346000,1200.0,0.588899,0.0209508,1.11937,0.0,255,0,6,4,0,0,0,1,1,1,34
1930347334,1929346000,1200.0,0.588899,0.0207917,0.997012,0.0,255,0,6,4,0,0,0,1,1,1,34
1930491427,1930484968,1200.0,0.588899,0.0207917,0.997012,0.0,255,0,6,4,0,0,0,1,1,1,34
1931424837,1931421181,1200.0,0.588899,0.0208637,1.15148,0.0,255,0,6,4,0,0,0,1,1,1,34
1932347460,1932342062,1200.0,0.588899,0.0208469,1.08007,0.0,255,0,6,4,0,0,0,1,1,1,34
1933358834,1933353602,1200.0,0.588899,0.0465707,0.939341,0.0,255,0,6,4,0,0,0,1,1,1,34
1934367642,1933353602,1200.0,0.588899,0.0209826,1.203,0.0,255,0,6,4,0,0,0,1,1,1,34
1934447426,1934445974,1200.0,0.588899,0.0209826,1.203,0.0,255,0,6,4,0,0,0,1,1,1,34
1935350345,1935345271,1200.0,0.588899,0.020977,1.15573,0.0,255,0,6,4,0,0,0,1,1,1,34
1936353802,1936344937,1200.0,0.588899,0.0209187,0.89751,0.0,255,0,6,4,0,0,0,1,1,1,34
1937363416,1936344937,1200.0,0.588899,0.0209834,1.22203,0.0,255,0,6,4,0,0,0,1,1,1,34
1937414486,1937407400,1200.0,0.588899,0.0209834,1.22203,0.0,255,0,6,4,0,0,0,1,1,1,34
1938421059,1938416325,1200.0,0.588899,0.0208142,0.943577,0.0,255,0,6,4,0,0,0,1,1,1,34
1939333551,1939332994,1200.0,0.588899,0.0209551,1.15652,0.0,255,0,6,4,0,0,0,1,1,1,34
1940335502,1939332994,1200.0,0.588899,0.02095,0.935765,0.0,255,0,6,4,0,0,0,1,1,1,34
1940419446,1940413039,1200.0,0.588899,0.02095,0.935765,0.0,255,0,6,4,0,0,0,1,1,1,34
1941404495,1941396426,1200.0,0.588899,0.0208583,1.24852,0.0,255,0,6,4,0,0,0,1,1,1,34
1942323509,1942320996,1200.0,0.588899,0.0209387,1.10078,0.0,255,0,6,4,0,0,0,1,1,1,34
1943330390,1942320996,1200.0,0.588899,0.0466666,1.04752,0.0,255,0,6,4,0,0,0,1,1,1,34
1943374011,1943373766,1200.0,0.588899,0.0466666,1.04752,0.0,255,0,6,4,0,0,0,1,1,1,34
1944377215,1943373766,1200.0,0.588899,0.0367911,1.08086,0.0,255,0,6,4,0,0,0,1,1,1,34
1944399383,1944391242,1200.0,0.588899,0.0367911,1.08086,0.0,255,0,6,4,0,0,0,1,1,1,34
1945317942,1945311297,1200.0,0.588899,0.0367911,1.08086,0.0,255,0,6,4,0,0,0,1,1,1,34
1946326059,1945311297,1200.0,0.588899,0.0419386,1.11637,0.0,255,0,6,4,0,0,0,1,1,1,34
1946389714,1946384156,1200.0,0.588899,0.0,1.03187,0.0,255,0,6,4,0,0,0,1,1,1,34
1947376121,1947375318,1200.0,0.588899,0.0207806,1.25178,0.0,255,0,6,4,0,0,0,1,1,1,34
1948378420,1947375318,1200.0,0.588899,0.0208057,0.930314,0.0,255,0,6,4,0,0,0,1,1,1,34
1948430911,1948428992,1200.0,0.588899,0.0208057,0.930314,0.0,255,0,6,4,0,0,0,1,1,1,34
1949371407,1949367525,1200.0,0.588899,0.0208961,1.1264,0.0,255,0,6,4,0,0,0,1,1,1,34
1950381632,1950369989,1200.0,0.588899,0.0257936,0.979167,0.0,255,0,6,4,0,0,0,1,1,1,34
1951390554,1950369989,1200.0,0.588899,0.0158384,1.30766,0.0,255,0,6,4,0,0,0,1,1,1,34
1951422792,1951420051,1200.0,0.588899,0.0158384,1.30766,0.0,255,0,6,4,0,0,0,1,1,1,34
1952386606,1952380997,1200.0,0.588899,0.04171,1.08446,0.0,255,0,6,4,0,0,0,1,1,1,34
1953367558,1953360030,1200.0,0.588899,0.04171,1.08446,0.0,255,0,6,4,0,0,0,1,1,1,34
1954376940,1953360030,1200.0,0.588899,0.0468975,0.994826,0.0,255,0,6,4,0,0,0,1,1,1,34
1954513071,1954510617,1200.0,0.588899,0.0,1.14612,0.0,255,0,6,4,0,0,0,1,1,1,34
1955329979,1955327243,1200.0,0.588899,0.0,1.14612,0.0,255,0,6,4,0,0,0,1,1,1,34
1956330779,1955327243,1200.0,0.588899,0.0416968,1.17247,0.0,255,0,6,4,0,0,0,1,1,1,34
1956351708,1956348990,1200.0,0.588899,0.0416968,1.17247,0.0,255,0,6,4,0,0,0,1,1,1,34
1957360461,1956348990,1200.0,0.588899,0.0208534,1.0248,0.0,255,0,6,4,0,0,0,1,1,1,34
1957424873,1957421989,1200.0,0.588899,0.0,1.31087,0.0,255,0,6,4,0,0,0,1,1,1,34
1958325935,1958323332,1200.0,0.588899,0.0,1.31087,0.0,255,0,6,4,0,0,0,1,1,1,34
1959330548,1958323332,1200.0,0.588899,0.0416617,1.23597,0.0,255,0,6,4,0,0,0,1,1,1,34
1959340045,1959334674,1200.0,0.588899,0.0416617,1.23597,0.0,255,0,6,4,0,0,0,1,1,1,34
1960343596,1959334674,1200.0,0.588899,0.0209332,1.37162,0.0,255,0,6,4,0,0,0,1,1,1,34
1960404397,1960399452,1200.0,0.588899,0.0209332,1.37162,0.0,255,0,6,4,0,0,0,1,1,1,34
1961412879,1961409292,1200.0,0.588899,0.0209521,1.04062,0.0,255,0,6,4,0,0,0,1,1,1,34
1962330625,1962329788,1200.0,0.588899,0.0208493,1.47335,0.0,255,0,6,4,0,0,0,1,1,1,34
1963332089,1962329788,1200.0,0.588899,0.0209555,1.23238,0.0,255,0,6,4,0,0,0,1,1,1,34
1963376225,1963365083,1200.0,0.588899,0.0209555,1.23238,0.0,255,0,6,4,0,0,0,1,1,1,34
1964378124,1963365083,1200.0,0.588899,0.0468421,1.06342,0.0,255,0,6,4,0,0,0,1,1,1,34
1964553291,1964549976,1200.0,0.588899,0.0,1.31727,0.0,255,0,6,4,0,0,0,1,1,1,34
1965321204,1965317990,1200.0,0.588899,0.0,1.31727,0.0,255,0,6,4,0,0,0,1,1,1,34
1966323393,1965317990,1200.0,0.588899,0.0418096,1.12488,0.0,255,0,6,4,0,0,0,1,1,1,34
1966363570,1966363328,1200.0,0.588899,0.0418096,1.12488,0.0,255,0,6,4,0,0,0,1,1,1,34
1967313110,1967309068,1200.0,0.588899,0.0208012,1.20647,0.0,255,0,6,4,0,0,0,1,1,1,34
1968309575,1968307444,1200.0,0.588899,0.020863,1.22595,0.0,255,0,6,4,0,0,0,1,1,1,34
1969315396,1968307444,1200.0,0.588899,0.0208996,1.26492,0.0,255,0,6,4,0,0,0,1,1,1,34
1969378466,1969369860,1200.0,0.588899,0.0208996,1.26492,0.0,255,0,6,4,0,0,0,1,1,1,34
1970383282,1970377769,1200.0,0.588899,0.0209718,1.46803,0.0,255,0,6,4,0,0,0,1,1,1,34
1971384303,1970377769,1200.0,0.588899,0.0209015,0.980381,0.0,255,0,6,4,0,0,0,1,1,1,34
1971449237,1971446026,1200.0,0.588899,0.0209015,0.980381,0.0,255,0,6,4,0,0,0,1,1,1,34
1972369821,1972368998,1200.0,0.588899,0.0208966,1.32246,0.0,255,0,6,4,0,0,0,1,1,1,34
1973375288,1973367299,1200.0,0.588899,0.0208955,1.16716,0.0,255,0,6,4,0,0,0,1,1,1,34
1974382542,1973367299,1200.0,0.588899,0.0467816,1.33974,0.0,255,0,6,4,0,0,0,1,1,1,34
1974432321,1974432101,1200.0,0.588899,0.0467816,1.33974,0.0,255,0,6,4,0,0,0,1,1,1,34
1975328155,1975325094,1200.0,0.588899,0.0208347,1.45446,0.0,255,0,6,4,0,0,0,1,1,1,34
1976337801,1975325094,1200.0,0.588899,0.0208836,1.0402,0.0,255,0,6,4,0,0,0,1,1,1,34
1976358045,1976353577,1200.0,0.588899,0.0208836,1.0402,0.0,255,0,6,4,0,0,0,1,1,1,34
1977369088,1976353577,1200.0,0.588899,0.0209355,1.40168,0.0,255,0,6,4,0,0,0,1,1,1,34
1977411296,1977407272,1200.0,0.588899,0.0209355,1.40168,0.0,255,0,6,4,0,0,0,1,1,1,34
1978324190,1978321847,1200.0,0.588899,0.0209837,1.08016,0.0,255,0,6,4,0,0,0,1,1,1,34
1979330045,1978321847,1200.0,0.588899,0.0208964,1.58216,0.0,255,0,6,4,0,0,0,1,1,1,34
1979352119,1979347372,1200.0,0.588899,0.0208964,1.58216,0.0,255,0,6,4,0,0,0,1,1,1,34
1980358021,1979347372,1200.0,0.588899,0.0209275,1.22974,0.0,255,0,6,4,0,0,0,1,1,1,34
1980401177,1980395289,1200.0,0.588899,0.0209275,1.22974,0.0,255,0,6,4,0,0,0,1,1,1,34
1981347333,1981340005,1200.0,0.588899,0.020952,1.10946,0.0,255,0,6,4,0,0,0,1,1,1,34
1982339304,1982336982,1200.0,0.588899,0.0209044,1.30005,0.0,255,0,6,4,0,0,0,1,1,1,34
1983341045,1982336982,1200.0,0.588899,0.0208107,1.24567,0.0,255,0,6,4,0,0,0,1,1,1,34
1983394783,1983385987,1200.0,0.588899,0.0208107,1.24567,0.0,255,0,6,4,0,0,0,1,1,1,34
1984402071,1983385987,1200.0,0.588899,0.0465269,1.22059,0.0,255,0,6,4,0,0,0,1,1,1,34
1985409011,1983385987,1200.0,0.588899,0.0,1.27879,0.0,255,0,6,4,0,0,0,1,1,1,34
1985450544,1985447390,1200.0,0.588899,0.0,1.27879,0.0,255,0,6,4,0,0,0,1,1,1,34
1985460092,1985453055,1200.0,0.588899,0.0,1.27879,0.0,255,0,6,4,0,0,0,1,1,1,34
1986380301,1986378079,1200.0,0.588899,0.0419222,1.16783,0.0,255,0,6,4,0,0,0,1,1,1,34
1987352340,1987344310,1200.0,0.588899,0.020967,1.272,0.0,255,0,6,4,0,0,0,1,1,1,34
1988318054,1988315426,1200.0,0.588899,0.0208094,1.28424,0.0,255,0,6,4,0,0,0,1,1,1,34
1989327599,1988315426,1200.0,0.588899,0.0208781,1.73685,0.0,255,0,6,4,0,0,0,1,1,1,34
1989401172,1989395466,1200.0,0.588899,0.0208781,1.73685,0.0,255,0,6,4,0,0,0,1,1,1,34
1990382045,1990376968,1200.0,0.588899,0.0208955,1.37512,0.0,255,0,6,4,0,0,0,1,1,1,34
1991301850,1991301283,1200.0,0.588899,0.0208875,1.16771,0.0,255,0,6,4,0,0,0,1,1,1,34
1992306585,1991301283,1200.0,0.588899,0.0208194,1.3255,0.0,255,0,6,4,0,0,0,1,1,1,34
1992380243,1992376142,1200.0,0.588899,0.0208194,1.3255,0.0,255,0,6,4,0,0,0,1,1,1,34
1993377045,1993375314,1200.0,0.588899,0.0209293,1.13317,0.0,255,0,6,4,0,0,0,1,1,1,34
1994377632,1993375314,1200.0,0.588899,0.0469623,1.22402,0.0,255,0,6,4,0,0,0,1,1,1,34
1995379295,1993375314,1200.0,0.588899,0.0,1.11076,0.0,255,0,6,4,0,0,0,1,1,1,34
1996368242,1996363271,1200.0,0.588899,0.0,1.32741,0.0,255,0,6,4,0,0,0,1,1,1,34
1996378893,1996375461,1200.0,0.588899,0.0,1.32741,0.0,255,0,6,4,0,0,0,1,1,1,34
1997380076,1996375461,1200.0,0.588899,0.0416306,1.32821,0.0,255,0,6,4,0,0,0,1,1,1,34
1997422045,1997415456,1200.0,0.588899,0.0416306,1.32821,0.0,255,0,6,4,0,0,0,1,1,1,34
1998364941,1998357993,1200.0,0.588899,0.0208127,0.995045,0.0,255,0,6,4,0,0,0,1,1,1,34
1999355378,1999355174,1200.0,0.588899,0.0208907,1.34098,0.0,255,0,6,4,0,0,0,1,1,1,34
2000355429,1999355174,1200.0,0.588899,0.020907,1.12898,0.0,255,0,6,4,0,0,0,1,1,1,34
2000429045,2000426488,1200.0,0.588899,0.020907,1.12898,0.0,255,0,6,4,0,0,0,1,1,1,34
2001430400,2001425037,1200.0,0.588899,0.0208857,1.3158,0.0,255,0,6,4,0,0,0,1,1,1,34
2002293853,2002293090,1200.0,0.588899,0.0209172,1.44727,0.0,255,0,6,4,0,0,0,1,1,1,34
2003301139,2002293090,1200.0,0.588899,0.0209358,1.16443,0.0,255,0,6,4,0,0,0,1,1,1,34
2003403387,2003403269,1200.0,0.588899,0.0209358,1.16443,0.0,255,0,6,4,0,0,0,1,1,1,34
2004312143,2004305022,1200.0,0.588899,0.0467745,1.17732,0.0,255,0,6,4,0,0,0,1,1,1,34
2007340130,2007331291,1200.0,0.588899,0.0209853,1.30808,0.0,255,0,6,4,0,0,0,1,1,1,34
2008330568,2008319381,1200.0,0.588899,0.0207972,0.892301,0.0,255,0,6,4,0,0,0,1,1,1,34
2009336345,2008319381,1200.0,0.588899,0.0207638,1.35954,0.0,255,0,6,4,0,0,0,1,1,1,34
2009410099,2009402061,1200.0,0.588899,0.0207638,1.35954,0.0,255,0,6,4,0,0,0,1,1,1,34
2010392334,2010388122,1200.0,0.588899,0.0208835,1.04219,0.0,255,0,6,4,0,0,0,1,1,1,34
2011310034,2011308900,1200.0,0.588899,0.0208724,1.35273,0.0,255,0,6,4,0,0,0,1,1,1,34
2012319646,2011308900,1200.0,0.588899,0.0209814,1.17896,0.0,255,0,6,4,0,0,0,1,1,1,34
2012404450,2012401558,1200.0,0.588899,0.0209814,1.17896,0.0,255,0,6,4,0,0,0,1,1,1,34
2013282122,2013273985,1200.0,0.588899,0.0465566,1.22038,0.0,255,0,6,4,0,0,0,1,1,1,34
2014283216,2013273985,1200.0,0.588899,0.02083,1.24782,0.0,255,0,6,4,0,0,0,1,1,1,34
2014305284,2014304989,1200.0,0.588899,0.02083,1.24782,0.0,255,0,6,4,0,0,0,1,1,1,34
2015315353,2014304989,1200.0,0.588899,0.0209193,1.08183,0.0,255,0,6,4,0,0,0,1,1,1,34
2015368180,2015360338,1200.0,0.588899,0.0209193,1.08183,0.0,255,0,6,4,0,0,0,1,1,1,34
2016373220,2015360338,1200.0,0.588899,0.0207945,1.27144,0.0,255,0,6,4,0,0,0,1,1,1,34
2016385692,2016377210,1200.0,0.588899,0.0207945,1.27144,0.0,255,0,6,4,0,0,0,1,1,1,34
2017387403,2016377210,1200.0,0.588899,0.0209558,1.34317,0.0,255,0,6,4,0,0,0,1,1,1,34
2017429951,2017427162,1200.0,0.588899,0.0209558,1.34317,0.0,255,0,6,4,0,0,0,1,1,1,34
2018338806,2018336081,1200.0,0.588899,0.0208119,1.07033,0.0,255,0,6,4,0,0,0,1,1,1,34
2019343343,2018336081,1200.0,0.588899,0.0208959,1.41197,0.0,255,0,6,4,0,0,0,1,1,1,34
2019366096,2019357025,1200.0,0.588899,0.0208959,1.41197,0.0,255,0,6,4,0,0,0,1,1,1,34
2020278822,2020278551,1200.0,0.588899,0.0209554,1.0328,0.0,255,0,6,4,0,0,0,1,1,1,34
2021285048,2020278551,1200.0,0.588899,0.0208464,1.22001,0.0,255,0,6,4,0,0,0,1,1,1,34
2021363298,2021356456,1200.0,0.588899,0.0208464,1.22001,0.0,255,0,6,4,0,0,0,1,1,1,34
2022357107,2022355984,1200.0,0.588899,0.0209519,1.03263,0.0,255,0,6,4,0,0,0,1,1,1,34
2023357306,2022355984,1200.0,0.588899,0.02098,1.50756,0.0,255,0,6,4,0,0,0,1,1,1,34
2023441639,2023433033,1200.0,0.588899,0.02098,1.50756,0.0,255,0,6,4,0,0,0,1,1,1,34
2024443179,2023433033,1200.0,0.588899,0.0465735,1.25947,0.0,255,0,6,4,0,0,0,1,1,1,34
2024569871,2024566808,1200.0,0.588899,0.0465735,1.25947,0.0,255,0,6,4,0,0,0,1,1,1,34
2025346124,2025344248,1200.0,0.588899,0.0209265,1.06925,0.0,255,0,6,4,0,0,0,1,1,1,34
2026355410,2025344248,1200.0,0.588899,0.0208706,1.2582,0.0,255,0,6,4,0,0,0,1,1,1,34
2026426912,2026413068,1200.0,0.588899,0.0208706,1.2582,0.0,255,0,6,4,0,0,0,1,1,1,34
2027329786,2027321617,1200.0,0.588899,0.0208128,1.20516,0.0,255,0,6,4,0,0,0,1,1,1,34
2028336990,2028333574,1200.0,0.588899,0.0208059,1.22854,0.0,255,0,6,4,0,0,0,1,1,1,34
2029340188,2028333574,1200.0,0.588899,0.0209066,1.19466,0.0,255,0,6,4,0,0,0,1,1,1,34
2029417045,2029411337,1200.0,0.588899,0.0209066,1.19466,0.0,255,0,6,4,0,0,0,1,1,1,34
2030341304,2030336999,1200.0,0.588899,0.0209723,1.17145,0.0,255,0,6,4,0,0,0,1,1,1,34
2031322112,2031321994,1200.0,0.588899,0.0209943,1.30865,0.0,255,0,6,4,0,0,0,1,1,1,34
2032323222,2031321994,1200.0,0.588899,0.0208706,0.994832,0.0,255,0,6,4,0,0,0,1,1,1,34
2032388410,2032387722,1200.0,0.588899,0.0208706,0.994832,0.0,255,0,6,4,0,0,0,1,1,1,34
2033306557,2033306122,1200.0,0.588899,0.0466894,1.52883,0.0,255,0,6,4,0,0,0,1,1,1,34
2034312439,2034306077,1200.0,0.588899,0.0208164,1.1905,0.0,255,0,6,4,0,0,0,1,1,1,34
2035315712,2034306077,1200.0,0.588899,0.0209232,1.05513,0.0,255,0,6,4,0,0,0,1,1,1,34
2035367271,2035363258,1200.0,0.588899,0.0209232,1.05513,0.0,255,0,6,4,0,0,0,1,1,1,34
2036320046,2036311153,1200.0,0.588899,0.0208456,1.2825,0.0,255,0,6,4,0,0,0,1,1,1,34
2037308369,2037300991,1200.0,0.588899,0.0207883,1.15524,0.0,255,0,6,4,0,0,0,1,1,1,34
2038310342,2037300991,1200.0,0.588899,0.020862,1.22689,0.0,255,0,6,4,0,0,0,1,1,1,34
2038377671,2038374436,1200.0,0.588899,0.020862,1.22689,0.0,255,0,6,4,0,0,0,1,1,1,34
2039378455,2039372464,1200.0,0.588899,0.0209563,1.29331,0.0,255,0,6,4,0,0,0,1,1,1,34
2040385045,2039372464,1200.0,0.588899,0.0208929,1.12324,0.0,255,0,6,4,0,0,0,1,1,1,34
2040427602,2040420194,1200.0,0.588899,0.0208929,1.12324,0.0,255,0,6,4,0,0,0,1,1,1,34
2041381298,2041373976,1200.0,0.588899,0.0208571,1.34379,0.0,255,0,6,4,0,0,0,1,1,1,34
2042315209,2042306035,1200.0,0.588899,0.0209339,0.987881,0.0,255,0,6,4,0,0,0,1,1,1,34
2043315216,2042306035,1200.0,0.588899,0.0466506,1.38562,0.0,255,0,6,4,0,0,0,1,1,1,34
2043420045,2043416073,1200.0,0.588899,0.0466506,1.38562,0.0,255,0,6,4,0,0,0,1,1,1,34
2044426671,2044424440,1200.0,0.588899,0.0207953,1.17048,0.0,255,0,6,4,0,0,0,1,1,1,34
2045361030,2045353113,1200.0,0.588899,0.0209018,1.25809,0.0,255,0,6,4,0,0,0,1,1,1,34
2046365802,2045353113,1200.0,0.588899,0.0208055,1.40982,0.0,255,0,6,4,0,0,0,1,1,1,34
2046470484,2046469861,1200.0,0.588899,0.0208055,1.40982,0.0,255,0,6,4,0,0,0,1,1,1,34
2047383715,2047376022,1200.0,0.588899,0.0207935,1.19018,0.0,255,0,6,4,0,0,0,1,1,1,34
2048348130,2048339996,1200.0,0.588899,0.0209702,1.17932,0.0,255,0,6,4,0,0,0,1,1,1,34
2049353797,2048339996,1200.0,0.588899,0.0208879,1.10507,0.0,255,0,6,4,0,0,0,1,1,1,34
2049427456,2049427208,1200.0,0.588899,0.0208879,1.10507,0.0,255,0,6,4,0,0,0,1,1,1,34
2050324246,2050319330,1200.0,0.588899,0.020815,1.34802,0.0,255,0,6,4,0,0,0,1,1,1,34
2051333201,2051330512,1200.0,0.588899,0.0208591,1.33796,0.0,255,0,6,4,0,0,0,1,1,1,34
2052336508,2051330512,1200.0,0.588899,0.0647691,1.10905,0.0,255,0,6,4,0,0,0,1,1,1,34
2052421049,2052412339,1200.0,0.588899,0.0647691,1.10905,0.0,255,0,6,4,0,0,0,1,1,1,34
