timestamp,altitude_sp,altitude_filtered,height_rate_setpoint,height_rate,airspeed_sp,airspeed_filtered,airspeed_derivative_sp,airspeed_derivative,total_energy_error,energy_distribution_error,total_energy_rate_error,energy_distribution_rate_error,throttle_integ,pitch_integ,mode
1957231418,170.095,170.095,-0.000518799,0.0,16.8551,11.4984,0.107133,0.937199,75.9341,-75.946,-1.90991,9.53937,0.013827,-7.5946,0
1957421007,170.384,170.731,2.10576,2.8636,14.8201,10.968,0.077042,-0.13821,46.265,-53.0736,-13.6639,-9.7928,0.0154978,-8.60472,0
1957637286,171.155,171.177,3.35638,1.41405,14.8247,10.2508,0.0914775,0.713537,57.1304,-57.5615,6.42167,25.4244,0.0175469,-9.82232,0
1957831223,172.006,171.478,3.56451,1.62091,14.8262,9.87765,0.0989703,1.80995,66.2956,-55.9515,6.52691,35.9607,0.0197704,-10.9342,0
1958024494,172.923,171.94,4.00732,2.86413,14.8241,10.2082,0.0923167,2.56764,67.4086,-48.1361,-6.72566,36.4795,0.0221585,-11.9414,0
1958241241,173.986,172.742,4.01161,3.79476,14.8248,11.1831,0.072835,2.33428,59.556,-35.1582,-19.5383,27.4164,0.0246621,-12.8306,0
1958434060,174.943,173.572,3.99209,4.64886,14.8244,11.9576,0.0573355,1.85698,51.8337,-24.9442,-23.616,15.0787,0.0265986,-13.3937,0
1958630555,175.91,174.641,4.13757,5.46062,14.8268,12.4595,0.0473462,1.34684,44.7422,-19.8531,-30.7416,3.21635,0.0282974,-13.8172,0
1958848477,177.002,175.893,3.94291,5.7109,14.8244,12.8847,0.0387943,0.798669,37.7463,-16.0015,-28.0051,-7.54725,0.0299213,-14.2019,0
1959040940,177.97,177.1,4.07163,6.76955,14.8272,13.126,0.0340241,0.473255,32.3155,-15.2388,-28.8022,-20.6922,0.0311185,-14.485,0
1959229592,178.927,178.439,4.05285,7.22449,14.8287,12.627,0.0440326,0.115519,35.0093,-25.438,-32.1758,-30.2005,0.0322754,-14.8747,0
1959447698,180.006,179.941,4.01871,6.47984,14.8278,12.6906,0.0427447,-0.302673,30.0442,-28.7693,-24.8444,-28.519,0.0335786,-15.4886,0
1959640318,180.969,181.215,3.98236,6.59402,14.8304,13.2769,0.031071,-0.578333,19.4231,-24.243,-19.8188,-33.7027,0.0344295,-15.9962,0
1959857293,182.054,182.589,3.93115,6.23054,14.8305,14.0215,0.0161797,-0.798422,6.42353,-16.9172,-13.882,-33.9712,0.0349134,-16.4372,0
1960046036,183.007,183.691,4.02241,5.86344,14.8333,14.3927,0.00881207,-0.83384,-0.261421,-13.1385,-8.26913,-30.1824,0.0349829,-16.7032,0
1960263404,184.087,184.874,3.8144,5.37829,14.8335,14.412,0.00843121,-0.892671,-1.55815,-13.887,-3.3817,-28.3233,0.0349316,-16.9949,0
1960452138,184.893,185.877,2.70556,5.42093,14.8315,14.3797,0.0090353,-0.870722,-3.05135,-16.2479,-9.22668,-39.2794,0.0348627,-17.2767,0
1960669736,185.287,186.943,0.825193,4.42967,14.8317,14.3954,0.00872749,-1.21122,-9.85422,-22.6082,-18.6815,-52.9094,0.0346027,-17.7075,0
1960863280,185.429,187.673,0.274594,3.5424,14.8325,14.1429,0.0137921,-1.46783,-12.0153,-31.9969,-13.7955,-53.0006,0.0341894,-18.2355,0
1961055376,185.49,188.222,0.033172,2.45864,14.834,13.4118,0.0284433,-1.28752,-6.70284,-46.873,-8.74101,-41.4352,0.0338586,-19.0074,0
1961272139,185.519,188.563,-0.085987,0.618823,14.8337,12.4209,0.0482564,-0.705371,3.02181,-62.7385,-1.93434,-16.2726,0.0338021,-20.2237,0
1961466695,185.529,188.52,-0.122031,-0.554961,14.8358,11.7901,0.0609151,-0.0630831,11.212,-69.8839,4.65657,2.78365,0.0340807,-21.5338,0
1961681745,185.534,188.382,-0.131241,-0.322353,14.8333,11.5837,0.0649913,0.654874,14.9851,-70.8586,-0.503708,8.7072,0.0346093,-23.0498,0
1961870826,185.535,188.342,-0.13575,-0.139095,14.8338,11.7041,0.062593,1.1053,14.0046,-69.0498,-9.11442,12.2368,0.0351261,-24.3796,0
1962088819,185.536,188.327,-0.137353,0.193394,14.8341,12.4811,0.0470595,1.35503,4.76676,-59.505,-15.6332,13.0813,0.0355017,-25.78,0
1962281781,185.536,188.352,-0.139808,0.0973413,14.8302,13.3983,0.0286395,1.30345,-7.4047,-47.8271,-19.2051,14.7546,0.0354326,-26.8042,0
1962494581,185.537,188.391,-0.142212,0.310947,14.8351,14.2605,0.0114917,1.09089,-19.633,-36.3508,-19.9691,10.9488,0.0348705,-27.6777,0
1962687266,185.568,188.484,0.329751,0.742319,14.831,14.6255,0.00410894,0.860054,-25.5715,-31.6233,-19.1425,8.47274,0.0340509,-28.3204,0
1962900828,185.774,188.636,0.769834,0.874603,14.8342,14.8065,0.000552368,0.634943,-27.6636,-28.4822,-12.495,8.3657,0.0329994,-28.9558,0
1963093739,186.036,188.823,1.06873,1.16252,14.8325,14.8616,-0.000580997,0.455851,-27.757,-26.8943,-9.53264,5.86358,0.0320249,-29.4877,0
1963286639,186.341,189.059,1.12937,1.55861,14.8321,14.8358,-7.50542e-05,0.333315,-26.7107,-26.5994,-8.14214,0.736713,0.0310648,-29.9974,0
1963503341,186.698,189.399,1.19789,1.64072,14.8325,14.6573,0.0035041,0.238015,-23.9127,-29.0795,-8.161,-0.90537,0.030066,-30.6003,0
1963696909,187.01,189.709,1.07785,1.51632,14.8308,14.4961,0.00669319,0.160489,-21.566,-31.3805,-8.00941,-2.07048,0.0292725,-31.1894,0
1963910005,187.364,190.008,1.12239,1.45683,14.8331,14.1136,0.0143909,0.0839672,-15.5122,-36.3406,-4.74928,-2.29778,0.0285592,-31.9114,0
1964101975,187.684,190.232,1.24419,1.0346,14.8302,13.9732,0.0171396,0.0985172,-12.6466,-37.3304,-0.296135,3.19254,0.0280873,-32.6301,0
1964319307,188.049,190.476,1.29388,0.898586,14.8316,13.9422,0.0177885,0.152868,-11.006,-36.5983,0.470272,5.75985,0.0276145,-33.4316,0
1964513256,188.387,190.633,1.31016,0.685932,14.8304,14.1005,0.0145984,0.208363,-11.4656,-32.583,2.35975,8.85373,0.0272234,-34.1031,0
1964726452,188.772,190.908,1.27203,1.59589,14.8311,14.4835,0.00695171,0.282591,-15.8511,-26.0404,-4.5585,0.816301,0.0267122,-34.7272,0
1964918074,189.097,191.205,1.20239,1.17193,14.8308,14.7249,0.00211834,0.159291,-19.1091,-22.2395,-4.74269,2.61307,0.026065,-35.1707,0
1965110740,189.421,191.422,1.23318,1.32631,14.8297,14.6668,0.00325779,0.15551,-17.2208,-22.0255,-2.04261,1.31977,0.0254318,-35.5948,0
1965328864,189.783,191.686,1.30407,0.966612,14.8324,14.6786,0.00307724,0.148476,-16.3858,-20.9264,-0.693798,5.44356,0.0247648,-36.0642,0
1965517284,190.117,191.869,1.36418,0.79921,14.8291,14.683,0.00292198,0.179058,-15.0251,-19.3368,1.63768,8.12669,0.0242285,-36.4425,0
1965734771,190.507,191.994,1.45012,-0.199977,14.83,14.9019,-0.0014381,0.113786,-15.6479,-13.51,8.13686,17.899,0.0236286,-36.8069,0
1965926882,190.859,191.962,1.35704,0.325036,14.8298,15.0377,-0.00415789,0.144709,-13.9226,-7.71338,11.8789,12.3591,0.023121,-37.0043,0
1966120762,191.183,192.09,1.29215,1.02825,14.8307,15.2425,-0.00823587,0.256273,-15.0834,-2.69934,3.70109,6.61977,0.0225979,-37.0918,0
1966333242,191.543,192.285,1.34659,0.777082,14.8299,15.2562,-0.00852703,0.0619748,-13.6928,-0.865601,3.29682,6.66051,0.0220333,-37.1257,0
1966527639,191.844,192.47,1.16047,0.941015,14.8296,15.4899,-0.0132062,-0.196255,-16.1421,3.87817,3.3919,-0.683249,0.0215252,-37.1028,0
1966744264,192.141,192.741,0.950463,1.80126,14.831,15.9534,-0.0224471,-0.270678,-23.1656,11.3853,-0.256444,-12.3036,0.0207442,-36.9226,0
1966936926,192.384,193.031,0.996782,0.853921,14.8315,16.0731,-0.0248314,-0.393757,-25.5281,12.842,2.61578,-4.52878,0.0198564,-36.679,0
1967129909,192.671,193.116,1.21633,0.0454651,14.8281,15.4467,-0.0123732,-0.481018,-13.7265,5.0033,14.2684,4.24319,0.0191451,-36.4964,0
1967347331,192.996,193.157,1.1672,0.117179,14.827,14.6118,0.00430355,-0.382961,1.58353,-4.7511,16.1901,4.63855,0.0189883,-36.5315,0
1967540160,193.291,193.176,1.30691,0.0446872,14.8285,14.6884,0.00280079,-0.144138,3.19506,-0.938477,15.4122,10.2199,0.0190929,-36.5924,0
1967753929,193.652,193.258,1.29237,0.651904,14.8283,14.5897,0.00477055,0.207903,7.36934,0.352417,7.91188,9.24446,0.0192982,-36.5867,0
1967945807,193.973,193.412,1.31666,0.994712,14.828,14.6135,0.00428997,0.292115,8.65965,2.34448,3.14988,7.36335,0.019593,-36.5626,0
1968159974,194.34,193.657,1.35153,1.26761,14.8287,14.8373,-0.000172272,0.320414,6.56291,6.81836,-1.05479,5.5796,0.0198958,-36.465,0
1968352878,194.674,193.928,1.39452,1.17703,14.827,15.2532,-0.00852398,0.204059,0.907417,13.7277,-2.0098,5.37544,0.0200201,-36.2615,0
1968545908,195.009,194.18,1.42301,1.22503,14.8282,15.4184,-0.0118029,0.109454,-0.799004,17.0509,-0.669817,3.81112,0.0199935,-35.9464,0
1968761856,195.315,194.457,0.784211,1.16106,14.8262,15.1944,-0.00736361,0.0375553,2.88548,13.9385,-2.39022,-3.01311,0.0200372,-35.605,0
1968955323,195.428,194.654,0.346194,0.619453,14.8272,14.7531,0.00148071,0.00460421,8.6868,6.49683,-3.69866,-2.63368,0.0202402,-35.409,0
1969168342,195.48,194.68,0.160809,-0.39857,14.8275,13.9598,0.0173527,0.0996423,20.3361,-4.64075,1.83356,6.63438,0.0208321,-35.4114,0
1969362021,195.499,194.575,0.0988496,-0.621572,14.8261,13.6273,0.0239766,0.414387,26.1161,-7.99463,2.97343,12.3852,0.0216765,-35.5449,0
1969554731,195.507,194.47,0.075149,-0.408307,14.8277,13.501,0.0265338,0.805766,28.9632,-8.62012,-1.67776,15.2615,0.0226549,-35.708,0
1969772073,195.511,194.598,0.0540901,1.11271,14.8244,13.6191,0.0241071,1.2399,26.0898,-8.1947,-20.0641,6.17642,0.0237727,-35.897,0
1969964519,195.512,194.886,0.0354137,1.52159,14.8232,14.1001,0.014462,1.29873,16.5949,-4.31946,-29.0365,3.5339,0.0245059,-36.013,0
1970153684,195.513,195.247,0.0147959,1.6801,14.8237,14.5472,0.00552893,1.27612,6.66801,-1.45142,-34.1827,2.15248,0.0248817,-36.0617,0
1970374469,195.513,195.668,-0.00724483,1.71809,14.8231,14.8688,-0.000914898,1.0203,-2.19829,-0.840088,-33.9728,-1.73544,0.0249493,-36.0824,0
1970567438,195.513,195.969,-0.0227997,1.7049,14.8232,14.5783,0.00489843,0.761287,-0.871262,-8.07227,-29.1848,-5.91603,0.0248502,-36.1512,0
1970761189,195.513,196.244,-0.0365555,1.30613,14.8262,13.6534,0.0234562,0.57975,9.53082,-23.8705,-24.6798,-5.5719,0.0250329,-36.4874,0
1970977872,195.513,196.367,-0.0427216,0.200403,14.8277,13.2562,0.031429,0.596776,13.687,-30.4453,-14.0878,5.11012,0.0255188,-37.1021,0
1971170478,195.513,196.422,-0.0454666,0.495678,14.8229,13.3573,0.0293118,0.838938,11.7328,-29.5677,-14.8573,5.50758,0.0259703,-37.6822,0
1971362889,195.513,196.471,-0.0479126,0.395707,14.8224,13.4983,0.0264814,0.931585,9.3521,-28.1465,-15.8778,7.86695,0.0263475,-38.2435,0
1971576904,195.513,196.483,-0.0485138,-0.162662,14.8229,13.9367,0.0177244,0.955248,3.2285,-22.2588,-14.5506,14.1854,0.0265661,-38.7747,0
1971769729,195.513,196.397,-0.0442047,-0.0908071,14.8241,14.1188,0.0141057,0.91962,1.53644,-18.8765,-12.2856,13.2418,0.0266406,-39.163,0
1971986489,195.513,196.321,-0.0403946,-0.245225,14.8218,14.5175,0.00608503,0.868577,-3.45946,-12.3861,-10.9835,14.53,0.0266071,-39.5028,0
1972178756,195.513,196.26,-0.0373375,-0.172396,14.8226,15.0562,-0.00467178,0.84728,-10.8128,-3.8335,-11.4774,14.1516,0.0263472,-39.6508,0
1972376904,195.513,196.097,-0.0291794,-0.966644,14.8212,15.6323,-0.016222,0.6127,-18.0734,6.62744,-4.62804,19.0249,0.0258059,-39.613,0
1972593788,195.513,195.888,-0.0187622,-0.315271,14.8203,16.2031,-0.0276553,0.359175,-25.129,17.7692,-1.92263,9.1756,0.0249354,-39.3291,0
1972783344,195.513,196.027,-0.0252233,2.05476,14.8207,16.5869,-0.0353246,0.446015,-32.781,22.6921,-18.0626,-12.4137,0.0239369,-38.9323,0
1973000225,195.514,196.356,-0.0361187,0.981654,14.8196,17.0811,-0.0452312,0.00698319,-44.328,27.8173,-16.6122,-9.08906,0.0223765,-38.3802,0
1973192920,195.516,196.474,-0.0399235,-0.0563755,14.8201,17.224,-0.0480793,-0.326186,-47.9156,29.1172,-4.02405,-4.62877,0.0207306,-37.825,0
1973385844,195.518,196.446,-0.0373353,0.178049,14.8218,17.2247,-0.0480574,-0.738912,-47.6053,29.3982,7.2529,-14.0119,0.0190534,-37.258,0
1973602386,195.52,196.459,-0.0379755,-0.0230295,14.8216,17.1215,-0.0459979,-1.12274,-45.9417,27.5239,13.6751,-18.582,0.0171907,-36.6338,0
1973796282,195.522,196.449,-0.0386977,0.190787,14.8176,17.0041,-0.0437307,-1.35521,-43.8819,25.6974,18.1523,-24.551,0.0156274,-36.1286,0
1974013166,195.524,196.49,-0.0416546,-0.0904384,14.8198,17.3091,-0.0497875,-1.56747,-49.4664,30.5144,22.2949,-25.7913,0.0137908,-35.5268,0
1974205977,195.526,196.474,-0.0412971,0.261356,14.817,17.7716,-0.059091,-1.65022,-57.4431,38.8414,25.7801,-31.2448,0.0118968,-34.8468,0
1974418032,195.527,196.509,-0.0439891,0.391469,14.8186,18.2496,-0.068619,-1.75552,-66.3565,47.0989,26.7076,-35.0557,0.00948355,-33.9242,0
1974608201,195.528,196.644,-0.0514365,1.20463,14.8173,18.4213,-0.0720795,-1.67318,-70.8355,48.9558,21.6947,-41.8121,0.00708749,-32.9965,0
1974800959,195.529,196.916,-0.0647317,1.4164,14.8182,18.1483,-0.0666007,-1.62347,-68.4905,41.2892,15.666,-42.7794,0.00462204,-32.12,0
1975014029,195.531,197.23,-0.0799021,1.49076,14.819,17.0089,-0.0437978,-1.49603,-51.513,18.1865,12.8951,-40.1038,0.00227532,-31.4823,0
1975206847,195.532,197.549,-0.0958357,1.37452,14.8189,15.84,-0.0204221,-1.25157,-35.4289,-4.12292,8.10331,-33.9208,0.000805836,-31.3861,0
1975420302,195.534,198.077,-0.120646,1.98466,14.8204,14.8111,0.000185642,-0.775696,-24.8072,-25.0823,-6.01523,-32.1377,-0.000337253,-31.7186,0
1975613944,195.535,198.432,-0.139259,0.813543,14.8177,13.9428,0.0174998,-0.403452,-15.8228,-40.9879,-5.42755,-15.213,-0.00102247,-32.3914,0
1975806056,195.536,198.596,-0.150539,0.411946,14.8191,13.4958,0.0264662,-0.126601,-11.2722,-48.7417,-2.70741,-7.58185,-0.00148543,-33.2667,0
1976023289,195.536,198.771,-0.160725,0.69078,14.8185,13.4697,0.026976,0.156268,-12.6451,-50.8003,-7.00126,-6.60889,-0.00191687,-34.3717,0
1976216341,195.536,198.907,-0.168,-0.707194,14.8183,13.9382,0.0176017,0.347131,-20.3985,-45.7067,-6.28635,9.88072,-0.00251223,-35.308,0
1976429757,195.537,198.808,-0.163582,-0.964159,14.8179,14.3178,0.0100026,0.414981,-24.7979,-39.3695,-0.235547,13.6494,-0.00342396,-36.1952,0
1976621800,195.537,198.542,-0.150288,-2.11537,14.8156,14.2501,0.0113118,0.355963,-21.2567,-37.696,8.56365,24.1822,-0.00423966,-36.9326,0
1976815600,195.537,198.137,-0.130043,-1.76795,14.8136,14.2602,0.0110678,0.190182,-17.4612,-33.5503,13.9849,18.6166,-0.00489802,-37.6264,0
1977033268,195.537,197.806,-0.113457,-0.965351,14.8133,14.9163,-0.00206148,0.0862555,-23.7847,-20.7203,10.4845,9.6716,-0.00571489,-38.2044,0
1977224989,195.537,197.695,-0.107938,0.330843,14.8138,15.6214,-0.0161524,-0.129702,-33.4602,-8.88013,3.08575,-6.07678,-0.00670526,-38.4836,0
1977438443,195.326,197.861,-0.231843,0.344313,14.812,17.1439,-0.0466392,-0.726138,-62.1244,12.3956,-6.51002,-17.2995,-0.00860615,-38.4281,0
1977631422,195.437,197.771,0.248861,-0.600203,14.8132,17.9435,-0.0626051,-1.07842,-74.1555,28.3812,19.8991,-9.90081,-0.0110582,-38.0054,0
1977845803,195.498,197.656,0.0269125,0.557368,14.8132,18.554,-0.0748157,-1.23554,-83.5772,41.2424,19.8857,-26.7381,-0.0141648,-37.2275,0
1978037926,195.52,197.727,-0.0503947,0.311603,14.8126,18.6663,-0.0770755,-1.44555,-86.1595,42.8606,18.5645,-29.0944,-0.0171616,-36.4054,0
1978230332,195.529,197.603,-0.0770248,-0.796977,14.8129,18.3293,-0.0703285,-1.5377,-78.6089,37.9333,30.3084,-19.8356,-0.0200646,-35.6228,0
1978447149,195.534,197.356,-0.0807257,-0.770326,14.8122,17.2787,-0.04933,-1.12126,-57.4484,21.7036,28.4984,-11.7588,-0.0227449,-34.973,0
1978641154,195.535,197.258,-0.0815539,-0.10125,14.8125,16.0058,-0.0238667,-0.864965,-35.2858,1.49084,17.8005,-13.2693,-0.0243001,-34.7857,0
1978829711,195.536,197.186,-0.0803807,-0.495074,14.8108,15.5544,-0.0148717,-0.944063,-27.4663,-4.88721,17.1939,-10.3862,-0.0253178,-34.8506,0
1979046516,195.536,197.073,-0.0763442,-0.498623,14.8098,15.5754,-0.0153113,-0.771401,-26.7024,-3.44067,16.4287,-7.63524,-0.0264322,-34.9131,0
1979239553,195.536,196.985,-0.0719062,0.00358969,14.8106,14.2225,0.0117617,-0.523412,-5.66602,-22.74,11.1304,-8.35187,-0.0269893,-35.1668,0
1979456848,195.536,197.003,-0.0733261,0.29006,14.8103,12.8206,0.0397939,-0.225577,13.1069,-41.8701,2.88246,-6.96581,-0.0267041,-35.9426,0
1979645306,195.536,197.007,-0.0735306,-0.497733,14.8103,13.4051,0.0281027,-0.00267804,5.40149,-34.245,2.08657,3.74739,-0.0263683,-36.6752,0
1979864132,195.536,196.816,-0.0639771,-0.959171,14.807,14.6653,0.00283571,-0.102287,-10.4586,-14.6375,8.48263,7.2372,-0.0264979,-37.1935,0
1980055403,195.536,196.605,-0.0529183,-1.25487,14.8109,15.0365,-0.00451143,-0.140685,-13.8459,-7.11316,11.6822,9.73952,-0.0269947,-37.357,0
1980268972,195.537,196.399,-0.0431305,-0.64199,14.8097,14.6415,0.00336256,-0.0830992,-5.98357,-10.9351,9.27827,4.60687,-0.0273543,-37.5534,0
1980461616,195.537,196.251,-0.0357025,-1.02964,14.8071,14.565,0.0048424,-0.0464533,-3.44666,-10.5582,9.75853,9.00011,-0.0275246,-37.7579,0
1980654560,195.537,196.128,-0.0295784,-0.382966,14.8072,14.6036,0.00407202,0.246618,-2.80724,-8.79541,3.8221,7.0076,-0.0276001,-37.9571,0
1980871660,195.537,196.011,-0.0237457,-0.383513,14.8069,15.2387,-0.00863455,0.0124906,-11.1431,1.82837,2.50285,3.85003,-0.0278856,-38.0259,0
1981062348,195.537,195.901,-0.0182259,-1.185,14.8061,15.7068,-0.0180146,-0.17854,-17.3167,10.1674,7.53268,8.92083,-0.0284171,-37.8934,0
1981279342,195.537,195.573,-0.0018425,-1.38043,14.8058,15.879,-0.0214636,-0.335972,-16.8265,16.1039,17.4273,8.52522,-0.0290976,-37.5979,0
1981472166,195.537,195.32,0.0108246,-1.25305,14.8057,15.8857,-0.0215994,-0.278077,-14.4499,18.6959,16.4379,8.3201,-0.02964,-37.2582,0
1981664380,195.537,195.014,0.026107,-1.47961,14.807,15.5696,-0.0152507,-0.221406,-6.46115,16.702,18.2935,11.5563,-0.0300114,-36.9085,0
1981881058,195.537,194.627,0.0454552,-1.8904,14.8061,14.6423,0.00327549,-0.128194,11.3267,6.50391,20.0787,17.0593,-0.0299079,-36.654,0
1982073743,195.322,194.259,-1.82428,-1.68665,14.8046,13.4994,0.0261025,-0.0765455,28.8921,-8.0481,9.99909,-2.73534,-0.0291311,-36.6858,0
1982286832,194.603,193.902,-3.18845,-1.85208,14.8041,12.4937,0.0462068,-0.505827,38.4004,-24.6667,3.13996,-20.0022,-0.0277926,-37.0519,0
1982476099,193.774,193.422,-3.55834,-2.79868,14.8014,11.9797,0.0564326,-0.81139,41.2348,-34.3317,13.4976,-17.846,-0.0264141,-37.6238,0
1982692935,192.759,192.674,-3.97961,-3.90394,14.8004,11.2132,0.0717451,-0.793635,47.4935,-45.8239,23.3005,-10.4457,-0.0246152,-38.5322,0
1982885959,191.821,191.83,-3.90182,-4.67446,14.7999,11.7322,0.0613543,-0.248361,40.6014,-40.7914,26.8153,3.94337,-0.0230593,-39.3788,0
1983079546,190.867,190.731,-3.99149,-6.00921,14.7985,12.686,0.0422516,0.215537,30.364,-27.6992,32.4944,21.9853,-0.0218127,-40.0417,0
1983296118,189.786,189.291,-4.12447,-5.72848,14.7977,13.9362,0.0172303,0.384794,17.2376,-7.51721,35.8313,20.8524,-0.0209398,-40.3758,0
1983485781,188.831,188.135,-4.10938,-5.83159,14.7969,13.5295,0.0253482,0.24457,24.7826,-11.1185,34.4619,19.855,-0.020264,-40.5237,0
1983702129,187.754,186.807,-3.89417,-6.1631,14.7953,12.9499,0.036907,0.233018,34.8869,-16.3127,36.2522,24.7903,-0.0189796,-40.8791,0
1983895443,186.792,185.658,-4.04558,-4.97612,14.7946,13.9864,0.016165,0.557209,22.7509,-0.511353,29.2582,16.6927,-0.0179642,-41.0304,0
1984113113,185.707,184.68,-3.82266,-4.04215,14.7938,14.7223,0.00142933,0.744647,11.1251,9.01575,12.0947,13.0943,-0.0173406,-40.9063,0
1984301835,184.748,183.919,-3.91635,-3.60338,14.795,14.5845,0.00420954,0.575742,11.2162,5.03259,8.91775,5.2663,-0.017015,-40.742,0
1984518700,183.672,183.009,-3.82996,-4.60191,14.7892,13.2786,0.0302111,0.24551,27.7036,-14.6943,17.3884,10.4291,-0.0161865,-40.8949,0
1984710870,182.711,182.053,-4.03595,-4.84869,14.7877,12.9145,0.0374646,0.0425031,32.3971,-19.4955,25.0043,8.03532,-0.0151036,-41.2439,0
1984905017,181.747,181.029,-3.90834,-5.22597,14.7875,13.6209,0.0233323,0.0599992,23.6172,-9.52454,28.3072,13.421,-0.0140921,-41.5379,0
1985121820,180.662,179.761,-3.97952,-5.14498,14.7864,14.6392,0.00294327,0.0791494,10.9964,6.66602,31.8209,12.5449,-0.0134308,-41.5502,0
1985310524,179.701,178.894,-4.53525,-3.63192,14.7863,15.6836,-0.0179456,0.105733,-5.75986,21.5802,20.4613,-6.91886,-0.0133559,-41.2663,0
1985527470,178.626,178.154,-3.9302,-2.94953,14.7853,16.9746,-0.0437851,-0.0944877,-30.1369,39.3936,12.99,-10.4777,-0.0141167,-40.5756,0
1985719703,177.666,177.735,-4.05371,-1.56369,14.7852,17.6192,-0.0566796,-0.461601,-46.5895,45.2438,6.68927,-31.5531,-0.0155222,-39.7324,0
1985913816,176.701,177.554,-4.04078,-0.415006,14.7847,17.5447,-0.0551993,-0.775861,-52.9757,36.2523,0.106733,-48.2005,-0.0173169,-38.9324,0
1986126508,175.621,177.509,-4.08846,-0.193878,14.7826,17.6387,-0.0571228,-1.22443,-64.8221,27.7778,1.33768,-58.7827,-0.0195935,-38.2738,0
1986318901,174.666,177.417,-4.12027,-0.477547,14.7821,17.7208,-0.0587753,-1.42295,-74.7401,20.7783,8.07555,-59.8972,-0.0220696,-37.8108,0
1986533000,173.589,177.187,-4.12934,-1.83597,14.7823,17.7142,-0.0586382,-1.54652,-82.9207,12.3561,18.7772,-48.8469,-0.0251806,-37.4655,0
1986725938,172.634,176.736,-4.15393,-2.79383,14.7832,17.4643,-0.0536231,-1.59566,-83.462,2.99854,30.1721,-40.2687,-0.0281164,-37.3274,0
1986942683,171.554,176.027,-4.20789,-3.74355,14.781,17.0382,-0.0451442,-1.54395,-79.7792,-7.95667,39.1586,-30.0905,-0.0313442,-37.3909,0
1987136269,170.591,175.233,-4.24516,-4.19603,14.7805,16.3919,-0.0322287,-1.31843,-70.6399,-20.4076,42.9101,-21.5652,-0.0339974,-37.6682,0
1987325663,169.634,174.385,-4.13077,-4.6853,14.7817,15.5169,-0.0147047,-1.04094,-57.7338,-35.4574,42.1223,-10.4859,-0.0361763,-38.2231,0
1987541208,169.392,173.343,0.707193,-4.73523,14.776,14.9395,-0.00327057,-0.697928,-41.1743,-36.3149,53.6022,42.9941,-0.0381047,-39.0271,0
1987735390,169.878,172.448,2.50703,-4.73925,14.7792,13.7234,0.0211158,-0.0595918,-10.1556,-40.2484,67.5937,69.9542,-0.0389813,-39.7669,0
1987952047,170.743,171.534,3.48932,-3.63089,14.776,12.9983,0.0355539,1.29958,16.9311,-32.443,61.4743,86.2555,-0.0387041,-40.5864,0
1988141214,171.621,170.975,3.77888,-2.88655,14.7754,13.1025,0.0334582,2.13368,29.6497,-16.9877,44.9076,92.8838,-0.0378713,-41.0337,0
1988357799,172.662,170.54,3.93666,-1.34316,14.7763,13.0729,0.0340687,2.20499,44.5259,-2.91345,31.3033,80.1575,-0.0363576,-41.2307,0
1988546864,173.606,170.588,4.14586,1.57302,14.7727,13.8836,0.0177813,2.12837,42.3392,16.8619,10.5414,54.5336,-0.0348097,-41.093,0
1988764820,174.645,171.281,3.3939,4.24336,14.7751,16.3796,-0.0320902,1.40781,7.99727,57.9854,-18.6156,15.2546,-0.0337603,-40.2722,0
1988956988,175.153,172.208,1.56285,5.19134,14.7745,18.3311,-0.0711316,0.333407,-29.9948,87.7482,-37.9036,-28.1678,-0.0342914,-38.7834,0
1989149938,175.371,173.175,0.723142,4.61362,14.7763,18.83,-0.0810755,-0.788851,-46.5742,89.6583,-31.9343,-51.48,-0.0357301,-37.036,0
1989366743,175.473,174.004,0.304019,2.98551,14.7789,18.4349,-0.0731198,-1.58115,-46.3094,75.1198,-9.77769,-54.0968,-0.0376086,-35.2529,0
1989556285,175.509,174.482,0.152276,2.12824,14.7743,17.8427,-0.061368,-1.82476,-39.9728,60.1094,6.00098,-50.8413,-0.0390913,-33.9875,0
1989769325,175.526,174.839,0.0809788,1.53707,14.7777,16.7459,-0.0393654,-1.65036,-24.2911,37.7559,12.1761,-41.2571,-0.0403595,-32.946,0
1989963302,175.532,175.053,0.0398981,0.776662,14.7791,14.7276,0.00103004,-1.34669,5.45636,3.93665,12.5591,-27.0739,-0.0406248,-32.5869,0
1990179538,175.535,175.143,0.0259382,-0.141462,14.7793,13.2017,0.0315524,-0.825047,25.9173,-18.2261,12.376,-9.66693,-0.0399233,-32.7953,0
1990372114,175.536,175.045,0.0276145,-1.27275,14.7758,12.6248,0.0430208,-0.247944,34.2859,-24.6538,14.3629,9.07887,-0.0388266,-33.2344,0
1990565883,175.536,174.787,0.0384533,-1.41252,14.7758,12.5263,0.0449898,0.223482,38.0585,-23.3573,14.3322,16.465,-0.0375277,-33.7074,0
1990782418,175.536,174.592,0.0476958,-0.624919,14.777,12.664,0.0422602,0.624443,38.2492,-19.7338,4.32128,13.9688,-0.0359901,-34.1805,0
1990975515,175.537,174.532,0.0502205,-0.0145676,14.7728,13.2851,0.0297535,0.890495,30.7205,-11.0205,-5.14002,12.0704,-0.0347917,-34.4641,0
1991192448,175.537,174.42,0.0558365,-1.44941,14.7763,13.7245,0.0210361,0.844028,25.94,-4.03723,-1.95434,26.0566,-0.0336952,-34.6278,0
1991381616,175.537,174.144,0.0696404,-1.35711,14.7749,14.3175,0.00914717,0.780008,20.3116,7.00598,3.17903,25.0284,-0.0329086,-34.5873,0
1991598754,175.537,173.975,0.078096,-0.655613,14.7751,14.9195,-0.00288944,0.64227,13.1722,17.4624,-2.12636,16.8207,-0.0322338,-34.3195,0
1991791711,175.537,173.859,0.0838905,-0.589261,14.7752,15.5879,-0.0162554,0.359022,4.11465,28.7928,-1.01742,12.4512,-0.0319683,-33.8497,0
1991985085,175.537,173.889,0.082399,1.05959,14.7723,16.1494,-0.0275418,0.174782,-5.12969,37.4521,-8.36894,-6.31555,-0.0319904,-33.1985,0
1992201737,175.537,174.085,0.0725655,1.22824,14.7719,16.9154,-0.0428695,-0.242986,-19.7279,48.1929,-9.15736,-14.7183,-0.0325084,-32.2589,0
1992394828,175.537,174.262,0.0637306,0.890107,14.7697,16.9567,-0.0437397,-0.541019,-22.1929,47.1924,-3.92639,-16.5362,-0.0333109,-31.3078,0
1992612188,175.537,174.371,0.0582565,0.360365,14.7725,16.4129,-0.0328089,-0.714308,-14.1529,37.005,4.34455,-14.1481,-0.0340011,-30.4148,0
1992800790,175.537,174.302,0.0617516,-0.349701,14.7718,16.1844,-0.028252,-0.698355,-9.75281,33.976,12.4887,-6.81026,-0.0344051,-29.7521,0
1993014548,175.537,174.252,0.0642296,0.420151,14.7724,15.8961,-0.0224751,-0.523431,-4.63442,29.8295,8.43356,-11.4537,-0.0346609,-29.0747,0
1993206877,175.537,174.334,0.0601204,0.671835,14.7716,15.7444,-0.0194563,-0.404194,-3.0516,26.6349,3.05928,-12.0563,-0.0347898,-28.5356,0
1993420069,175.537,174.494,0.0521141,0.967508,14.7688,15.4276,-0.0131756,-0.219535,0.274902,20.1677,-2.47121,-12.1606,-0.0348562,-28.0321,0
1993613074,175.537,174.736,0.0400246,1.06902,14.7698,14.7086,0.00122517,-0.0873622,8.75311,6.94739,-8.24838,-11.394,-0.034676,-27.7868,0
1993829737,175.537,174.853,0.0341629,0.12429,14.7697,14.1512,0.0123713,0.0264074,15.6453,-2.24414,-3.09706,-0.685221,-0.0341717,-27.7586,0
1994022618,175.537,174.869,0.03339,0.282347,14.7688,13.0958,0.0334606,0.124271,29.8581,-16.7603,-2.38464,-1.2522,-0.0333773,-27.9382,0
1994216376,175.537,174.916,0.0310249,0.407459,14.7691,11.9187,0.0570071,0.260582,44.12,-31.9498,-4.32844,-1.26521,-0.0320023,-28.4498,0
1994432815,175.537,175.025,0.0255905,0.553166,14.7701,12.5697,0.0440069,0.542702,35.0976,-25.0593,-10.0656,1.09471,-0.0303829,-29.1008,0
1994621790,175.537,175.109,0.0213745,0.757503,14.7698,14.1273,0.0128492,0.440162,13.4749,-5.09033,-12.4769,-1.18216,-0.0295712,-29.3725,0
1994839509,175.537,175.161,0.0187553,0.514883,14.7713,15.8605,-0.0217839,0.19751,-13.0034,20.3606,-7.93141,-1.38722,-0.0296394,-29.1674,0
1995031287,175.537,175.286,0.0125298,1.11994,14.7705,16.5557,-0.0357043,0.119445,-25.5045,30.4196,-11.1495,-8.29137,-0.0303846,-28.6389,0
1995245142,175.537,175.564,-0.00135651,1.58673,14.7672,16.7788,-0.0402331,-0.177094,-31.9959,31.464,-13.2215,-17.8702,-0.0314989,-27.9842,0
1995438042,175.537,175.913,-0.0188042,1.99585,14.7699,16.4851,-0.0343027,-0.472732,-30.4914,23.1151,-13.216,-26.9845,-0.0326566,-27.4303,0
1995654523,175.537,176.358,-0.0410675,2.11874,14.7717,15.3899,-0.0123646,-0.662001,-17.3781,1.26868,-12.07,-31.1783,-0.0335505,-27.2035,0
1995848479,175.537,176.734,-0.0598587,1.88047,14.7707,14.7372,0.000670738,-0.688973,-11.2454,-12.2351,-9.94485,-29.1915,-0.0340314,-27.335,0
1996062835,175.537,177.037,-0.0750244,1.43766,14.771,14.3037,0.00934612,-0.584354,-7.92133,-21.5082,-7.02247,-23.3264,-0.0344016,-27.7112,0
1996254529,175.537,177.205,-0.0834435,0.939495,14.7731,13.8086,0.0192903,-0.46818,-2.58227,-30.1497,-4.30138,-16.7629,-0.0345821,-28.2154,0
1996446653,175.537,177.28,-0.0871704,0.00562989,14.7686,13.1843,0.0316865,-0.202564,5.04624,-39.2401,-1.61484,-3.99847,-0.0345183,-28.8996,0
1996665175,175.537,177.133,-0.079837,-0.434965,14.7689,13.211,0.0311576,0.068888,6.13609,-37.4532,3.15976,3.98107,-0.034249,-29.7618,0
1996856929,175.537,176.907,-0.0685303,-1.44268,14.7691,13.3371,0.0286388,0.196955,6.68213,-33.5642,6.86792,15.7206,-0.0340421,-30.4335,0
1997074531,175.537,176.473,-0.0468407,-1.64312,14.768,13.5007,0.0253466,0.315027,8.72601,-27.0997,12.3453,19.5651,-0.0337346,-31.0858,0
1997264346,175.537,176.146,-0.0304863,-1.21038,14.7686,13.7402,0.0205684,0.344186,8.68015,-20.6389,8.79658,16.0174,-0.0334035,-31.5455,0
1997476122,175.537,175.885,-0.017411,-1.04697,14.7665,14.6124,0.00308054,0.273012,-1.15223,-5.67737,5.19614,14.0409,-0.0332796,-31.803,0
1997670857,175.537,175.59,-0.00267181,-1.55057,14.766,15.4404,-0.0134879,-0.00677133,-10.7095,9.66162,11.7933,15.2834,-0.0335051,-31.7509,0
1997862796,175.537,175.405,0.00660171,-0.23702,14.7685,16.4567,-0.0337646,-0.111037,-25.0627,27.6526,8.48389,1.11746,-0.0341528,-31.3702,0
1998079348,175.537,175.464,0.00363541,0.721856,14.7676,17.1834,-0.0483154,-0.373074,-37.8801,39.3064,-0.286649,-12.6238,-0.0354419,-30.6128,0
1998272885,175.537,175.635,-0.00491257,1.31914,14.7678,17.5449,-0.0555423,-0.695406,-45.8316,43.9045,-1.128,-24.2109,-0.03694,-29.7959,0
1998465745,175.537,175.936,-0.0199692,2.10761,14.7648,17.7404,-0.0595115,-0.898395,-52.2774,44.4445,-4.25118,-35.7466,-0.0386862,-28.9345,0
1998678092,175.537,176.436,-0.0449699,2.57603,14.7684,17.2959,-0.0505486,-1.09873,-49.3402,31.7002,-8.12845,-43.8325,-0.0407144,-28.0983,0
1998872724,175.537,176.861,-0.0662254,1.96511,14.7661,16.1126,-0.0269311,-1.30976,-33.7788,7.80103,-2.98891,-40.5903,-0.0421717,-27.7363,0
1999088414,175.537,177.228,-0.084549,1.43773,14.7667,14.5537,0.00425875,-1.212,-13.4611,-19.7045,1.51564,-32.6295,-0.0430554,-27.9022,0
1999277208,175.537,177.469,-0.0966133,0.908748,14.7674,13.852,0.0183077,-0.86959,-5.85008,-32.0479,2.07691,-22.1584,-0.0433351,-28.4283,0
1999494409,175.537,177.628,-0.104583,0.720624,14.7665,14.0764,0.0138022,-0.429624,-10.5597,-30.4645,0.354661,-14.3343,-0.0436485,-29.1177,0
1999683313,175.537,177.733,-0.109833,-0.0323711,14.7671,14.1794,0.0117547,-0.167834,-13.0353,-30.0482,-0.602407,-3.30609,-0.0440783,-29.6828,0
1999901073,175.537,177.665,-0.106441,-0.070804,14.764,14.0103,0.0150729,0.0743777,-10.0338,-31.7194,1.86444,0.481395,-0.044531,-30.3562,0
2000093819,175.537,177.727,-0.109533,0.393327,14.7651,13.8035,0.0192339,0.303733,-7.7458,-35.22,-6.07771,-1.00431,-0.0448283,-31.0079,0
2000286561,175.537,177.783,-0.112339,0.0953565,14.7689,13.678,0.0218175,0.461155,-6.51732,-37.5493,-7.79906,3.97247,-0.0450903,-31.7058,0
2000503337,175.537,177.753,-0.110812,-0.483958,14.7681,13.3886,0.0275901,0.476033,-2.31272,-41.155,-4.07377,9.66333,-0.0452326,-32.581,0
2000696830,175.537,177.682,-0.10726,-0.0996321,14.767,13.6752,0.021836,0.527984,-5.51058,-36.5638,-4.45727,6.8469,-0.0453583,-33.3374,0
2000910566,175.873,177.616,2.18903,-0.146629,6.398,14.1356,-0.154753,0.182896,-96.5363,62.3458,8.84252,27.6779,-0.0491003,-32.1128,0
2001103276,176.558,177.601,2.88668,0.370748,6.39847,14.3714,-0.159458,0.0927969,-93.0295,72.5664,20.1818,28.2981,-0.0524569,-30.783,0
2001295687,176.956,177.739,0.852026,1.53027,6.39825,13.7,-0.146036,-0.0666478,-81.051,65.7024,3.34035,-5.56373,-0.0554778,-29.4395,0
2001513191,177.021,178.118,-0.193216,1.71014,6.39844,13.3406,-0.138844,-0.856905,-79.2781,57.7539,-8.71614,-28.2449,-0.0585949,-28.1254,0
2001706456,176.942,178.418,-0.521943,1.29878,6.39807,13.8753,-0.149544,-1.55883,-90.2722,61.3162,-2.69562,-37.4094,-0.0615687,-26.9896,0
2001920028,176.802,178.654,-0.644048,0.574531,6.39825,14.7254,-0.166543,-2.16556,-106.111,69.7897,9.51155,-41.3865,-0.0654372,-25.576,0
2002108980,176.663,178.662,-0.793723,-0.0683529,6.39828,15.0018,-0.17207,-2.46531,-111.653,72.4622,23.8102,-41.5161,-0.0692269,-24.2145,0
2002325280,176.507,178.702,-0.694289,-0.0434655,6.39839,14.5121,-0.162275,-2.62794,-106.358,63.3044,26.4318,-42.1645,-0.0735472,-22.7343,0
2002518505,176.375,178.679,-0.645348,-0.165375,6.39823,13.2263,-0.136561,-2.68339,-89.592,44.405,29.5461,-38.392,-0.0769775,-21.7044,0
2002712155,176.248,178.63,-0.615363,-0.658925,6.39848,11.7984,-0.107997,-2.54711,-72.4924,25.7682,29.4421,-28.3504,-0.0797767,-21.0645,0
2002929109,176.114,178.507,-0.617957,-1.10929,6.39797,10.3481,-0.0790025,-2.27001,-56.5435,9.60547,26.5991,-17.8544,-0.0822666,-20.7189,0
2003121147,176.003,178.187,-0.597306,-1.92206,6.3981,10.3888,-0.0798136,-1.8462,-54.915,12.076,30.8423,-5.35912,-0.0841844,-20.5275,0
2003314411,175.894,177.816,-0.5221,-1.92324,6.3972,10.858,-0.0892159,-1.42844,-57.3322,19.6396,29.6484,-0.80077,-0.0861586,-20.2148,0
2003528227,175.775,177.432,-0.486808,-1.3606,6.3975,11.289,-0.0978292,-1.02781,-59.5052,27.0074,24.6173,-1.92956,-0.0884657,-19.6882,0
2003720992,175.673,177.284,-0.504236,-0.781397,6.39699,10.4428,-0.0809156,-0.810048,-49.8682,18.2617,13.6058,-4.89613,-0.0903995,-19.2401,0
2003938499,175.555,177.137,-0.484114,-0.823772,6.39823,9.45703,-0.0611761,-0.659961,-39.7621,8.73608,10.5939,-2.33183,-0.0921165,-18.9776,0
2006772290,174.002,176.812,-0.554626,0.669978,6.39636,11.7713,-0.107499,-1.07756,-76.3825,21.2683,-2.1666,-23.4282,-0.118109,-14.4858,0
2006961707,173.901,176.849,-0.544369,0.351967,6.4737,12.0319,-0.111164,-1.29677,-80.3358,22.5222,3.05689,-23.0551,-0.120832,-14.0656,0
2007174568,173.798,176.816,-0.504284,-0.519408,6.88377,12.2065,-0.106455,-1.40353,-80.3967,21.2163,10.7344,-15.6844,-0.123964,-13.599,0
2007367930,173.712,176.648,-0.472116,-1.06881,7.29948,11.4514,-0.0830385,-1.41372,-67.7183,10.134,17.4042,-9.38653,-0.12659,-13.2861,0
2007584974,173.62,176.344,-0.477083,-1.54703,7.53011,9.73333,-0.0440644,-1.2211,-45.7234,-7.68823,21.3575,-0.963833,-0.128786,-13.2823,0
2007777554,173.543,175.952,-0.395261,-2.40165,7.48551,7.41026,0.00150508,-0.877173,-23.0638,-24.1848,24.2304,13.1647,-0.129918,-13.6269,0
2007990507,173.462,175.363,-0.414664,-2.90042,7.21533,7.4246,-0.00418534,-0.174478,-20.1793,-17.1156,25.843,23.1126,-0.13069,-14.0961,0
2008183977,173.386,174.784,-0.382263,-2.87054,7.17452,9.06245,-0.0377587,0.335922,-29.0342,1.62012,22.8945,27.7882,-0.13156,-14.233,0
2008376105,173.311,174.255,-0.37907,-2.1809,7.08501,10.4709,-0.0677178,0.625178,-38.9739,20.4685,15.5819,24.9252,-0.132781,-13.9873,0
2008594097,173.22,173.798,-0.355815,-1.88815,7.01544,11.4681,-0.089053,0.488953,-46.8184,35.4823,9.29953,21.6557,-0.134506,-13.3534,0
2008786576,173.14,173.361,-0.323979,-2.51435,7.059,12.1522,-0.101864,0.118418,-51.0891,46.7571,14.6478,24.1571,-0.136246,-12.5433,0
2008978893,173.061,172.89,-0.295708,-2.13215,7.17065,12.4947,-0.10648,-0.176479,-50.6681,54.0303,19.0933,17.1348,-0.138036,-11.5582,0
2009192115,172.98,172.519,-0.247238,-1.44098,7.33529,12.3026,-0.0993472,-0.26248,-44.2608,53.288,15.4317,9.69967,-0.139907,-10.3875,0
2009381588,172.908,172.334,-0.250756,-0.666206,7.43029,11.5726,-0.0828466,-0.253242,-33.736,44.9803,9.3662,2.10225,-0.141211,-9.47176,0
2009599653,172.831,172.227,-0.233887,-0.718901,7.52833,11.36,-0.0766335,-0.375311,-30.2611,42.1129,7.50811,1.36338,-0.142448,-8.53987,0
2009791351,172.767,172.043,-0.242902,-1.76005,7.55979,10.9812,-0.0684285,-0.396589,-24.6195,38.8173,13.88,11.2745,-0.143413,-7.76323,0
2010008872,172.694,171.637,-0.220455,-2.43521,7.50153,10.3119,-0.056208,-0.17876,-14.6693,35.3937,20.8011,20.4555,-0.144172,-6.96356,0
2010202117,172.631,171.185,-0.204603,-2.316,7.30845,9.30562,-0.0399434,0.228389,-2.40479,30.7764,20.9517,23.2027,-0.144469,-6.31653,0
2010415409,172.558,170.796,-0.201785,-1.86949,6.96036,7.91883,-0.0191694,0.734729,10.1528,24.4141,13.2218,22.3246,-0.144257,-5.75076,0
2010608389,172.489,170.481,-0.203872,-1.88129,6.67598,7.75925,-0.0216653,0.99277,11.8756,27.5128,10.2478,24.3211,-0.143839,-5.26072,0
2010800443,172.414,170.19,-0.227503,-1.51535,6.39339,8.32441,-0.0386202,1.27467,7.6058,36.026,5.35096,23.5618,-0.143498,-4.6438,0
2011018001,172.325,170.03,-0.199317,-0.590086,6.393,9.26087,-0.0573574,1.40291,0.0586281,44.9519,-6.00575,17.3555,-0.143361,-3.74437,0
2011210109,172.237,169.927,-0.278593,-0.747858,6.39378,9.67194,-0.0655631,1.11416,-3.67941,48.9866,-6.8286,16.0121,-0.143453,-2.82708,0
2011424334,172.134,169.85,-0.33825,-0.58691,6.39298,9.20259,-0.0561923,0.821818,0.493839,44.3114,-6.19058,10.5185,-0.143505,-1.83171,0
2011617807,172.043,169.772,-0.258621,-0.577977,6.39278,9.10841,-0.0543128,0.560955,1.23051,43.326,-2.78691,8.73592,-0.143463,-0.991678,0
2011834754,171.941,169.61,-0.266221,-1.51269,6.39279,9.38739,-0.059892,0.255361,-0.765961,46.4894,4.51227,15.1831,-0.143464,-0.0209611,0
2012026519,171.848,169.41,-0.280076,-1.34852,6.39332,9.80819,-0.0682975,0.154566,-3.75681,51.5693,6.68881,12.6637,-0.143542,0.922636,0
2012239677,171.746,169.119,-0.233715,-1.45051,6.39268,10.1353,-0.0748517,-0.063657,-5.17288,56.6843,10.5695,12.0461,-0.143735,2.08999,0
2012434439,171.653,168.958,-0.234911,-0.468878,6.40621,9.83442,-0.0685641,0.0449276,-1.4132,54.2631,4.34593,3.41056,-0.143851,3.17792,0
2012627218,171.561,168.92,-0.250221,-0.144807,6.39731,9.10679,-0.0541895,-0.0131884,4.89799,46.906,-0.857999,-0.660371,-0.143758,4.13765,0
2012843379,171.459,168.852,-0.263102,-0.470918,6.44094,9.39593,-0.0590999,-0.14829,2.15991,48.9578,1.21405,1.19995,-0.1436,5.16032,0
2013036425,171.368,168.742,-0.217152,-0.509016,6.706,10.1803,-0.0694865,-0.198443,-3.581,55.0876,3.59792,1.54939,-0.143642,6.17381,0
2013229557,171.278,168.648,-0.248824,-0.571521,6.79851,10.5215,-0.0744591,-0.125295,-6.44877,58.0328,3.32796,2.62971,-0.143828,7.27172,0
2013442402,171.18,168.523,-0.203807,-0.649568,6.53275,10.456,-0.0784655,-0.011694,-7.27441,59.3772,4.38659,5.06958,-0.144108,8.52968,0
2013635497,171.091,168.461,-0.240117,-0.446336,6.39322,9.98406,-0.0718169,0.103933,-3.61361,55.1946,1.41844,3.77702,-0.144309,9.64191,0
2013852975,170.994,168.467,-0.212006,-0.0431479,6.39307,9.57682,-0.0636749,0.141981,-0.640659,50.2034,-3.13814,0.313593,-0.144358,10.7697,0
2014045661,170.903,168.504,-0.268641,0.366406,6.39221,9.65012,-0.0651581,0.119864,-2.6012,49.6632,-5.61621,-4.44219,-0.144411,11.73,0
2014238441,170.815,168.595,-0.25585,0.302248,6.39257,9.81124,-0.0683736,0.0613038,-5.9256,49.47,-6.98565,-4.20078,-0.144575,12.6888,0
2014455345,170.71,168.694,-0.279635,-0.162471,6.39237,9.53604,-0.0628734,0.0853398,-5.26619,44.8075,-7.02698,0.264382,-0.144806,13.7101,0
2014648362,170.617,168.476,-0.298171,-0.908272,6.58951,9.21681,-0.052546,-0.0444488,0.231033,41.7589,6.12036,6.05768,-0.144898,14.5463,0
2014862862,170.514,168.409,-0.247616,0.173179,6.7941,9.18325,-0.047783,-0.142895,1.55278,39.7251,0.611612,-5.00002,-0.144816,15.4002,0
2015050124,170.425,168.515,-0.291777,0.291953,6.89877,10.0485,-0.0629938,-0.417811,-7.95499,45.4235,-3.22639,-9.2898,-0.144945,16.2017,0
2015264012,170.326,168.526,-0.260881,-0.522802,7.09588,10.9897,-0.0778754,-0.749882,-17.5585,52.8624,3.59414,-4.81656,-0.145459,17.2536,0
2015457020,170.241,168.263,-0.223755,-2.14662,7.22479,11.4203,-0.0839102,-0.923652,-19.7131,58.5127,19.4735,9.26675,-0.146146,18.3409,0
2015674042,170.149,167.807,-0.219335,-1.88114,7.36233,11.005,-0.0728534,-0.766194,-10.4794,56.4268,26.3998,8.66653,-0.146729,19.5926,0
2015862444,170.07,167.657,-0.235984,-0.614969,7.09442,10.6489,-0.0710897,0.073925,-7.87365,55.1947,10.7513,5.26082,-0.147016,20.64,0
2016080096,169.976,167.868,-0.284416,0.8005,6.60065,9.60515,-0.0600901,1.02669,-3.67113,45.0193,-13.2988,-0.200659,-0.147295,21.7679,0
2016272525,169.878,168.302,-0.353736,2.66333,6.3934,8.82098,-0.0485515,1.38217,-3.0139,33.9202,-29.6841,-16.9669,-0.147362,22.5007,0
2016466614,169.771,169.196,-0.422047,4.38796,6.39216,9.1028,-0.0542129,1.22551,-15.3572,26.6442,-52.171,-35.521,-0.147692,23.0754,0
2016678464,169.647,170.13,-0.485335,3.23361,6.39298,9.73904,-0.0669211,0.343839,-31.7266,22.2521,-47.2095,-32.47,-0.148646,23.5794,0
2016871598,169.535,170.662,-0.537489,1.63157,7.55354,10.1242,-0.0514123,-0.254793,-33.7734,11.6691,-29.9846,-23.3303,-0.149886,23.9293,0
2017084472,169.409,170.948,-0.540425,1.60555,8.76584,9.90265,-0.0227362,-0.453816,-25.706,-4.4834,-17.2237,-25.3137,-0.150982,23.9643,0
2017278101,169.3,171.076,-0.541225,-0.283912,8.41899,9.85763,-0.0287728,-0.448473,-30.5604,-4.26697,-6.96546,-6.66063,-0.15197,23.8595,0
2017495306,169.184,170.976,-0.526419,-0.614785,7.78612,9.65152,-0.0373081,-0.299593,-33.8366,-1.30835,2.46245,-1.66487,-0.153279,23.818,0
2017687716,169.09,170.866,-0.481383,-1.02274,7.56798,8.81114,-0.0248632,-0.0734864,-27.6004,-7.23853,4.25313,4.8805,-0.15436,23.737,0
2017901214,168.983,170.774,-0.474286,-0.537532,7.2804,7.62954,-0.00698296,0.56036,-20.1671,-14.9613,-0.131203,4.9488,-0.155241,23.478,0
2018094663,168.889,170.835,-0.520947,-0.0450686,6.52694,7.04338,-0.0103289,1.25693,-22.5836,-15.5752,-9.72837,4.25899,-0.155996,23.184,0
2018286796,168.791,171.046,-0.559042,1.5394,6.39441,6.8151,-0.00841372,1.92321,-24.8929,-19.3358,-21.9749,-7.41447,-0.156823,22.8499,0
2018504923,168.674,171.738,-0.61239,2.76528,6.3933,7.51715,-0.0224771,1.70387,-37.8593,-22.226,-40.2231,-20.1464,-0.158049,22.3717,0
2018696806,168.573,172.474,-0.651095,3.58037,6.39406,8.68908,-0.0459004,1.22238,-55.567,-20.9508,-49.8864,-30.4763,-0.159722,21.9631,0
2018909938,168.455,173.019,-0.680243,1.58619,6.39411,9.32939,-0.0587056,0.229286,-67.8279,-21.675,-34.4118,-19.5394,-0.162189,21.5177,0
2019102739,168.356,173.176,-0.639827,0.491254,6.39369,8.9385,-0.0508962,-0.253784,-66.7817,-27.7643,-16.9848,-12.9056,-0.164574,21.0387,0
2019316304,168.245,173.145,-0.631741,0.149405,6.39364,8.33674,-0.0388619,-0.315422,-62.3655,-33.7429,-8.15744,-9.96604,-0.16708,20.3728,0
2019509565,168.154,172.985,-0.626813,-0.584996,6.3938,8.34881,-0.0391002,-0.337566,-61.7939,-32.9719,-0.860735,-2.90192,-0.169241,19.713,0
2019702114,168.059,172.905,-0.623881,0.438012,6.39441,9.30194,-0.0581506,-0.179969,-70.348,-24.7103,-6.30472,-11.5468,-0.17155,19.1576,0
2019919311,167.951,172.883,-0.633983,0.129483,6.39363,10.5443,-0.0830136,-0.319495,-83.5211,-13.217,-6.52926,-9.98058,-0.174638,18.7687,0
2020108872,167.853,172.791,-0.715062,-0.394654,6.39353,10.6064,-0.084257,-0.463237,-84.2374,-12.6193,-0.826527,-7.16173,-0.177585,18.5481,0
2020326011,167.751,172.633,-0.635847,-0.389882,6.39349,9.30103,-0.0581508,-0.455235,-70.6948,-25.0623,0.710628,-6.10538,-0.180624,18.1245,0
2020518038,167.663,172.403,-0.615348,-0.573615,6.39423,8.58251,-0.0437657,-0.326934,-62.8742,-30.101,3.24182,-2.83956,-0.182927,17.576,0
2020710771,167.57,172.291,-0.652131,0.314864,6.39334,8.78721,-0.0478774,-0.186153,-64.4643,-28.124,-4.43233,-10.698,-0.185133,17.0031,0
2020928047,167.466,172.199,-0.594262,-0.398273,6.39342,9.35997,-0.059331,-0.363414,-69.7787,-23.0454,-3.0824,-4.7682,-0.187803,16.4496,0
2021121838,167.372,172.03,-0.644808,-0.017472,6.39335,9.80335,-0.0682001,-0.37863,-73.2904,-18.0596,-0.789286,-9.19531,-0.190346,16.0671,0
2021338645,167.267,171.986,-0.621177,0.180645,6.39416,10.1054,-0.0742249,-0.390716,-76.8974,-15.6633,-4.66817,-11.0615,-0.193315,15.7026,0
2021528152,167.173,171.952,-0.6824,0.237285,6.39315,9.89565,-0.0700499,-0.338103,-75.3934,-18.3419,-5.64478,-11.6716,-0.195962,15.3909,0
2021744335,167.067,171.86,-0.612511,-0.676606,6.39336,9.0541,-0.0532147,-0.281696,-67.5553,-26.4537,-1.16436,-1.44014,-0.198768,14.8946,0
2021933835,166.976,171.591,-0.5746,-1.67499,6.39328,8.15176,-0.0351695,-0.172859,-58.0541,-32.4769,7.22395,9.6687,-0.200922,14.3262,0
2022151200,166.874,171.156,-0.578292,-2.04877,6.39309,6.84617,-0.00906148,0.233237,-44.9965,-38.9982,10.89,16.0793,-0.202926,13.5358,0
2022344299,166.783,170.705,-0.581521,-2.18685,6.39288,6.28641,0.00212957,0.655904,-37.7907,-39.1407,12.12,19.8528,-0.204348,12.7714,0
2022537143,166.689,170.237,-0.557269,-2.50596,6.39258,6.68334,-0.0058151,0.878807,-36.6951,-32.8933,12.0113,25.0223,-0.205639,12.0742,0
2022754112,166.577,169.605,-0.585986,-2.7823,6.39249,7.07354,-0.0136209,1.00083,-34.2837,-25.1128,13.837,28.7143,-0.207074,11.4735,0
2022946036,166.473,169.09,-0.539365,-2.19731,6.39227,6.59283,-0.00401134,0.945885,-26.9643,-24.3599,11.2132,22.5214,-0.208113,10.9944,0
2023160170,166.354,168.56,-0.576489,-2.02664,6.39266,7.54389,-0.0230247,0.789467,-29.6551,-13.6107,10.0509,20.3504,-0.209181,10.5794,0
2023353715,166.244,168.18,-0.557732,-1.30363,6.3919,8.88072,-0.0497763,0.76241,-37.9874,0.0233154,3.92906,14.5276,-0.210391,10.4687,0
2023569763,166.117,167.871,-0.542328,-0.91537,6.39179,9.63513,-0.0648667,0.427651,-43.1844,8.79626,0.0817725,8.40376,-0.212008,10.5818,0
2023762747,166.005,167.701,-0.533617,-0.500357,6.39149,9.888,-0.0699302,0.0610965,-45.0934,11.828,-1.72523,0.969425,-0.213565,10.7889,0
2023956081,165.889,167.52,-0.546074,-0.803524,6.39173,9.52317,-0.0626287,-0.282839,-40.9096,8.92688,2.49592,0.427626,-0.215087,10.993,0
2024168446,165.766,167.296,-0.505993,-1.14292,6.39167,8.69478,-0.0460623,-0.55829,-32.3763,2.36951,6.53728,1.79237,-0.216496,11.108,0
2024358690,165.659,166.91,-0.49815,-2.21628,6.39147,8.04784,-0.0331274,-0.702816,-24.2225,-0.305542,17.4691,11.4596,-0.217437,11.107,0
2024575510,165.547,166.358,-0.456417,-2.46469,6.39146,8.54578,-0.0430864,-0.566853,-24.0374,8.14221,22.8082,15.2184,-0.218372,11.1905,0
2024767590,165.449,165.827,-0.442342,-2.76842,6.39177,8.86357,-0.049436,-0.259908,-22.5657,15.1423,23.9774,20.9455,-0.219202,11.4321,0
2024961144,165.35,165.311,-0.385508,-2.31447,6.39093,8.41578,-0.040497,0.147092,-14.6029,15.3785,20.4362,20.4954,-0.219843,11.7326,0
2025174406,165.239,164.792,-0.373357,-2.33875,6.39065,8.27963,-0.0377796,0.249491,-9.46899,18.2429,17.4782,21.6524,-0.220283,12.085,0
2025367577,165.14,164.31,-0.371439,-2.13896,6.39115,8.75575,-0.0472921,0.352457,-9.76906,26.0475,16.5836,20.8335,-0.220615,12.5182,0
2025583538,165.024,163.936,-0.365688,-1.16422,6.39018,9.25329,-0.0572622,0.467404,-11.7321,33.0568,6.79644,12.6858,-0.221037,13.17,0
2025777272,164.921,163.754,-0.368388,-0.39621,6.39013,9.598,-0.0641574,0.282115,-14.1989,37.089,0.453741,3.59636,-0.221504,13.8608,0
2025970608,164.813,163.7,-0.404366,-0.12778,6.39051,9.61685,-0.0645269,-0.0259504,-14.9065,36.7388,-3.36561,-2.3414,-0.222026,14.5803,0
2026183233,164.698,163.611,-0.374015,-0.364037,6.39054,9.12698,-0.0547288,-0.316216,-10.5722,31.8906,0.88309,-2.48444,-0.222525,15.3114,0
2026376302,164.591,163.566,-0.386602,0.0160894,6.39059,8.4065,-0.0403181,-0.22323,-4.86873,24.9608,-0.432872,-5.4867,-0.22278,15.8523,0
2026593512,164.476,163.583,-0.385754,0.0689029,6.39059,7.80619,-0.0283121,-0.110115,-1.29389,18.8031,-3.38732,-5.09723,-0.222877,16.3121,0
2026786429,164.372,163.498,-0.416608,-0.657635,6.3903,7.76807,-0.0275554,-0.129957,-1.18635,18.3207,1.59728,1.56821,-0.222919,16.665,0
2026978888,164.266,163.378,-0.410913,-0.567957,6.39073,7.48558,-0.0218971,-0.030303,1.11089,16.3035,2.18902,1.47715,-0.222922,17.0005,0
2027196419,164.151,163.273,-0.390522,-0.530031,6.39082,6.86443,-0.00947221,0.0515287,5.47693,11.7548,1.19252,1.78686,-0.222794,17.308,0
2027385121,164.045,163.16,-0.418955,-0.641546,6.39046,6.40786,-0.000347919,0.125138,8.56605,8.7887,1.43952,2.98697,-0.222532,17.4894,0
2027602105,163.927,163.052,-0.396939,-0.785827,6.39042,6.84168,-0.00902517,0.265211,5.60027,11.5714,1.0047,5.68992,-0.222242,17.705,0
2027792511,163.819,162.914,-0.409184,-0.809757,6.39027,6.8775,-0.0097445,0.370888,5.64281,12.1072,2.341,6.54607,-0.222074,17.9461,0
2028008921,163.699,162.901,-0.424133,-0.0115515,6.39052,5.41296,0.0195512,0.697233,13.5939,2.0553,-6.21771,-0.377777,-0.221679,18.0943,0
2028201750,163.587,162.837,-0.433021,-0.857076,6.39007,5.09773,0.0258467,0.406433,14.785,-0.0611572,-1.47523,6.09869,-0.221154,18.0918,0
2028414662,163.464,162.63,-0.40821,-1.0268,6.39027,6.29633,0.00187882,0.421805,8.77205,7.58032,2.87896,8.71034,-0.220692,18.1704,0
2028608484,163.348,162.411,-0.4494,-1.08292,6.39077,7.6143,-0.0244705,0.475862,0.625813,17.7614,3.00085,10.0224,-0.220543,18.4271,0
2028800294,163.234,162.196,-0.437151,-1.00093,6.39064,8.53635,-0.0429141,0.410964,-5.83403,26.1948,2.63879,9.40328,-0.220657,18.8649,0
2029013610,163.103,161.965,-0.421303,-0.827214,6.38945,9.24072,-0.0570254,0.222215,-11.1198,33.446,3.27107,6.56101,-0.220998,19.5107,0
2029206590,162.985,161.827,-0.412548,-0.612521,6.38947,9.77325,-0.0676757,-0.0546557,-15.9834,38.7078,1.84474,2.08831,-0.221486,20.2143,0
2029424207,162.856,161.724,-0.427137,-0.228877,6.38954,10.0474,-0.0731565,-0.256831,-18.9535,41.1699,1.13217,-3.78971,-0.222211,21.1033,0
2029620932,162.742,161.747,-0.415321,0.462851,6.38966,9.84229,-0.0690527,-0.421986,-18.2626,37.7804,-2.97023,-12.0856,-0.222864,21.8741,0
2029814757,162.629,161.772,-0.411626,-0.418665,6.38941,9.6985,-0.0661817,-0.784611,-18.214,35.0222,1.46502,-6.89866,-0.223515,22.5745,0
2030030453,162.508,161.518,-0.42107,-1.52518,6.38964,9.16745,-0.0555562,-0.898259,-11.8993,31.3153,14.7378,3.10219,-0.224126,23.296,0
2030219632,162.401,161.194,-0.389444,-1.42557,6.3902,7.9694,-0.031584,-0.439769,0.496883,23.1735,15.5888,6.90791,-0.224296,23.803,0
2030413615,162.299,160.97,-0.33035,-0.842092,6.39004,7.29869,-0.0181729,0.0833882,6.81264,19.2509,8.07722,5.75974,-0.224125,24.1977,0
2030629945,162.18,160.806,-0.396361,-0.915022,6.38948,7.47424,-0.0216952,0.300946,5.94704,20.9858,3.35942,7.49783,-0.22387,24.6331,0
2030822840,162.072,160.675,-0.392044,-0.371105,6.38915,7.50982,-0.0224134,0.493822,5.92067,21.4968,0.123973,3.67148,-0.223655,25.0428,0
2031040324,161.949,160.703,-0.414148,0.307891,6.38943,7.73996,-0.0270106,0.410092,2.6778,21.76,-8.59858,-3.69762,-0.223492,25.5191,0
2031228427,161.839,160.705,-0.415669,-0.291674,6.38965,7.62124,-0.0246318,0.0742466,2.49423,19.7499,-5.0647,-0.462406,-0.223406,25.9047,0
2031446748,161.715,160.651,-0.380355,-0.203835,6.39006,7.54759,-0.0231506,0.0212259,2.36854,18.5018,-2.36725,-1.39613,-0.223314,26.324,0
2031638887,161.604,160.577,-0.393981,-0.662233,6.38903,7.30634,-0.0183461,-0.018208,3.78402,16.3468,0.262742,2.63166,-0.223213,26.6585,0
2031832906,161.493,160.385,-0.368904,-1.53299,6.38926,6.78829,-0.00798062,-0.00940252,8.23501,13.4933,6.82931,11.4061,-0.222997,26.9427,0
2032049659,161.368,160.003,-0.394469,-1.85424,6.38957,6.14819,0.00482757,0.212255,14.891,11.8646,12.4746,15.5908,-0.222528,27.2138,0
2032242665,161.255,159.649,-0.386031,-1.74653,6.38976,5.91569,0.00948129,0.481837,18.6675,12.834,11.4165,16.1363,-0.221917,27.447,0
2032460185,161.127,159.252,-0.35299,-1.80833,6.38884,6.15191,0.00473848,0.611593,19.8689,16.8977,11.1039,18.0054,-0.221146,27.7722,0
2032652187,161.009,158.963,-0.407831,-1.41833,6.38884,6.77719,-0.00776703,0.716533,17.5121,22.6252,6.65527,14.8184,-0.220483,28.1529,0
2032866584,160.872,158.662,-0.359521,-1.4147,6.3891,7.72755,-0.0267691,0.584891,12.2276,31.1221,5.06462,15.0744,-0.219917,28.7404,0
2033053958,160.618,158.429,-1.80123,-0.634953,6.38925,8.33349,-0.0388847,0.539817,7.15358,35.7781,-4.60457,-6.61466,-0.118052,29.4336,0
2033271664,159.879,158.443,-3.08512,0.373882,6.38927,9.25632,-0.057341,0.247145,-8.33888,36.5178,-22.1711,-31.1028,-0.1,32.5649,0
2033464792,159.151,158.528,-2.2629,0.341933,6.38859,9.63534,-0.0649349,-0.140636,-19.9055,32.12,-22.8388,-26.2741,-0.1,36.4056,0
2033657726,158.801,158.539,-0.967569,-0.375886,6.38853,9.54086,-0.0630465,-0.442179,-22.5364,27.6782,-10.4808,-9.41967,-0.1,37.5765,0
2033870810,158.639,158.426,-0.36787,-0.698599,6.38916,9.04022,-0.0530213,-0.595714,-18.3663,22.538,3.56963,-1.66272,-0.100799,38.1051,0
2034062646,158.581,158.273,-0.148528,-0.833807,6.38832,8.38374,-0.0399083,-0.579018,-11.7198,17.7566,9.43516,2.20054,-0.101325,38.4923,0
2034280846,158.554,158.076,-0.037455,-0.795685,6.38799,7.15679,-0.015376,-0.435683,-0.519604,9.89368,11.2957,4.42765,-0.101542,38.7827,0
2034474635,158.544,157.936,0.00360645,-0.581051,6.38836,6.55119,-0.00325673,-0.306225,4.90938,7.01648,9.09799,3.74872,-0.101435,38.9342,0
2034686489,158.539,157.891,0.021269,0.229282,6.38818,6.39767,-0.000189867,-0.0978086,6.30223,6.42358,2.23191,-2.66444,-0.101209,39.0778,0
2034878877,158.538,157.96,0.0241931,0.507037,6.38812,6.20929,0.00357655,-0.109769,6.79398,4.54126,-2.58525,-5.43888,-0.100976,39.1818,0
2035072303,158.537,158.049,0.0224219,0.449498,6.38815,6.05459,0.00667118,-0.154437,6.86242,2.71204,-3.10461,-5.16363,-0.10074,39.2521,0
2035289886,158.537,158.157,0.0184487,0.3228,6.38823,5.69511,0.0138625,-0.170112,7.90821,-0.467041,-3.33035,-4.03242,-0.100436,39.266,0
2035482662,158.537,158.186,0.0170183,-0.0456786,6.38869,5.99834,0.00780714,-0.264394,5.85506,1.01965,-0.381961,-1.01791,-0.10019,39.2653,0
2035699257,158.537,158.075,0.0231026,-0.625629,6.3889,6.64463,-0.00511446,-0.411457,2.86476,6.19775,6.47301,3.66189,-0.10003,39.3483,0
2035892455,158.537,157.892,0.032222,-1.0121,6.38837,6.94044,-0.0110414,-0.453836,2.64059,9.99902,10.7272,7.16811,-0.0999481,39.5148,0
2036102349,158.537,157.617,0.0459999,-1.09364,6.38821,6.44389,-0.00111347,-0.293125,8.66489,9.37927,13.8048,9.2944,-0.0997429,39.7304,0
2036294033,158.537,157.414,0.0561279,-0.933249,6.38873,5.49548,0.0178649,-0.161076,16.3163,5.70081,11.4555,8.7191,-0.0992832,39.8676,0
2036488091,158.537,157.242,0.0647385,-0.584875,6.38799,5.22168,0.0233261,-0.119916,19.4676,5.92712,9.07843,5.62256,-0.0986295,39.9744,0
2036706025,158.537,157.155,0.0690826,-0.27016,6.38888,5.80242,0.0117291,-0.217195,17.1243,9.97461,5.15751,1.99852,-0.097885,40.1425,0
2036894071,158.527,157.072,-0.0614493,-0.466365,6.3878,6.87077,-0.00965928,-0.433561,11.0658,17.4692,5.92657,1.05834,-0.0974137,40.4083,0
2037111203,158.438,156.922,-0.861967,-0.59841,6.38798,7.4163,-0.0205664,-0.487055,7.76874,21.9639,5.71537,-6.04424,-0.0970749,40.8618,0
2037304043,157.945,156.86,-2.59613,-0.157095,6.38758,6.7886,-0.00802052,-0.263004,8.00657,13.2906,-11.2357,-25.6497,-0.0967972,42.4935,0
2037497687,157.184,156.814,-3.34124,-0.212488,6.38806,6.36924,0.000376396,-0.168592,3.75347,3.51343,-15.3628,-31.7588,-0.0965861,46.6764,0
2037714516,156.263,156.716,-2.72204,-0.779034,6.38755,6.10045,0.0057419,-0.138304,-2.64756,-6.23279,-13.1801,-19.9331,-0.0965867,52.5382,0
2037906817,155.849,156.497,-1.15263,-1.37608,6.38763,5.64325,0.0148875,-0.127532,-1.87418,-10.8297,-3.90939,1.38755,-0.096687,54.9403,0
2038099672,155.671,156.173,-0.536623,-1.80381,6.38949,4.32414,0.0413071,0.0515641,6.13989,-15.9875,7.95222,12.4712,-0.0966095,55.3215,0
2038313041,155.589,155.823,-0.206081,-1.46505,6.38882,3.0,0.0677763,0.398398,13.6154,-18.2015,10.9623,13.3381,-0.0961776,54.9373,0
2038506122,155.559,155.546,-0.0817431,-1.34215,6.38722,3.0,0.0677443,0.780097,16.022,-15.7745,11.1693,14.4975,-0.0956512,54.6121,0
2038718717,155.545,155.34,-0.0224274,-0.691914,6.38834,3.0,0.0677669,0.909027,17.923,-13.8879,6.30791,9.0892,-0.0949862,54.3012,0
2038908173,155.54,155.255,0.000834624,-0.2195,6.38848,3.62301,0.0553095,0.943693,16.6408,-11.0458,1.22929,5.37936,-0.0943797,54.0641,0
2039121135,155.538,155.189,0.0118676,-0.43417,6.38836,3.81504,0.0514663,0.842513,16.5557,-9.70093,0.876434,7.39201,-0.093754,53.853,0
2039314723,155.537,155.185,0.015612,0.386957,6.3873,4.2637,0.042472,0.843682,14.7593,-7.85913,-3.15656,-0.22553,-0.0931848,53.6795,0
2039531271,155.537,155.275,0.0120787,0.245673,6.38836,5.231,0.0231471,0.482192,9.29407,-4.15369,-5.10921,0.110489,-0.0927245,53.5524,0
2039723978,155.537,155.332,0.0096991,0.406114,6.38883,6.06346,0.00650739,0.175972,4.02934,-0.0222168,-4.61781,-2.85996,-0.0925015,53.5166,0
2039917661,155.537,155.368,0.00845032,-0.239536,6.38845,6.52706,-0.00277203,-0.253324,0.762295,2.55249,-0.582929,0.796542,-0.0924359,53.5469,0
2040130102,155.537,155.222,0.0157494,-0.806828,6.38842,6.59288,-0.00408923,-0.406155,1.7619,4.41602,8.92946,5.41596,-0.0923987,53.6256,0
2040322655,155.537,155.065,0.0235748,-0.842365,6.38796,5.84917,0.0107757,-0.241717,7.92037,1.32715,9.85817,7.01509,-0.0922292,53.6846,0
2040540731,155.537,154.915,0.0310677,-0.576207,6.38921,5.03641,0.027056,-0.0192775,13.8217,-1.63489,7.7048,5.72197,-0.0917685,53.6711,0
2040733671,155.537,154.836,0.035038,-0.372346,6.38807,3.95116,0.0487383,0.0437922,19.47,-5.72583,5.02939,3.97553,-0.0911943,53.6098,0
2040927312,155.537,154.797,0.036982,-0.058902,6.3881,3.0,0.0677621,0.00414865,23.1573,-8.65051,2.72983,0.74946,-0.0904016,53.3975,0
2041143419,155.537,154.743,0.0396652,-0.771005,6.38809,3.0,0.0677618,-0.324633,23.6835,-8.12415,5.28815,6.77277,-0.089485,53.0952,0
2041332789,155.537,154.549,0.0493599,-1.03454,6.38864,3.37964,0.0601799,-0.503371,24.3775,-5.01526,10.9716,8.7248,-0.0886502,52.8204,0
2041549734,155.537,154.266,0.0635551,-1.34351,6.38803,3.55246,0.0567113,-0.482613,26.5587,-1.62817,14.5307,11.8827,-0.0876522,52.5667,0
2041741853,155.537,153.978,0.0779381,-1.24039,6.38784,3.07049,0.066347,-0.159167,30.9745,-0.401978,14.6865,12.236,-0.0866389,52.1707,0
2041934676,155.537,153.71,0.0913498,-1.29902,6.3886,3.0,0.0677721,0.172546,33.8239,2.00964,13.6909,13.9492,-0.085492,51.5204,0
2042152379,155.537,153.406,0.106554,-1.34146,6.3886,3.0,0.0677721,0.566606,36.8058,4.99158,13.263,15.6966,-0.0840846,50.6585,0
2042346410,155.537,153.145,0.119576,-1.40855,6.3867,3.33675,0.0609989,0.824879,38.2809,8.62488,12.7215,17.5347,-0.0827453,49.8021,0
2042562526,155.537,153.074,0.123148,0.201412,6.38777,4.26144,0.0425265,-1.60381,35.4752,12.8315,6.69116,-7.78329,-0.0812834,49.0454,0
2042751657,155.537,153.09,0.122328,-0.156424,6.38757,4.17098,0.0443319,-1.63854,35.6946,12.2905,9.76209,-4.28558,-0.0800725,48.6108,0
2042968418,155.537,153.12,0.120826,0.0237497,6.93909,3.0,0.0787819,-2.6775,43.2735,4.12244,10.0351,-7.31685,-0.0785046,47.9291,0
2043158387,155.537,153.136,0.120023,0.0461896,7.93906,3.0,0.0987813,-3.71893,50.5548,-3.474,11.145,-10.7291,-0.0768797,47.3645,0
2043374729,155.537,153.15,0.11935,-0.116922,8.90791,3.0,0.118158,-3.974,58.5839,-11.767,13.5718,-9.95943,-0.0747033,47.073,0
2043567710,155.537,153.205,0.116564,0.0924893,10.1164,3.0,0.142329,-4.77319,69.5331,-23.809,13.8589,-14.5105,-0.0724395,46.7223,0
2043781175,155.537,153.262,0.113718,0.0898286,11.1804,3.0,0.163608,-4.87336,80.3046,-35.6967,14.9573,-14.8766,-0.0695075,46.0742,0
2043973969,155.537,153.3,0.111841,0.09461,11.3398,3.0,0.166795,-3.42144,81.7309,-37.8596,12.7798,-10.5957,-0.066635,45.3484,0
2044166691,155.537,153.326,0.110535,0.0997218,11.3597,3.0,0.167194,-2.28528,81.7011,-38.3422,9.12109,-7.2514,-0.0637674,44.613,0
2044384078,155.537,153.354,0.109146,0.0947867,11.3761,3.0,0.167522,-1.43819,81.6152,-38.8009,6.07717,-4.67633,-0.0605347,43.7741,0
2044577314,155.537,153.381,0.107803,0.106338,11.3777,3.0,0.167553,-0.964648,81.3694,-39.0818,4.23049,-3.38223,-0.0576673,43.021,0
2044766623,155.537,153.412,0.106247,0.110348,11.3801,3.0,0.167601,-0.645192,81.0913,-39.4143,2.92328,-2.4786,-0.0548673,42.7449,0
2044983407,155.537,153.449,0.104385,0.116127,11.3791,3.0,0.167582,-0.419616,80.7155,-39.7689,1.9881,-1.87675,-0.051675,42.7698,0
2045176169,155.537,153.482,0.10274,0.117042,11.3751,3.0,0.167502,-0.281333,80.3473,-40.0458,1.44071,-1.48676,-0.048849,42.8063,0
2045345258,155.537,153.512,0.101237,0.123352,11.3693,3.0,0.167387,-0.200474,79.9869,-40.275,1.07488,-1.32046,-0.0463816,42.8487,0
