timestamp,x,y,z,r,flaps,aux1,aux2,aux3,aux4,aux5,aux6,mode_switch,return_switch,rattitude_switch,posctl_switch,loiter_switch,acro_switch,offboard_switch,kill_switch,arm_switch,transition_switch,gear_switch,mode_slot,data_source,stab_switch,man_switch
1816784246,0.157623,1.89364e-27,0.0,5.81871e-29,0.0,0.0,0.0,0.0,0.0,0.0,0.0,3,0,0,0,0,3,0,0,0,0,0,0,1,0,0
1816992989,0.157623,-4.46136e-31,0.0,-1.25733e-31,0.0,0.0,0.0,0.0,0.0,0.0,0.0,3,0,0,0,0,3,0,0,0,0,0,0,1,0,0
1817205570,0.157623,-4.12265e-34,0.0,8.5079e-35,0.0,0.0,0.0,0.0,0.0,0.0,0.0,3,0,0,0,0,3,0,0,0,0,0,0,1,0,0
1817399970,0.157623,2.41817e-37,0.0,-1.34037e-37,0.0,0.0,0.0,0.0,0.0,0.0,0.0,3,0,0,0,0,3,0,0,0,0,0,0,1,0,0
1817591932,0.157623,2.12758e-40,0.0,1.92124e-40,0.0,0.0,0.0,0.0,0.0,0.0,0.0,3,0,0,0,0,3,0,0,0,0,0,0,1,0,0
1817794524,0.157623,8.08549e-43,0.0,-1.05097e-43,0.0,0.0,0.0,0.0,0.0,0.0,0.0,3,0,0,0,0,3,0,0,0,0,0,0,1,0,0
1818008822,0.157623,-0.0,0.0,0.0,0.0,0.0,0.0,0.0,0.0,0.0,0.0,3,0,0,0,0,3,0,0,0,0,0,0,1,0,0
1818192104,0.157623,0.0,0.0,0.0,0.0,0.0,0.0,0.0,0.0,0.0,0.0,3,0,0,0,0,3,0,0,0,0,0,0,1,0,0
1818408815,0.157623,0.0,0.0,0.0,0.0,0.0,0.0,0.0,0.0,0.0,0.0,3,0,0,0,0,3,0,0,0,0,0,0,1,0,0
1818600740,0.157623,0.0,0.0,0.0,0.0,0.0,0.0,0.0,0.0,0.0,0.0,3,0,0,0,0,3,0,0,0,0,0,0,1,0,0
1818817569,0.157623,0.0,0.0,0.0,0.0,0.0,0.0,0.0,0.0,0.0,0.0,3,0,0,0,0,3,0,0,0,0,0,0,1,0,0
1819023733,0.157623,0.0,0.0,0.0,0.0,0.0,0.0,0.0,0.0,0.0,0.0,3,0,0,0,0,3,0,0,0,0,0,0,1,0,0
1819216855,0.157623,0.0,0.0,0.0,0.0,0.0,0.0,0.0,0.0,0.0,0.0,3,0,0,0,0,3,0,0,0,0,0,0,1,0,0
1819408711,0.157623,0.0,0.0,0.0,0.0,0.0,0.0,0.0,0.0,0.0,0.0,3,0,0,0,0,3,0,0,0,0,0,0,1,0,0
1819626405,0.157623,0.0,0.0,0.0,0.0,0.0,0.0,0.0,0.0,0.0,0.0,3,0,0,0,0,3,0,0,0,0,0,0,1,0,0
1819811330,0.157623,0.0,0.0,0.0,0.0,0.0,0.0,0.0,0.0,0.0,0.0,3,0,0,0,0,3,0,0,0,0,0,0,1,0,0
1820013601,0.157623,0.0,0.0,0.0,0.0,0.0,0.0,0.0,0.0,0.0,0.0,3,0,0,0,0,3,0,0,0,0,0,0,1,0,0
1820229596,0.157623,0.0,0.0,0.0,0.0,0.0,0.0,0.0,0.0,0.0,0.0,3,0,0,0,0,3,0,0,0,0,0,0,1,0,0
1820422450,0.157623,0.0,0.0,0.0,0.0,0.0,0.0,0.0,0.0,0.0,0.0,3,0,0,0,0,3,0,0,0,0,0,0,1,0,0
1820635717,0.157623,0.0,0.0,0.0,0.0,0.0,0.0,0.0,0.0,0.0,0.0,3,0,0,0,0,3,0,0,0,0,0,0,1,0,0
1820824869,0.157623,0.0,0.0,0.0,0.0,0.0,0.0,0.0,0.0,0.0,0.0,3,0,0,0,0,3,0,0,0,0,0,0,1,0,0
1821041753,0.157623,0.0,0.0,0.0,0.0,0.0,0.0,0.0,0.0,0.0,0.0,3,0,0,0,0,3,0,0,0,0,0,0,1,0,0
1821231162,0.157623,0.0,0.0,0.0,0.0,0.0,0.0,0.0,0.0,0.0,0.0,3,0,0,0,0,3,0,0,0,0,0,0,1,0,0
1821448160,0.157623,0.0,0.0,0.0,0.0,0.0,0.0,0.0,0.0,0.0,0.0,3,0,0,0,0,3,0,0,0,0,0,0,1,0,0
1821640520,0.157623,0.0,0.0,0.0,0.0,0.0,0.0,0.0,0.0,0.0,0.0,3,0,0,0,0,3,0,0,0,0,0,0,1,0,0
1821849677,0.157623,0.0,0.0,0.0,0.0,0.0,0.0,0.0,0.0,0.0,0.0,3,0,0,0,0,3,0,0,0,0,0,0,1,0,0
1822040065,0.157623,0.0,0.0,0.0,0.0,0.0,0.0,0.0,0.0,0.0,0.0,3,0,0,0,0,3,0,0,0,0,0,0,1,0,0
1822255337,0.157623,0.0,0.0,0.0,0.0,0.0,0.0,0.0,0.0,0.0,0.0,3,0,0,0,0,3,0,0,0,0,0,0,1,0,0
1822440730,0.157623,0.0,0.0,0.0,0.0,0.0,0.0,0.0,0.0,0.0,0.0,3,0,0,0,0,3,0,0,0,0,0,0,1,0,0
1822659256,0.157623,0.0,0.0,0.0,0.0,0.0,0.0,0.0,0.0,0.0,0.0,3,0,0,0,0,3,0,0,0,0,0,0,1,0,0
1822847158,0.157623,0.0,0.0,0.0,0.0,0.0,0.0,0.0,0.0,0.0,0.0,3,0,0,0,0,3,0,0,0,0,0,0,1,0,0
1823059275,0.157623,0.0,0.0,0.0,0.0,0.0,0.0,0.0,0.0,0.0,0.0,3,0,0,0,0,3,0,0,0,0,0,0,1,0,0
1823272738,0.157623,0.0,0.0,0.0,0.0,0.0,0.0,0.0,0.0,0.0,0.0,3,0,0,0,0,3,0,0,0,0,0,0,1,0,0
1823458114,0.157623,0.0,0.0,0.0,0.0,0.0,0.0,0.0,0.0,0.0,0.0,3,0,0,0,0,3,0,0,0,0,0,0,1,0,0
1823671291,0.157623,0.0,0.0,0.0,0.0,0.0,0.0,0.0,0.0,0.0,0.0,3,0,0,0,0,3,0,0,0,0,0,0,1,0,0
1823864902,0.157623,0.0,0.0,0.0,0.0,0.0,0.0,0.0,0.0,0.0,0.0,3,0,0,0,0,3,0,0,0,0,0,0,1,0,0
1824080990,0.157623,0.0,0.0,0.0,0.0,0.0,0.0,0.0,0.0,0.0,0.0,3,0,0,0,0,3,0,0,0,0,0,0,1,0,0
1824268798,0.157623,0.0,0.0,0.0,0.0,0.0,0.0,0.0,0.0,0.0,0.0,3,0,0,0,0,3,0,0,0,0,0,0,1,0,0
1824483132,0.157623,0.0,0.0,0.0,0.0,0.0,0.0,0.0,0.0,0.0,0.0,3,0,0,0,0,3,0,0,0,0,0,0,1,0,0
1824671995,0.157623,0.0,0.0,0.0,0.0,0.0,0.0,0.0,0.0,0.0,0.0,3,0,0,0,0,3,0,0,0,0,0,0,1,0,0
1824885159,0.157623,0.0,0.0,0.0,0.0,0.0,0.0,0.0,0.0,0.0,0.0,3,0,0,0,0,3,0,0,0,0,0,0,1,0,0
1825078438,0.157623,0.0,0.0,0.0,0.0,0.0,0.0,0.0,0.0,0.0,0.0,3,0,0,0,0,3,0,0,0,0,0,0,1,0,0
1825287469,0.157623,0.0,0.0,0.0,0.0,0.0,0.0,0.0,0.0,0.0,0.0,3,0,0,0,0,3,0,0,0,0,0,0,1,0,0
1825492003,0.157623,0.0,0.0,0.0,0.0,0.0,0.0,0.0,0.0,0.0,0.0,3,0,0,0,0,3,0,0,0,0,0,0,1,0,0
1825701685,0.157623,0.0,0.0,0.0,0.0,0.0,0.0,0.0,0.0,0.0,0.0,3,0,0,0,0,3,0,0,0,0,0,0,1,0,0
1825894407,0.157623,0.0,0.0,0.0,0.0,0.0,0.0,0.0,0.0,0.0,0.0,3,0,0,0,0,3,0,0,0,0,0,0,1,0,0
1826103133,0.157623,0.0,0.0,0.0,0.0,0.0,0.0,0.0,0.0,0.0,0.0,3,0,0,0,0,3,0,0,0,0,0,0,1,0,0
1826312034,0.157623,0.0,0.0,0.0,0.0,0.0,0.0,0.0,0.0,0.0,0.0,3,0,0,0,0,3,0,0,0,0,0,0,1,0,0
1826497801,0.157623,0.0,0.0,0.0,0.0,0.0,0.0,0.0,0.0,0.0,0.0,3,0,0,0,0,3,0,0,0,0,0,0,1,0,0
1826715282,0.157623,0.0,0.0,0.0,0.0,0.0,0.0,0.0,0.0,0.0,0.0,3,0,0,0,0,3,0,0,0,0,0,0,1,0,0
1826908272,0.157623,0.0,0.0,0.0,0.0,0.0,0.0,0.0,0.0,0.0,0.0,3,0,0,0,0,3,0,0,0,0,0,0,1,0,0
1827124764,0.157623,0.0,0.0,0.0,0.0,0.0,0.0,0.0,0.0,0.0,0.0,3,0,0,0,0,3,0,0,0,0,0,0,1,0,0
1827315249,0.157623,0.0,0.0,0.0,0.0,0.0,0.0,0.0,0.0,0.0,0.0,3,0,0,0,0,3,0,0,0,0,0,0,1,0,0
1827507240,0.157623,0.0,0.0,0.0,0.0,0.0,0.0,0.0,0.0,0.0,0.0,3,0,0,0,0,3,0,0,0,0,0,0,1,0,0
1827723915,0.157623,0.0,0.0,0.0,0.0,0.0,0.0,0.0,0.0,0.0,0.0,3,0,0,0,0,3,0,0,0,0,0,0,1,0,0
1827932730,0.157623,0.0,0.0,0.0,0.0,0.0,0.0,0.0,0.0,0.0,0.0,3,0,0,0,0,3,0,0,0,0,0,0,1,0,0
1828121735,0.157623,0.0,0.0,0.0,0.0,0.0,0.0,0.0,0.0,0.0,0.0,3,0,0,0,0,3,0,0,0,0,0,0,1,0,0
1828331152,0.157623,0.0,0.0,0.0,0.0,0.0,0.0,0.0,0.0,0.0,0.0,3,0,0,0,0,3,0,0,0,0,0,0,1,0,0
1828520069,0.157623,0.0,0.0,0.0,0.0,0.0,0.0,0.0,0.0,0.0,0.0,3,0,0,0,0,3,0,0,0,0,0,0,1,0,0
1828736703,0.157623,0.0,0.0,0.0,0.0,0.0,0.0,0.0,0.0,0.0,0.0,3,0,0,0,0,3,0,0,0,0,0,0,1,0,0
1828927468,0.157623,0.0,0.0,0.0,0.0,0.0,0.0,0.0,0.0,0.0,0.0,3,0,0,0,0,3,0,0,0,0,0,0,1,0,0
1829144150,0.157623,0.0,0.0,0.0,0.0,0.0,0.0,0.0,0.0,0.0,0.0,3,0,0,0,0,3,0,0,0,0,0,0,1,0,0
1829336225,0.157623,0.0,0.0,0.0,0.0,0.0,0.0,0.0,0.0,0.0,0.0,3,0,0,0,0,3,0,0,0,0,0,0,1,0,0
1829529651,0.157623,0.0,0.0,0.0,0.0,0.0,0.0,0.0,0.0,0.0,0.0,3,0,0,0,0,3,0,0,0,0,0,0,1,0,0
1829746466,0.157623,0.0,0.0,0.0,0.0,0.0,0.0,0.0,0.0,0.0,0.0,3,0,0,0,0,3,0,0,0,0,0,0,1,0,0
1829935168,0.157623,0.0,0.0,0.0,0.0,0.0,0.0,0.0,0.0,0.0,0.0,3,0,0,0,0,3,0,0,0,0,0,0,1,0,0
1830144915,0.157623,0.0,0.0,0.0,0.0,0.0,0.0,0.0,0.0,0.0,0.0,3,0,0,0,0,3,0,0,0,0,0,0,1,0,0
1830337724,0.157623,0.0,0.0,0.0,0.0,0.0,0.0,0.0,0.0,0.0,0.0,3,0,0,0,0,3,0,0,0,0,0,0,1,0,0
1830551229,0.157623,0.0,0.0,0.0,0.0,0.0,0.0,0.0,0.0,0.0,0.0,3,0,0,0,0,3,0,0,0,0,0,0,1,0,0
1830744130,0.157623,0.0,0.0,0.0,0.0,0.0,0.0,0.0,0.0,0.0,0.0,3,0,0,0,0,3,0,0,0,0,0,0,1,0,0
1830960807,0.157623,0.0,0.0,0.0,0.0,0.0,0.0,0.0,0.0,0.0,0.0,3,0,0,0,0,3,0,0,0,0,0,0,1,0,0
1831152704,0.157623,0.0,0.0,0.0,0.0,0.0,0.0,0.0,0.0,0.0,0.0,3,0,0,0,0,3,0,0,0,0,0,0,1,0,0
1831359309,0.157623,0.0,0.0,0.0,0.0,0.0,0.0,0.0,0.0,0.0,0.0,3,0,0,0,0,3,0,0,0,0,0,0,1,0,0
1831551715,0.157623,0.0,0.0,0.0,0.0,0.0,0.0,0.0,0.0,0.0,0.0,3,0,0,0,0,3,0,0,0,0,0,0,1,0,0
1831769598,0.157623,0.0,0.0,0.0,0.0,0.0,0.0,0.0,0.0,0.0,0.0,3,0,0,0,0,3,0,0,0,0,0,0,1,0,0
1831957786,0.157623,0.0,0.0,0.0,0.0,0.0,0.0,0.0,0.0,0.0,0.0,3,0,0,0,0,3,0,0,0,0,0,0,1,0,0
1832167367,0.157623,0.0,0.0,0.0,0.0,0.0,0.0,0.0,0.0,0.0,0.0,3,0,0,0,0,3,0,0,0,0,0,0,1,0,0
1832359143,0.157623,0.0,0.0,0.0,0.0,0.0,0.0,0.0,0.0,0.0,0.0,3,0,0,0,0,3,0,0,0,0,0,0,1,0,0
1832576762,0.157623,0.0,0.0,0.0,0.0,0.0,0.0,0.0,0.0,0.0,0.0,3,0,0,0,0,3,0,0,0,0,0,0,1,0,0
1832781791,0.157623,0.0,0.0,0.0,0.0,0.0,0.0,0.0,0.0,0.0,0.0,3,0,0,0,0,3,0,0,0,0,0,0,1,0,0
1832966909,0.157623,0.0,0.0,0.0,0.0,0.0,0.0,0.0,0.0,0.0,0.0,3,0,0,0,0,3,0,0,0,0,0,0,1,0,0
1833184809,0.157623,0.0,0.0,0.0,0.0,0.0,0.0,0.0,0.0,0.0,0.0,3,0,0,0,0,3,0,0,0,0,0,0,1,0,0
1833376876,0.157623,0.0,0.0,0.0,0.0,0.0,0.0,0.0,0.0,0.0,0.0,3,0,0,0,0,3,0,0,0,0,0,0,1,0,0
1833587456,0.157623,0.0,0.0,0.0,0.0,0.0,0.0,0.0,0.0,0.0,0.0,3,0,0,0,0,3,0,0,0,0,0,0,1,0,0
1833775308,0.157623,0.0,0.0,0.0,0.0,0.0,0.0,0.0,0.0,0.0,0.0,3,0,0,0,0,3,0,0,0,0,0,0,1,0,0
1833991990,0.157623,0.0,0.0,0.0,0.0,0.0,0.0,0.0,0.0,0.0,0.0,3,0,0,0,0,3,0,0,0,0,0,0,1,0,0
1834184999,0.157623,0.0,0.0,0.0,0.0,0.0,0.0,0.0,0.0,0.0,0.0,3,0,0,0,0,3,0,0,0,0,0,0,1,0,0
1834390594,0.157623,0.0,0.0,0.0,0.0,0.0,0.0,0.0,0.0,0.0,0.0,3,0,0,0,0,3,0,0,0,0,0,0,1,0,0
1834584215,0.157623,0.0,0.0,0.0,0.0,0.0,0.0,0.0,0.0,0.0,0.0,3,0,0,0,0,3,0,0,0,0,0,0,1,0,0
1834796798,0.157623,0.0,0.0,0.0,0.0,0.0,0.0,0.0,0.0,0.0,0.0,3,0,0,0,0,3,0,0,0,0,0,0,1,0,0
1834989095,0.157623,0.0,0.0,0.0,0.0,0.0,0.0,0.0,0.0,0.0,0.0,3,0,0,0,0,3,0,0,0,0,0,0,1,0,0
1835202489,0.157623,0.0,0.0,0.0,0.0,0.0,0.0,0.0,0.0,0.0,0.0,3,0,0,0,0,3,0,0,0,0,0,0,1,0,0
1835395206,0.157623,0.0,0.0,0.0,0.0,0.0,0.0,0.0,0.0,0.0,0.0,3,0,0,0,0,3,0,0,0,0,0,0,1,0,0
1835599938,0.157623,0.0,0.0,0.0,0.0,0.0,0.0,0.0,0.0,0.0,0.0,3,0,0,0,0,3,0,0,0,0,0,0,1,0,0
1835812727,0.157623,0.0,0.0,0.0,0.0,0.0,0.0,0.0,0.0,0.0,0.0,3,0,0,0,0,3,0,0,0,0,0,0,1,0,0
1836006914,0.157623,0.0,0.0,0.0,0.0,0.0,0.0,0.0,0.0,0.0,0.0,3,0,0,0,0,3,0,0,0,0,0,0,1,0,0
1836199190,0.157623,0.0,0.0,0.0,0.0,0.0,0.0,0.0,0.0,0.0,0.0,3,0,0,0,0,3,0,0,0,0,0,0,1,0,0
1836411982,0.157623,0.0,0.0,0.0,0.0,0.0,0.0,0.0,0.0,0.0,0.0,3,0,0,0,0,3,0,0,0,0,0,0,1,0,0
1836601760,0.157623,0.0,0.0,0.0,0.0,0.0,0.0,0.0,0.0,0.0,0.0,3,0,0,0,0,3,0,0,0,0,0,0,1,0,0
1836819384,0.157623,0.0,0.0,0.0,0.0,0.0,0.0,0.0,0.0,0.0,0.0,3,0,0,0,0,3,0,0,0,0,0,0,1,0,0
1837011143,0.157623,0.0,0.0,0.0,0.0,0.0,0.0,0.0,0.0,0.0,0.0,3,0,0,0,0,3,0,0,0,0,0,0,1,0,0
1837206532,0.157623,0.0,0.0,0.0,0.0,0.0,0.0,0.0,0.0,0.0,0.0,3,0,0,0,0,3,0,0,0,0,0,0,1,0,0
1837417530,0.157623,0.0,0.0,0.0,0.0,0.0,0.0,0.0,0.0,0.0,0.0,3,0,0,0,0,3,0,0,0,0,0,0,1,0,0
1837627143,0.157623,0.0,0.0,0.0,0.0,0.0,0.0,0.0,0.0,0.0,0.0,3,0,0,0,0,3,0,0,0,0,0,0,1,0,0
1837815718,0.157623,0.0,0.0,0.0,0.0,0.0,0.0,0.0,0.0,0.0,0.0,3,0,0,0,0,3,0,0,0,0,0,0,1,0,0
1838033700,0.157623,0.0,0.0,0.0,0.0,0.0,0.0,0.0,0.0,0.0,0.0,3,0,0,0,0,3,0,0,0,0,0,0,1,0,0
1838225803,0.157623,0.0,0.0,0.0,0.0,0.0,0.0,0.0,0.0,0.0,0.0,3,0,0,0,0,3,0,0,0,0,0,0,1,0,0
1838439106,0.157623,0.0,0.0,0.0,0.0,0.0,0.0,0.0,0.0,0.0,0.0,3,0,0,0,0,3,0,0,0,0,0,0,1,0,0
1838631136,0.157623,0.0,0.0,0.0,0.0,0.0,0.0,0.0,0.0,0.0,0.0,3,0,0,0,0,3,0,0,0,0,0,0,1,0,0
1838840749,0.157623,0.0,0.0,0.0,0.0,0.0,0.0,0.0,0.0,0.0,0.0,3,0,0,0,0,3,0,0,0,0,0,0,1,0,0
1839030122,0.157623,0.0,0.0,0.0,0.0,0.0,0.0,0.0,0.0,0.0,0.0,3,0,0,0,0,3,0,0,0,0,0,0,1,0,0
1839247517,0.157623,0.0,0.0,0.0,0.0,0.0,0.0,0.0,0.0,0.0,0.0,3,0,0,0,0,3,0,0,0,0,0,0,1,0,0
1839435172,0.157623,0.0,0.0,0.0,0.0,0.0,0.0,0.0,0.0,0.0,0.0,3,0,0,0,0,3,0,0,0,0,0,0,1,0,0
1839648971,0.157623,0.0,0.0,0.0,0.0,0.0,0.0,0.0,0.0,0.0,0.0,3,0,0,0,0,3,0,0,0,0,0,0,1,0,0
1839842074,0.157623,0.0,0.0,0.0,0.0,0.0,0.0,0.0,0.0,0.0,0.0,3,0,0,0,0,3,0,0,0,0,0,0,1,0,0
1840051193,0.157623,0.0,0.0,0.0,0.0,0.0,0.0,0.0,0.0,0.0,0.0,3,0,0,0,0,3,0,0,0,0,0,0,1,0,0
1840239952,0.157623,0.0,0.0,0.0,0.0,0.0,0.0,0.0,0.0,0.0,0.0,3,0,0,0,0,3,0,0,0,0,0,0,1,0,0
1840453640,0.157623,0.0,0.0,0.0,0.0,0.0,0.0,0.0,0.0,0.0,0.0,3,0,0,0,0,3,0,0,0,0,0,0,1,0,0
1840646544,0.157623,0.0,0.0,0.0,0.0,0.0,0.0,0.0,0.0,0.0,0.0,3,0,0,0,0,3,0,0,0,0,0,0,1,0,0
1840863143,0.157623,0.0,0.0,0.0,0.0,0.0,0.0,0.0,0.0,0.0,0.0,3,0,0,0,0,3,0,0,0,0,0,0,1,0,0
1841072861,0.157623,0.0,0.0,0.0,0.0,0.0,0.0,0.0,0.0,0.0,0.0,3,0,0,0,0,3,0,0,0,0,0,0,1,0,0
1841266461,0.157623,0.0,0.0,0.0,0.0,0.0,0.0,0.0,0.0,0.0,0.0,3,0,0,0,0,3,0,0,0,0,0,0,1,0,0
1841458378,0.157623,0.0,0.0,0.0,0.0,0.0,0.0,0.0,0.0,0.0,0.0,3,0,0,0,0,3,0,0,0,0,0,0,1,0,0
1841671143,0.157623,0.0,0.0,0.0,0.0,0.0,0.0,0.0,0.0,0.0,0.0,3,0,0,0,0,3,0,0,0,0,0,0,1,0,0
1841865738,0.157623,0.0,0.0,0.0,0.0,0.0,0.0,0.0,0.0,0.0,0.0,3,0,0,0,0,3,0,0,0,0,0,0,1,0,0
1842081572,0.157623,0.0,0.0,0.0,0.0,0.0,0.0,0.0,0.0,0.0,0.0,3,0,0,0,0,3,0,0,0,0,0,0,1,0,0
1842287279,0.157623,0.0,0.0,0.0,0.0,0.0,0.0,0.0,0.0,0.0,0.0,3,0,0,0,0,3,0,0,0,0,0,0,1,0,0
1842480061,0.157623,0.0,0.0,0.0,0.0,0.0,0.0,0.0,0.0,0.0,0.0,3,0,0,0,0,3,0,0,0,0,0,0,1,0,0
1842672759,0.157623,0.0,0.0,0.0,0.0,0.0,0.0,0.0,0.0,0.0,0.0,3,0,0,0,0,3,0,0,0,0,0,0,1,0,0
1842889830,0.157623,0.0,0.0,0.0,0.0,0.0,0.0,0.0,0.0,0.0,0.0,3,0,0,0,0,3,0,0,0,0,0,0,1,0,0
1843079360,0.157623,0.0,0.0,0.0,0.0,0.0,0.0,0.0,0.0,0.0,0.0,3,0,0,0,0,3,0,0,0,0,0,0,1,0,0
1843295194,0.157623,0.0,0.0,0.0,0.0,0.0,0.0,0.0,0.0,0.0,0.0,3,0,0,0,0,3,0,0,0,0,0,0,1,0,0
1843488855,0.157623,0.0,0.0,0.0,0.0,0.0,0.0,0.0,0.0,0.0,0.0,3,0,0,0,0,3,0,0,0,0,0,0,1,0,0
1843698368,0.157623,0.0,0.0,0.0,0.0,0.0,0.0,0.0,0.0,0.0,0.0,3,0,0,0,0,3,0,0,0,0,0,0,1,0,0
1843887337,0.157623,0.0,0.0,0.0,0.0,0.0,0.0,0.0,0.0,0.0,0.0,3,0,0,0,0,3,0,0,0,0,0,0,1,0,0
1844104005,0.157623,0.0,0.0,0.0,0.0,0.0,0.0,0.0,0.0,0.0,0.0,3,0,0,0,0,3,0,0,0,0,0,0,1,0,0
1844296871,0.157623,0.0,0.0,0.0,0.0,0.0,0.0,0.0,0.0,0.0,0.0,3,0,0,0,0,3,0,0,0,0,0,0,1,0,0
1844510570,0.157623,0.0,0.0,0.0,0.0,0.0,0.0,0.0,0.0,0.0,0.0,3,0,0,0,0,3,0,0,0,0,0,0,1,0,0
1844719314,0.157623,0.0,0.0,0.0,0.0,0.0,0.0,0.0,0.0,0.0,0.0,3,0,0,0,0,3,0,0,0,0,0,0,1,0,0
1844911930,0.157623,0.0,0.0,0.0,0.0,0.0,0.0,0.0,0.0,0.0,0.0,3,0,0,0,0,3,0,0,0,0,0,0,1,0,0
1845105618,0.157623,0.0,0.0,0.0,0.0,0.0,0.0,0.0,0.0,0.0,0.0,3,0,0,0,0,3,0,0,0,0,0,0,1,0,0
1845314115,0.157623,0.0,0.0,0.0,0.0,0.0,0.0,0.0,0.0,0.0,0.0,3,0,0,0,0,3,0,0,0,0,0,0,1,0,0
1845527266,0.157623,0.0,0.0,0.0,0.0,0.0,0.0,0.0,0.0,0.0,0.0,3,0,0,0,0,3,0,0,0,0,0,0,1,0,0
1845712111,0.157623,0.0,0.0,0.0,0.0,0.0,0.0,0.0,0.0,0.0,0.0,3,0,0,0,0,3,0,0,0,0,0,0,1,0,0
1845924799,0.157623,0.0,0.0,0.0,0.0,0.0,0.0,0.0,0.0,0.0,0.0,3,0,0,0,0,3,0,0,0,0,0,0,1,0,0
1846139221,0.157623,0.0,0.0,0.0,0.0,0.0,0.0,0.0,0.0,0.0,0.0,3,0,0,0,0,3,0,0,0,0,0,0,1,0,0
1846331278,0.157623,0.0,0.0,0.0,0.0,0.0,0.0,0.0,0.0,0.0,0.0,3,0,0,0,0,3,0,0,0,0,0,0,1,0,0
1846523931,0.157623,0.0,0.0,0.0,0.0,0.0,0.0,0.0,0.0,0.0,0.0,3,0,0,0,0,3,0,0,0,0,0,0,1,0,0
1846737618,0.157623,0.0,0.0,0.0,0.0,0.0,0.0,0.0,0.0,0.0,0.0,3,0,0,0,0,3,0,0,0,0,0,0,1,0,0
1846930298,0.157623,0.0,0.0,0.0,0.0,0.0,0.0,0.0,0.0,0.0,0.0,3,0,0,0,0,3,0,0,0,0,0,0,1,0,0
1847139277,0.157623,0.0,0.0,0.0,0.0,0.0,0.0,0.0,0.0,0.0,0.0,3,0,0,0,0,3,0,0,0,0,0,0,1,0,0
1847332730,0.157623,0.0,0.0,0.0,0.0,0.0,0.0,0.0,0.0,0.0,0.0,3,0,0,0,0,3,0,0,0,0,0,0,1,0,0
1847549504,0.157623,0.0,0.0,0.0,0.0,0.0,0.0,0.0,0.0,0.0,0.0,3,0,0,0,0,3,0,0,0,0,0,0,1,0,0
1847758641,0.157623,0.0,0.0,0.0,0.0,0.0,0.0,0.0,0.0,0.0,0.0,3,0,0,0,0,3,0,0,0,0,0,0,1,0,0
1847951365,0.157623,0.0,0.0,0.0,0.0,0.0,0.0,0.0,0.0,0.0,0.0,3,0,0,0,0,3,0,0,0,0,0,0,1,0,0
1848145656,0.157623,0.0,0.0,0.0,0.0,0.0,0.0,0.0,0.0,0.0,0.0,3,0,0,0,0,3,0,0,0,0,0,0,1,0,0
1848362075,0.157623,0.0,0.0,0.0,0.0,0.0,0.0,0.0,0.0,0.0,0.0,3,0,0,0,0,3,0,0,0,0,0,0,1,0,0
1848551234,0.157623,0.0,0.0,0.0,0.0,0.0,0.0,0.0,0.0,0.0,0.0,3,0,0,0,0,3,0,0,0,0,0,0,1,0,0
1848760066,0.157623,0.0,0.0,0.0,0.0,0.0,0.0,0.0,0.0,0.0,0.0,3,0,0,0,0,3,0,0,0,0,0,0,1,0,0
1848970463,0.157623,0.0,0.0,0.0,0.0,0.0,0.0,0.0,0.0,0.0,0.0,3,0,0,0,0,3,0,0,0,0,0,0,1,0,0
1849178415,0.157623,0.0,0.0,0.0,0.0,0.0,0.0,0.0,0.0,0.0,0.0,3,0,0,0,0,3,0,0,0,0,0,0,1,0,0
1849370919,0.157623,0.0,0.0,0.0,0.0,0.0,0.0,0.0,0.0,0.0,0.0,3,0,0,0,0,3,0,0,0,0,0,0,1,0,0
1849563309,0.157623,0.0,0.0,0.0,0.0,0.0,0.0,0.0,0.0,0.0,0.0,3,0,0,0,0,3,0,0,0,0,0,0,1,0,0
1849780833,0.157623,0.0,0.0,0.0,0.0,0.0,0.0,0.0,0.0,0.0,0.0,3,0,0,0,0,3,0,0,0,0,0,0,1,0,0
1849974532,0.157623,0.0,0.0,0.0,0.0,0.0,0.0,0.0,0.0,0.0,0.0,3,0,0,0,0,3,0,0,0,0,0,0,1,0,0
1850188066,0.157623,0.0,0.0,0.0,0.0,0.0,0.0,0.0,0.0,0.0,0.0,3,0,0,0,0,3,0,0,0,0,0,0,1,0,0
1850380091,0.157623,0.0,0.0,0.0,0.0,0.0,0.0,0.0,0.0,0.0,0.0,3,0,0,0,0,3,0,0,0,0,0,0,1,0,0
1850593663,0.157623,0.0,0.0,0.0,0.0,0.0,0.0,0.0,0.0,0.0,0.0,3,0,0,0,0,3,0,0,0,0,0,0,1,0,0
1850778119,0.157623,0.0,0.0,0.0,0.0,0.0,0.0,0.0,0.0,0.0,0.0,3,0,0,0,0,3,0,0,0,0,0,0,1,0,0
1850992173,0.157623,0.0,0.0,0.0,0.0,0.0,0.0,0.0,0.0,0.0,0.0,3,0,0,0,0,3,0,0,0,0,0,0,1,0,0
1851184857,0.157623,0.0,0.0,0.0,0.0,0.0,0.0,0.0,0.0,0.0,0.0,3,0,0,0,0,3,0,0,0,0,0,0,1,0,0
1851400942,0.157623,0.0,0.0,0.0,0.0,0.0,0.0,0.0,0.0,0.0,0.0,3,0,0,0,0,3,0,0,0,0,0,0,1,0,0
1851590522,0.155056,-0.236643,0.0,0.0,0.0,0.0,0.0,0.0,0.0,0.0,0.0,3,0,0,0,0,3,0,0,0,0,0,0,1,0,0
1851807132,0.155573,-0.306097,0.0,0.0,0.0,0.0,0.0,0.0,0.0,0.0,0.0,3,0,0,0,0,3,0,0,0,0,0,0,1,0,0
1851999999,0.155577,-0.272626,0.0,0.0,0.0,0.0,0.0,0.0,0.0,0.0,0.0,3,0,0,0,0,3,0,0,0,0,0,0,1,0,0
1852209158,0.155057,-0.268035,0.0,0.0,0.0,0.0,0.0,0.0,0.0,0.0,0.0,3,0,0,0,0,3,0,0,0,0,0,0,1,0,0
1852418341,0.155039,-0.274593,0.0,0.0,0.0,0.0,0.0,0.0,0.0,0.0,0.0,3,0,0,0,0,3,0,0,0,0,0,0,1,0,0
1852611437,0.151975,-0.256322,0.0,0.0,0.0,0.0,0.0,0.0,0.0,0.0,0.0,3,0,0,0,0,3,0,0,0,0,0,0,1,0,0
1852820851,0.145656,-0.253886,0.0,0.0,0.0,0.0,0.0,0.0,0.0,0.0,0.0,3,0,0,0,0,3,0,0,0,0,0,0,1,0,0
1853009531,0.136734,-0.261599,0.0,0.0,0.0,0.0,0.0,0.0,0.0,0.0,0.0,3,0,0,0,0,3,0,0,0,0,0,0,1,0,0
1853203322,0.137424,-0.263193,0.0,0.0,0.0,0.0,0.0,0.0,0.0,0.0,0.0,3,0,0,0,0,3,0,0,0,0,0,0,1,0,0
1853419296,0.141998,-0.261536,0.0,0.0,0.0,0.0,0.0,0.0,0.0,0.0,0.0,3,0,0,0,0,3,0,0,0,0,0,0,1,0,0
1853612931,0.137199,-0.264444,0.0,0.0,0.0,0.0,0.0,0.0,0.0,0.0,0.0,3,0,0,0,0,3,0,0,0,0,0,0,1,0,0
1853830553,0.152016,-0.287744,0.0,0.0,0.0,0.0,0.0,0.0,0.0,0.0,0.0,3,0,0,0,0,3,0,0,0,0,0,0,1,0,0
1854015232,0.155044,-0.316311,0.0,0.0,0.0,0.0,0.0,0.0,0.0,0.0,0.0,3,0,0,0,0,3,0,0,0,0,0,0,1,0,0
1854227457,0.155039,-0.32931,0.0,0.0,0.0,0.0,0.0,0.0,0.0,0.0,0.0,3,0,0,0,0,3,0,0,0,0,0,0,1,0,0
1854433633,0.155573,-0.337649,0.0,0.0,0.0,0.0,0.0,0.0,0.0,0.0,0.0,3,0,0,0,0,3,0,0,0,0,0,0,1,0,0
1854627309,0.155827,-0.33667,0.0,0.0,0.0,0.0,0.0,0.0,0.0,0.0,0.0,3,0,0,0,0,3,0,0,0,0,0,0,1,0,0
1854839309,0.155039,-0.330593,0.0,0.0,0.0,0.0,0.0,0.0,0.0,0.0,0.0,3,0,0,0,0,3,0,0,0,0,0,0,1,0,0
1855024185,0.155039,-0.332143,0.0,0.0,0.0,0.0,0.0,0.0,0.0,0.0,0.0,3,0,0,0,0,3,0,0,0,0,0,0,1,0,0
1855240181,0.155573,-0.307881,0.0,0.0,0.0,0.0,0.0,0.0,0.0,0.0,0.0,3,0,0,0,0,3,0,0,0,0,0,0,1,0,0
1855434503,0.157625,-0.114234,0.0,0.0,0.0,0.0,0.0,0.0,0.0,0.0,0.0,3,0,0,0,0,3,0,0,0,0,0,0,1,0,0
1855647355,0.157623,-0.000102113,0.0,0.0,0.0,0.0,0.0,0.0,0.0,0.0,0.0,3,0,0,0,0,3,0,0,0,0,0,0,1,0,0
1855839987,0.157623,1.95121e-07,0.0,0.0,0.0,0.0,0.0,0.0,0.0,0.0,0.0,3,0,0,0,0,3,0,0,0,0,0,0,1,0,0
1856051231,0.157623,-2.70843e-11,0.0,0.0,0.0,0.0,0.0,0.0,0.0,0.0,0.0,3,0,0,0,0,3,0,0,0,0,0,0,1,0,0
1856258311,0.157623,-5.89583e-14,0.0,0.0,0.0,0.0,0.0,0.0,0.0,0.0,0.0,3,0,0,0,0,3,0,0,0,0,0,0,1,0,0
1856443308,0.157623,4.87659e-17,0.0,0.0,0.0,0.0,0.0,0.0,0.0,0.0,0.0,3,0,0,0,0,3,0,0,0,0,0,0,1,0,0
1856651945,0.157623,-8.59709e-20,0.0,0.0,0.0,0.0,0.0,0.0,0.0,0.0,0.0,3,0,0,0,0,3,0,0,0,0,0,0,1,0,0
1856840888,0.157623,1.05202e-22,0.0,0.0,0.0,0.0,0.0,0.0,0.0,0.0,0.0,3,0,0,0,0,3,0,0,0,0,0,0,1,0,0
1857059265,0.157623,-8.78304e-26,0.0,0.0,0.0,0.0,0.0,0.0,0.0,0.0,0.0,3,0,0,0,0,3,0,0,0,0,0,0,1,0,0
1857252068,0.157623,1.2887e-28,0.0,0.0,0.0,0.0,0.0,0.0,0.0,0.0,0.0,3,0,0,0,0,3,0,0,0,0,0,0,1,0,0
1857464164,0.157623,-6.6181e-32,0.0,0.0,0.0,0.0,0.0,0.0,0.0,0.0,0.0,3,0,0,0,0,3,0,0,0,0,0,0,1,0,0
1857657666,0.155056,1.16264e-34,0.0,0.0,0.0,0.0,0.0,0.0,0.0,0.0,0.0,3,0,0,0,0,3,0,0,0,0,0,0,1,0,0
1857870727,0.155041,-2.87775e-38,0.0,0.0,0.0,0.0,0.0,0.0,0.0,0.0,0.0,3,0,0,0,0,3,0,0,0,0,0,0,1,0,0
1858065559,0.155039,-0.000535161,0.0,0.0,0.0,0.0,0.0,0.0,0.0,0.0,0.0,3,0,0,0,0,3,0,0,0,0,0,0,1,0,0
1858272511,0.157673,-3.86614e-06,0.0,0.0,0.0,0.0,0.0,0.0,0.0,0.0,0.0,3,0,0,0,0,3,0,0,0,0,0,0,1,0,0
1858481765,0.154928,-0.0299222,0.0,0.0,0.0,0.0,0.0,0.0,0.0,0.0,0.0,3,0,0,0,0,3,0,0,0,0,0,0,1,0,0
1858674355,0.155039,-0.0681962,0.0,0.0,0.0,0.0,0.0,0.0,0.0,0.0,0.0,3,0,0,0,0,3,0,0,0,0,0,0,1,0,0
1858887293,0.155573,-0.0699031,0.0,0.0,0.0,0.0,0.0,0.0,0.0,0.0,0.0,3,0,0,0,0,3,0,0,0,0,0,0,1,0,0
1859073598,0.157625,-0.0538209,0.0,0.0,0.0,0.0,0.0,0.0,0.0,0.0,0.0,3,0,0,0,0,3,0,0,0,0,0,0,1,0,0
1859289310,0.157089,-0.0851076,0.0,0.0,0.0,0.0,0.0,0.0,0.0,0.0,0.0,3,0,0,0,0,3,0,0,0,0,0,0,1,0,0
1859495351,0.155037,-0.120245,0.0,0.0,0.0,0.0,0.0,0.0,0.0,0.0,0.0,3,0,0,0,0,3,0,0,0,0,0,0,1,0,0
1859687243,0.155039,-0.150387,0.0,0.0,0.0,0.0,0.0,0.0,0.0,0.0,0.0,3,0,0,0,0,3,0,0,0,0,0,0,1,0,0
1859904736,0.155039,-0.150114,0.0,0.0,0.0,0.0,0.0,0.0,0.0,0.0,0.0,3,0,0,0,0,3,0,0,0,0,0,0,1,0,0
1860093083,0.157069,-0.074079,0.0,0.0,0.0,0.0,0.0,0.0,0.0,0.0,0.0,3,0,0,0,0,3,0,0,0,0,0,0,1,0,0
1860303225,0.154976,-0.102557,0.0,0.0,0.0,0.0,0.0,0.0,0.0,0.0,0.0,3,0,0,0,0,3,0,0,0,0,0,0,1,0,0
1860496060,0.157603,0.00182653,0.0,0.0,0.0,0.0,0.0,0.0,0.0,0.0,0.0,3,0,0,0,0,3,0,0,0,0,0,0,1,0,0
1860705726,0.157623,-1.24539e-07,0.0,0.0,0.0,0.0,0.0,0.0,0.0,0.0,0.0,3,0,0,0,0,3,0,0,0,0,0,0,1,0,0
1860910639,0.157623,-6.64467e-10,0.0,0.0,0.0,0.0,0.0,0.0,0.0,0.0,0.0,3,0,0,0,0,3,0,0,0,0,0,0,1,0,0
1861102909,0.157623,6.19401e-13,0.0,0.0,0.0,0.0,0.0,0.0,0.0,0.0,0.0,3,0,0,0,0,3,0,0,0,0,0,0,1,0,0
1861296189,0.157623,-3.01363e-16,0.0,0.0417711,0.0,0.0,0.0,0.0,0.0,0.0,0.0,3,0,0,0,0,3,0,0,0,0,0,0,1,0,0
1861508786,0.154785,0.147363,0.0,-2.41454e-05,0.0,0.0,0.0,0.0,0.0,0.0,0.0,3,0,0,0,0,3,0,0,0,0,0,0,1,0,0
1861698103,0.230035,-0.178977,0.0,3.51401e-08,0.0,0.0,0.0,0.0,0.0,0.0,0.0,3,0,0,0,0,3,0,0,0,0,0,0,1,0,0
1861915403,0.158751,-0.00361942,0.0,-1.85103e-11,0.0,0.0,0.0,0.0,0.0,0.0,0.0,3,0,0,0,0,3,0,0,0,0,0,0,1,0,0
1862108019,0.157621,4.17349e-06,0.0,3.2169e-14,0.0,0.0,0.0,0.0,0.0,0.0,0.0,3,0,0,0,0,3,0,0,0,0,0,0,1,0,0
1862317694,0.157623,-3.97903e-09,0.0,-8.43318e-18,0.0,0.0,0.0,0.0,0.0,0.0,0.0,3,0,0,0,0,3,0,0,0,0,0,0,1,0,0
1862507460,0.157623,5.60939e-12,0.0,2.08981e-20,0.0,0.0,0.0,0.0,0.0,0.0,0.0,3,0,0,0,0,3,0,0,0,0,0,0,1,0,0
1862723166,0.157623,-3.2502e-15,0.0,3.02918e-24,0.0,0.0,0.0,0.0,0.0,0.0,0.0,3,0,0,0,0,3,0,0,0,0,0,0,1,0,0
1862911930,0.157623,5.43188e-18,0.0,5.02955e-27,0.0,0.0,0.0,0.0,0.0,0.0,0.0,3,0,0,0,0,3,0,0,0,0,0,0,1,0,0
1863117706,0.157623,-1.71923e-21,0.0,1.27116e-29,0.0,0.0,0.0,0.0,0.0,0.0,0.0,3,0,0,0,0,3,0,0,0,0,0,0,1,0,0
1863326592,0.157623,-7.99096e-25,0.0,-1.32204e-32,0.0,0.0,0.0,0.0,0.0,0.0,0.0,3,0,0,0,0,3,0,0,0,0,0,0,1,0,0
1863519203,0.157623,1.38646e-28,0.0,1.81912e-35,0.0,0.0,0.0,0.0,0.0,0.0,0.0,3,0,0,0,0,3,0,0,0,0,0,0,1,0,0
1863728888,0.157623,-1.74017e-30,0.0,-1.12899e-38,0.0,0.0,0.0,0.0,0.0,0.0,0.0,3,0,0,0,0,3,0,0,0,0,0,0,1,0,0
1863920891,0.157623,1.80169e-33,0.0,1.83682e-41,0.0,0.0,0.0,0.0,0.0,0.0,0.0,3,0,0,0,0,3,0,0,0,0,0,0,1,0,0
1864138337,0.157623,-2.13858e-36,0.0,-5.60519e-45,0.0,0.0,0.0,0.0,0.0,0.0,0.0,3,0,0,0,0,3,0,0,0,0,0,0,1,0,0
1864347296,0.157623,1.1034e-39,0.0,0.040449,0.0,0.0,0.0,0.0,0.0,0.0,0.0,3,0,0,0,0,3,0,0,0,0,0,0,1,0,0
1864536860,0.157623,-1.93519e-42,0.0,0.0252583,0.0,0.0,0.0,0.0,0.0,0.0,0.0,3,0,0,0,0,3,0,0,0,0,0,0,1,0,0
1864745504,0.157623,0.0,0.0,-2.35665e-06,0.0,0.0,0.0,0.0,0.0,0.0,0.0,3,0,0,0,0,3,0,0,0,0,0,0,1,0,0
1864938383,0.157623,0.0,0.0,0.000532414,0.0,0.0,0.0,0.0,0.0,0.0,0.0,3,0,0,0,0,3,0,0,0,0,0,0,1,0,0
1865144906,0.157623,0.0,0.0,0.000120502,0.0,0.0,0.0,0.0,0.0,0.0,0.0,3,0,0,0,0,3,0,0,0,0,0,0,1,0,0
1865337612,0.157623,0.0,0.0,-1.61964e-07,0.0,0.0,0.0,0.0,0.0,0.0,0.0,3,0,0,0,0,3,0,0,0,0,0,0,1,0,0
1865553555,0.157623,0.0,0.0,-0.00409152,0.0,0.0,0.0,0.0,0.0,0.0,0.0,3,0,0,0,0,3,0,0,0,0,0,0,1,0,0
1865759325,0.157623,0.0,0.0,3.27423e-06,0.0,0.0,0.0,0.0,0.0,0.0,0.0,3,0,0,0,0,3,0,0,0,0,0,0,1,0,0
1865951718,0.157623,0.0,0.0,-4.8697e-09,0.0,0.0,0.0,0.0,0.0,0.0,0.0,3,0,0,0,0,3,0,0,0,0,0,0,1,0,0
1866160797,0.157623,0.0,0.0,2.39501e-12,0.0,0.0,0.0,0.0,0.0,0.0,0.0,3,0,0,0,0,3,0,0,0,0,0,0,1,0,0
1866349821,0.157623,0.0,0.0,0.00372682,0.0,0.0,0.0,0.0,0.0,0.0,0.0,3,0,0,0,0,3,0,0,0,0,0,0,1,0,0
1866568058,0.157623,0.0,0.0,0.0110848,0.0,0.0,0.0,0.0,0.0,0.0,0.0,3,0,0,0,0,3,0,0,0,0,0,0,1,0,0
1866760882,0.157623,0.0,0.0,-2.40264e-05,0.0,0.0,0.0,0.0,0.0,0.0,0.0,3,0,0,0,0,3,0,0,0,0,0,0,1,0,0
1866976907,0.157623,0.0,0.0,-1.91972e-10,0.0,0.0,0.0,0.0,0.0,0.0,0.0,3,0,0,0,0,3,0,0,0,0,0,0,1,0,0
1867170523,0.157623,0.0,0.0,-9.08815e-12,0.0,0.0,0.0,0.0,0.0,0.0,0.0,3,0,0,0,0,3,0,0,0,0,0,0,1,0,0
1867363148,0.157623,0.0,0.0,2.59112e-14,0.0,0.0,0.0,0.0,0.0,0.0,0.0,3,0,0,0,0,3,0,0,0,0,0,0,1,0,0
1867576186,0.157623,0.0,0.0,6.99615e-18,0.0,0.0,0.0,0.0,0.0,0.0,0.0,3,0,0,0,0,3,0,0,0,0,0,0,1,0,0
1867788745,0.157623,0.0,0.0,-1.70722e-20,0.0,0.0,0.0,0.0,0.0,0.0,0.0,3,0,0,0,0,3,0,0,0,0,0,0,1,0,0
1867970530,0.157623,0.0,0.0,1.98528e-23,0.0,0.0,0.0,0.0,0.0,0.0,0.0,3,0,0,0,0,3,0,0,0,0,0,0,1,0,0
1868183144,0.157623,0.0,0.0,0.0395552,0.0,0.0,0.0,0.0,0.0,0.0,0.0,3,0,0,0,0,3,0,0,0,0,0,0,1,0,0
1868376063,0.157623,0.0,0.0,0.00011779,0.0,0.0,0.0,0.0,0.0,0.0,0.0,3,0,0,0,0,3,0,0,0,0,0,0,1,0,0
1868588738,0.157623,0.0,0.0,-4.13143e-08,0.0,0.0,0.0,0.0,0.0,0.0,0.0,3,0,0,0,0,3,0,0,0,0,0,0,1,0,0
1868782502,0.157623,0.0,0.0,5.82752e-05,0.0,0.0,0.0,0.0,0.0,0.0,0.0,3,0,0,0,0,3,0,0,0,0,0,0,1,0,0
1868975139,0.157623,0.0,0.0,0.0316116,0.0,0.0,0.0,0.0,0.0,0.0,0.0,3,0,0,0,0,3,0,0,0,0,0,0,1,0,0
1869185666,0.157623,0.0,0.0,-2.9309e-05,0.0,0.0,0.0,0.0,0.0,0.0,0.0,3,0,0,0,0,3,0,0,0,0,0,0,1,0,0
1869376978,0.157623,0.0,0.0,3.11516e-08,0.0,0.0,0.0,0.0,0.0,0.0,0.0,3,0,0,0,0,3,0,0,0,0,0,0,1,0,0
1869594362,0.157623,0.0,0.0,-3.51317e-11,0.0,0.0,0.0,0.0,0.0,0.0,0.0,3,0,0,0,0,3,0,0,0,0,0,0,1,0,0
1869784157,0.157623,0.0,0.0,4.73258e-14,0.0,0.0,0.0,0.0,0.0,0.0,0.0,3,0,0,0,0,3,0,0,0,0,0,0,1,0,0
1869992197,0.157623,0.0,0.0,-3.11191e-17,0.0,0.0,0.0,0.0,0.0,0.0,0.0,3,0,0,0,0,3,0,0,0,0,0,0,1,0,0
1870184767,0.157623,0.0,0.0,4.95427e-20,0.0,0.0,0.0,0.0,0.0,0.0,0.0,3,0,0,0,0,3,0,0,0,0,0,0,1,0,0
1870399431,0.157623,0.0,0.0,-1.91743e-23,0.0,0.0,0.0,0.0,0.0,0.0,0.0,3,0,0,0,0,3,0,0,0,0,0,0,1,0,0
1870591219,0.157623,0.0,0.0,3.83996e-26,0.0,0.0,0.0,0.0,0.0,0.0,0.0,3,0,0,0,0,3,0,0,0,0,0,0,1,0,0
1870800763,0.157623,0.0,0.0,-3.14746e-30,0.0,0.0,0.0,0.0,0.0,0.0,0.0,3,0,0,0,0,3,0,0,0,0,0,0,1,0,0
1871017821,0.157623,0.0,0.0,0.114541,0.0,0.0,0.0,0.0,0.0,0.0,0.0,3,0,0,0,0,3,0,0,0,0,0,0,1,0,0
1871207214,0.157623,0.0,0.0,-0.000891133,0.0,0.0,0.0,0.0,0.0,0.0,0.0,3,0,0,0,0,3,0,0,0,0,0,0,1,0,0
1871424273,0.157623,0.0,0.0,-8.24484e-07,0.0,0.0,0.0,0.0,0.0,0.0,0.0,3,0,0,0,0,3,0,0,0,0,0,0,1,0,0
1871616897,0.157623,0.0,0.0,4.84028e-10,0.0,0.0,0.0,0.0,0.0,0.0,0.0,3,0,0,0,0,3,0,0,0,0,0,0,1,0,0
1871825761,0.157623,0.0,0.0,-1.42011e-12,0.0,0.0,0.0,0.0,0.0,0.0,0.0,3,0,0,0,0,3,0,0,0,0,0,0,1,0,0
1872015347,0.157623,0.0,0.0,1.61358e-15,0.0,0.0,0.0,0.0,0.0,0.0,0.0,3,0,0,0,0,3,0,0,0,0,0,0,1,0,0
1872231959,0.157623,0.0,0.0,-1.58753e-18,0.0,0.0,0.0,0.0,0.0,0.0,0.0,3,0,0,0,0,3,0,0,0,0,0,0,1,0,0
1872425672,0.157623,0.0,0.0,2.2181e-21,0.0,0.0,0.0,0.0,0.0,0.0,0.0,3,0,0,0,0,3,0,0,0,0,0,0,1,0,0
1872634364,0.157623,0.0,0.0,-1.31866e-24,0.0,0.0,0.0,0.0,0.0,0.0,0.0,3,0,0,0,0,3,0,0,0,0,0,0,1,0,0
1872827245,0.157623,0.0,0.0,2.18151e-27,0.0,0.0,0.0,0.0,0.0,0.0,0.0,3,0,0,0,0,3,0,0,0,0,0,0,1,0,0
1873020226,0.157623,0.0,0.0,-3.26964e-30,0.0,0.0,0.0,0.0,0.0,0.0,0.0,3,0,0,0,0,3,0,0,0,0,0,0,1,0,0
1873232824,0.157623,0.0,0.0,1.56805e-33,0.0,0.0,0.0,0.0,0.0,0.0,0.0,3,0,0,0,0,3,0,0,0,0,0,0,1,0,0
1873447313,0.157623,0.0,0.0,0.0010648,0.0,0.0,0.0,0.0,0.0,0.0,0.0,3,0,0,0,0,3,0,0,0,0,0,0,1,0,0
1873639393,0.157623,0.0,0.0,0.00369252,0.0,0.0,0.0,0.0,0.0,0.0,0.0,3,0,0,0,0,3,0,0,0,0,0,0,1,0,0
1873848123,0.157623,0.0,0.0,2.87673e-07,0.0,0.0,0.0,0.0,0.0,0.0,0.0,3,0,0,0,0,3,0,0,0,0,0,0,1,0,0
1874040966,0.157623,0.0,0.0,0.0155138,0.0,0.0,0.0,0.0,0.0,0.0,0.0,3,0,0,0,0,3,0,0,0,0,0,0,1,0,0
1874234437,0.157623,0.0,0.0,-1.80164e-05,0.0,0.0,0.0,0.0,0.0,0.0,0.0,3,0,0,0,0,3,0,0,0,0,0,0,1,0,0
1874444211,0.157623,0.0,0.0,1.69146e-08,0.0,0.0,0.0,0.0,0.0,0.0,0.0,3,0,0,0,0,3,0,0,0,0,0,0,1,0,0
1874657017,0.157623,0.0,0.0,-7.1329e-12,0.0,0.0,0.0,0.0,0.0,0.0,0.0,3,0,0,0,0,3,0,0,0,0,0,0,1,0,0
1874848992,0.157623,0.0,0.0,1.36994e-14,0.0,0.0,0.0,0.0,0.0,0.0,0.0,3,0,0,0,0,3,0,0,0,0,0,0,1,0,0
1875064177,0.157623,0.0,0.0,-1.81524e-18,0.0,0.0,0.0,0.0,0.0,0.0,0.0,3,0,0,0,0,3,0,0,0,0,0,0,1,0,0
1875256910,0.157623,0.0,0.0,7.11539e-21,0.0,0.0,0.0,0.0,0.0,0.0,0.0,3,0,0,0,0,3,0,0,0,0,0,0,1,0,0
1875448878,0.157623,0.0,0.0,-1.60379e-23,0.0,0.0,0.0,0.0,0.0,0.0,0.0,3,0,0,0,0,3,0,0,0,0,0,0,1,0,0
1875667333,0.157623,0.0,0.0,-8.00495e-28,0.0,0.0,0.0,0.0,0.0,0.0,0.0,3,0,0,0,0,3,0,0,0,0,0,0,1,0,0
1875859280,0.157623,0.0,0.0,-5.39102e-30,0.0,0.0,0.0,0.0,0.0,0.0,0.0,3,0,0,0,0,3,0,0,0,0,0,0,1,0,0
1876072103,0.157623,0.0,0.0,-7.83049e-33,0.0,0.0,0.0,0.0,0.0,0.0,0.0,3,0,0,0,0,3,0,0,0,0,0,0,1,0,0
1876266462,0.157623,0.0,0.0,5.78387e-36,0.0,0.0,0.0,0.0,0.0,0.0,0.0,3,0,0,0,0,3,0,0,0,0,0,0,1,0,0
1876457582,0.157623,0.0,0.0,7.00282e-40,0.0,0.0,0.0,0.0,0.0,0.0,0.0,3,0,0,0,0,3,0,0,0,0,0,0,1,0,0
1876672793,0.157623,0.0,0.0,1.44712e-41,0.0,0.0,0.0,0.0,0.0,0.0,0.0,3,0,0,0,0,3,0,0,0,0,0,0,1,0,0
1876864240,0.157623,0.0,0.0,-1.4013e-44,0.0,0.0,0.0,0.0,0.0,0.0,0.0,3,0,0,0,0,3,0,0,0,0,0,0,1,0,0
1877080777,0.157623,0.0,0.0,0.0,0.0,0.0,0.0,0.0,0.0,0.0,0.0,3,0,0,0,0,3,0,0,0,0,0,0,1,0,0
1877271277,0.157623,0.0,0.0,0.0,0.0,0.0,0.0,0.0,0.0,0.0,0.0,3,0,0,0,0,3,0,0,0,0,0,0,1,0,0
1877488091,0.157623,0.0,0.0,0.0,0.0,0.0,0.0,0.0,0.0,0.0,0.0,3,0,0,0,0,3,0,0,0,0,0,0,1,0,0
1877679340,0.157623,0.0,0.0,0.0,0.0,0.0,0.0,0.0,0.0,0.0,0.0,3,0,0,0,0,3,0,0,0,0,0,0,1,0,0
1877888812,0.157623,0.0,0.0,0.0,0.0,0.0,0.0,0.0,0.0,0.0,0.0,3,0,0,0,0,3,0,0,0,0,0,0,1,0,0
1878098407,0.157623,0.0,0.0,0.0,0.0,0.0,0.0,0.0,0.0,0.0,0.0,3,0,0,0,0,3,0,0,0,0,0,0,1,0,0
1878287237,0.157623,0.0,0.0,0.0,0.0,0.0,0.0,0.0,0.0,0.0,0.0,3,0,0,0,0,3,0,0,0,0,0,0,1,0,0
1878499332,0.157623,0.0,0.0,0.0,0.0,0.0,0.0,0.0,0.0,0.0,0.0,3,0,0,0,0,3,0,0,0,0,0,0,1,0,0
1878689017,0.157623,0.0,0.0,0.0,0.0,0.0,0.0,0.0,0.0,0.0,0.0,3,0,0,0,0,3,0,0,0,0,0,0,1,0,0
1878907292,0.157623,0.0,0.0,-6.96581e-05,0.0,0.0,0.0,0.0,0.0,0.0,0.0,3,0,0,0,0,3,0,0,0,0,0,0,1,0,0
1879095237,0.157623,0.0,0.0,1.14562e-07,0.0,0.0,0.0,0.0,0.0,0.0,0.0,3,0,0,0,0,3,0,0,0,0,0,0,1,0,0
1879312235,0.157623,0.0,0.0,-0.00117879,0.0,0.0,0.0,0.0,0.0,0.0,0.0,3,0,0,0,0,3,0,0,0,0,0,0,1,0,0
1879504852,0.157623,0.0,0.0,0.0716856,0.0,0.0,0.0,0.0,0.0,0.0,0.0,3,0,0,0,0,3,0,0,0,0,0,0,1,0,0
1879722493,0.157623,0.0,0.0,-0.00462058,0.0,0.0,0.0,0.0,0.0,0.0,0.0,3,0,0,0,0,3,0,0,0,0,0,0,1,0,0
1879911522,0.157623,0.0,0.0,0.0647498,0.0,0.0,0.0,0.0,0.0,0.0,0.0,3,0,0,0,0,3,0,0,0,0,0,0,1,0,0
1880129643,0.157623,0.0,0.0,0.0515479,0.0,0.0,0.0,0.0,0.0,0.0,0.0,3,0,0,0,0,3,0,0,0,0,0,0,1,0,0
1880321037,0.157623,0.0,0.0,0.0233464,0.0,0.0,0.0,0.0,0.0,0.0,0.0,3,0,0,0,0,3,0,0,0,0,0,0,1,0,0
1880530595,0.157623,0.0,0.0,0.000138856,0.0,0.0,0.0,0.0,0.0,0.0,0.0,3,0,0,0,0,3,0,0,0,0,0,0,1,0,0
1880719298,0.157623,0.0,0.0,-1.98663e-07,0.0,0.0,0.0,0.0,0.0,0.0,0.0,3,0,0,0,0,3,0,0,0,0,0,0,1,0,0
1880936059,0.157623,0.0,0.0,1.10217e-10,0.0,0.0,0.0,0.0,0.0,0.0,0.0,3,0,0,0,0,3,0,0,0,0,0,0,1,0,0
1881141571,0.157623,0.0,0.0,-1.20799e-14,0.0,0.0,0.0,0.0,0.0,0.0,0.0,3,0,0,0,0,3,0,0,0,0,0,0,1,0,0
1881326916,0.157623,0.0,0.0,5.47101e-17,0.0,0.0,0.0,0.0,0.0,0.0,0.0,3,0,0,0,0,3,0,0,0,0,0,0,1,0,0
1881543183,0.157623,0.0,0.0,3.16113e-20,0.0,0.0,0.0,0.0,0.0,0.0,0.0,3,0,0,0,0,3,0,0,0,0,0,0,1,0,0
1881736177,0.157623,0.0,0.0,-1.06224e-23,0.0,0.0,0.0,0.0,0.0,0.0,0.0,3,0,0,0,0,3,0,0,0,0,0,0,1,0,0
1881953818,0.157623,0.0,0.0,6.31833e-26,0.0,0.0,0.0,0.0,0.0,0.0,0.0,3,0,0,0,0,3,0,0,0,0,0,0,1,0,0
1882146571,0.157623,0.0,0.0,-6.75757e-29,0.0,0.0,0.0,0.0,0.0,0.0,0.0,3,0,0,0,0,3,0,0,0,0,0,0,1,0,0
1882355211,0.157623,0.0,0.0,7.52728e-32,0.0,0.0,0.0,0.0,0.0,0.0,0.0,3,0,0,0,0,3,0,0,0,0,0,0,1,0,0
1882544993,0.157623,0.0,0.0,-1.01721e-34,0.0,0.0,0.0,0.0,0.0,0.0,0.0,3,0,0,0,0,3,0,0,0,0,0,0,1,0,0
1882757504,0.157623,0.0,0.0,0.00930539,0.0,0.0,0.0,0.0,0.0,0.0,0.0,3,0,0,0,0,3,0,0,0,0,0,0,1,0,0
1882951272,0.157623,0.0,0.0,0.000195717,0.0,0.0,0.0,0.0,0.0,0.0,0.0,3,0,0,0,0,3,0,0,0,0,0,0,1,0,0
1883168853,0.157623,0.0,0.0,-1.89128e-07,0.0,0.0,0.0,0.0,0.0,0.0,0.0,3,0,0,0,0,3,0,0,0,0,0,0,1,0,0
1883360740,0.157623,0.0,0.0,2.65596e-10,0.0,0.0,0.0,0.0,0.0,0.0,0.0,3,0,0,0,0,3,0,0,0,0,0,0,1,0,0
1883566526,0.157623,0.0,0.0,-1.55614e-13,0.0,0.0,0.0,0.0,0.0,0.0,0.0,3,0,0,0,0,3,0,0,0,0,0,0,1,0,0
1883776029,0.157623,0.0,0.0,2.33599e-17,0.0,0.0,0.0,0.0,0.0,0.0,0.0,3,0,0,0,0,3,0,0,0,0,0,0,1,0,0
1883968089,0.157623,0.0,0.0,-8.35779e-20,0.0,0.0,0.0,0.0,0.0,0.0,0.0,3,0,0,0,0,3,0,0,0,0,0,0,1,0,0
1884181704,0.157623,0.0,0.0,-3.66702e-23,0.0,0.0,0.0,0.0,0.0,0.0,0.0,3,0,0,0,0,3,0,0,0,0,0,0,1,0,0
1884366527,0.157623,0.0,0.0,4.55334e-27,0.0,0.0,0.0,0.0,0.0,0.0,0.0,3,0,0,0,0,3,0,0,0,0,0,0,1,0,0
1884583409,0.157623,0.0,0.0,-8.18469e-29,0.0,0.0,0.0,0.0,0.0,0.0,0.0,3,0,0,0,0,3,0,0,0,0,0,0,1,0,0
1884775982,0.157623,0.0,0.0,8.39804e-32,0.0,0.0,0.0,0.0,0.0,0.0,0.0,3,0,0,0,0,3,0,0,0,0,0,0,1,0,0
1884969314,0.157623,0.0,0.0,-5.86796e-35,0.0,0.0,0.0,0.0,0.0,0.0,0.0,3,0,0,0,0,3,0,0,0,0,0,0,1,0,0
1885186607,0.157623,0.0,0.0,1.34327e-37,0.0,0.0,0.0,0.0,0.0,0.0,0.0,3,0,0,0,0,3,0,0,0,0,0,0,1,0,0
1885379132,0.157623,0.0,0.0,-1.57608e-40,0.0,0.0,0.0,0.0,0.0,0.0,0.0,3,0,0,0,0,3,0,0,0,0,0,0,1,0,0
1885592874,0.157623,0.0,0.0,1.44334e-43,0.0,0.0,0.0,0.0,0.0,0.0,0.0,3,0,0,0,0,3,0,0,0,0,0,0,1,0,0
1885784743,0.157623,0.0,0.0,-0.0,0.0,0.0,0.0,0.0,0.0,0.0,0.0,3,0,0,0,0,3,0,0,0,0,0,0,1,0,0
1885994467,0.157623,0.0,0.0,0.0,0.0,0.0,0.0,0.0,0.0,0.0,0.0,3,0,0,0,0,3,0,0,0,0,0,0,1,0,0
1886187314,0.157623,0.0,0.0,0.0,0.0,0.0,0.0,0.0,0.0,0.0,0.0,3,0,0,0,0,3,0,0,0,0,0,0,1,0,0
1886399972,0.157623,0.0,0.0,0.0,0.0,0.0,0.0,0.0,0.0,0.0,0.0,3,0,0,0,0,3,0,0,0,0,0,0,1,0,0
1886592730,0.157623,0.0,0.0,2.51301e-06,0.0,0.0,0.0,0.0,0.0,0.0,0.0,3,0,0,0,0,3,0,0,0,0,0,0,1,0,0
1886786390,0.157623,0.0,0.0,1.19252e-08,0.0,0.0,0.0,0.0,0.0,0.0,0.0,3,0,0,0,0,3,0,0,0,0,0,0,1,0,0
1887003193,0.157623,0.0,0.0,1.90796e-11,0.0,0.0,0.0,0.0,0.0,0.0,0.0,3,0,0,0,0,3,0,0,0,0,0,0,1,0,0
1887192858,0.157623,0.0,0.0,-1.45604e-14,0.0,0.0,0.0,0.0,0.0,0.0,0.0,3,0,0,0,0,3,0,0,0,0,0,0,1,0,0
1887410568,0.157623,0.0,0.0,2.9165e-17,0.0,0.0,0.0,0.0,0.0,0.0,0.0,3,0,0,0,0,3,0,0,0,0,0,0,1,0,0
1887602466,0.157623,0.0,0.0,-3.49229e-20,0.0,0.0,0.0,0.0,0.0,0.0,0.0,3,0,0,0,0,3,0,0,0,0,0,0,1,0,0
1887811419,0.157623,0.0,0.0,3.06391e-23,0.0,0.0,0.0,0.0,0.0,0.0,0.0,3,0,0,0,0,3,0,0,0,0,0,0,1,0,0
1888000502,0.157623,0.0,0.0,-4.42694e-26,0.0,0.0,0.0,0.0,0.0,0.0,0.0,3,0,0,0,0,3,0,0,0,0,0,0,1,0,0
1888214424,0.157623,0.0,0.0,2.3842e-29,0.0,0.0,0.0,0.0,0.0,0.0,0.0,3,0,0,0,0,3,0,0,0,0,0,0,1,0,0
1890231242,0.157623,0.0,0.0,4.1341e-16,0.0,0.0,0.0,0.0,0.0,0.0,0.0,3,0,0,0,0,3,0,0,0,0,0,0,1,0,0
1890425084,0.157623,0.0,0.0,-6.51864e-19,0.0,0.0,0.0,0.0,0.0,0.0,0.0,3,0,0,0,0,3,0,0,0,0,0,0,1,0,0
1890638492,0.157623,0.0,0.0,2.6166e-22,0.0,0.0,0.0,0.0,0.0,0.0,0.0,3,0,0,0,0,3,0,0,0,0,0,0,1,0,0
1890831276,0.157623,0.0,0.0,-5.14662e-25,0.0,0.0,0.0,0.0,0.0,0.0,0.0,3,0,0,0,0,3,0,0,0,0,0,0,1,0,0
1891048096,0.157623,0.0,0.0,5.32483e-29,0.0,0.0,0.0,0.0,0.0,0.0,0.0,3,0,0,0,0,3,0,0,0,0,0,0,1,0,0
1891241665,0.157623,0.0,0.0,-2.52297e-31,0.0,0.0,0.0,0.0,0.0,0.0,0.0,3,0,0,0,0,3,0,0,0,0,0,0,1,0,0
1891458413,0.157623,0.0,0.0,-1.516e-34,0.0,0.0,0.0,0.0,0.0,0.0,0.0,3,0,0,0,0,3,0,0,0,0,0,0,1,0,0
1891651261,0.157623,0.0,0.0,5.48354e-38,0.0,0.0,0.0,0.0,0.0,0.0,0.0,3,0,0,0,0,3,0,0,0,0,0,0,1,0,0
1891840133,0.157623,0.0,0.0,1.73863e-40,0.0,0.0,0.0,0.0,0.0,0.0,0.0,3,0,0,0,0,3,0,0,0,0,0,0,1,0,0
1892057675,0.157623,0.0,0.0,3.20897e-43,0.0,0.0,0.0,0.0,0.0,0.0,0.0,3,0,0,0,0,3,0,0,0,0,0,0,1,0,0
1892250076,0.157623,0.0,0.0,0.0,0.0,0.0,0.0,0.0,0.0,0.0,0.0,3,0,0,0,0,3,0,0,0,0,0,0,1,0,0
1892458921,0.157623,0.0,0.0,0.0,0.0,0.0,0.0,0.0,0.0,0.0,0.0,3,0,0,0,0,3,0,0,0,0,0,0,1,0,0
1892651706,0.157623,0.0,0.0,0.0,0.0,0.0,0.0,0.0,0.0,0.0,0.0,3,0,0,0,0,3,0,0,0,0,0,0,1,0,0
1892865093,0.157623,0.0,0.0,0.0,0.0,0.0,0.0,0.0,0.0,0.0,0.0,3,0,0,0,0,3,0,0,0,0,0,0,1,0,0
1893070385,0.157623,0.0,0.0,0.0,0.0,0.0,0.0,0.0,0.0,0.0,0.0,3,0,0,0,0,3,0,0,0,0,0,0,1,0,0
1893264221,0.157623,0.0,0.0,0.0,0.0,0.0,0.0,0.0,0.0,0.0,0.0,3,0,0,0,0,3,0,0,0,0,0,0,1,0,0
1893473021,0.157623,0.0,0.0,0.0,0.0,0.0,0.0,0.0,0.0,0.0,0.0,3,0,0,0,0,3,0,0,0,0,0,0,1,0,0
1893662634,0.157623,0.0,0.0,0.0,0.0,0.0,0.0,0.0,0.0,0.0,0.0,3,0,0,0,0,3,0,0,0,0,0,0,1,0,0
1893879417,0.157623,0.0,0.0,0.0,0.0,0.0,0.0,0.0,0.0,0.0,0.0,3,0,0,0,0,3,0,0,0,0,0,0,1,0,0
1894071191,0.157623,0.0,0.0,0.0,0.0,0.0,0.0,0.0,0.0,0.0,0.0,3,0,0,0,0,3,0,0,0,0,0,0,1,0,0
1894272985,0.157623,0.0,0.0,0.0,0.0,0.0,0.0,0.0,0.0,0.0,0.0,3,0,0,0,0,3,0,0,0,0,0,0,1,0,0
1894489738,0.157623,0.0,0.0,0.0,0.0,0.0,0.0,0.0,0.0,0.0,0.0,3,0,0,0,0,3,0,0,0,0,0,0,1,0,0
1894682920,0.157623,0.0,0.0,0.0,0.0,0.0,0.0,0.0,0.0,0.0,0.0,3,0,0,0,0,3,0,0,0,0,0,0,1,0,0
1894875346,0.157623,0.0,0.0,0.0,0.0,0.0,0.0,0.0,0.0,0.0,0.0,3,0,0,0,0,3,0,0,0,0,0,0,1,0,0
1895089303,0.157623,0.0,0.0,0.0,0.0,0.0,0.0,0.0,0.0,0.0,0.0,3,0,0,0,0,3,0,0,0,0,0,0,1,0,0
1895281571,0.157623,0.0,0.0,0.0,0.0,0.0,0.0,0.0,0.0,0.0,0.0,3,0,0,0,0,3,0,0,0,0,0,0,1,0,0
1895475174,0.157623,0.0,0.0,0.0,0.0,0.0,0.0,0.0,0.0,0.0,0.0,3,0,0,0,0,3,0,0,0,0,0,0,1,0,0
1895691933,0.157623,0.0,0.0,0.0,0.0,0.0,0.0,0.0,0.0,0.0,0.0,3,0,0,0,0,3,0,0,0,0,0,0,1,0,0
1895884770,0.157623,0.0,0.0,0.0,0.0,0.0,0.0,0.0,0.0,0.0,0.0,3,0,0,0,0,3,0,0,0,0,0,0,1,0,0
1896093563,0.157623,0.0,0.0,0.0,0.0,0.0,0.0,0.0,0.0,0.0,0.0,3,0,0,0,0,3,0,0,0,0,0,0,1,0,0
1896308093,0.157623,0.0,0.0,0.0,0.0,0.0,0.0,0.0,0.0,0.0,0.0,3,0,0,0,0,3,0,0,0,0,0,0,1,0,0
1896492023,0.157623,0.0,0.0,0.0,0.0,0.0,0.0,0.0,0.0,0.0,0.0,3,0,0,0,0,3,0,0,0,0,0,0,1,0,0
1896700785,0.157623,0.0,0.0,0.0,0.0,0.0,0.0,0.0,0.0,0.0,0.0,3,0,0,0,0,3,0,0,0,0,0,0,1,0,0
1896914516,0.157623,0.0,0.0,0.0,0.0,0.0,0.0,0.0,0.0,0.0,0.0,3,0,0,0,0,3,0,0,0,0,0,0,1,0,0
1897107320,0.157623,0.0,0.0,0.0,0.0,0.0,0.0,0.0,0.0,0.0,0.0,3,0,0,0,0,3,0,0,0,0,0,0,1,0,0
1897319969,0.157623,0.0,0.0,0.0,0.0,0.0,0.0,0.0,0.0,0.0,0.0,3,0,0,0,0,3,0,0,0,0,0,0,1,0,0
1897509303,0.157623,0.0,0.0,0.0,0.0,0.0,0.0,0.0,0.0,0.0,0.0,3,0,0,0,0,3,0,0,0,0,0,0,1,0,0
1897726635,0.157623,0.0,0.0,0.00677042,0.0,0.0,0.0,0.0,0.0,0.0,0.0,3,0,0,0,0,3,0,0,0,0,0,0,1,0,0
1897919289,0.157623,0.0,0.0,-0.00013197,0.0,0.0,0.0,0.0,0.0,0.0,0.0,3,0,0,0,0,3,0,0,0,0,0,0,1,0,0
1898127931,0.157623,0.0,0.0,5.44415e-07,0.0,0.0,0.0,0.0,0.0,0.0,0.0,3,0,0,0,0,3,0,0,0,0,0,0,1,0,0
1898318467,0.157623,0.0,0.0,-5.97885e-10,0.0,0.0,0.0,0.0,0.0,0.0,0.0,3,0,0,0,0,3,0,0,0,0,0,0,1,0,0
1898534310,0.157623,0.0,0.0,6.31387e-13,0.0,0.0,0.0,0.0,0.0,0.0,0.0,3,0,0,0,0,3,0,0,0,0,0,0,1,0,0
1898728095,0.157623,0.0,0.0,-8.6523e-16,0.0,0.0,0.0,0.0,0.0,0.0,0.0,3,0,0,0,0,3,0,0,0,0,0,0,1,0,0
1898943904,0.157623,0.0,0.0,5.43102e-19,0.0,0.0,0.0,0.0,0.0,0.0,0.0,3,0,0,0,0,3,0,0,0,0,0,0,1,0,0
1899128766,0.157623,0.0,0.0,-8.79812e-22,0.0,0.0,0.0,0.0,0.0,0.0,0.0,3,0,0,0,0,3,0,0,0,0,0,0,1,0,0
1899343277,0.157623,0.0,0.0,3.17934e-25,0.0,0.0,0.0,0.0,0.0,0.0,0.0,3,0,0,0,0,3,0,0,0,0,0,0,1,0,0
1899536842,0.157623,0.0,0.0,-6.59246e-28,0.0,0.0,0.0,0.0,0.0,0.0,0.0,3,0,0,0,0,3,0,0,0,0,0,0,1,0,0
1899745061,0.157623,0.0,0.0,2.7385e-32,0.0,0.0,0.0,0.0,0.0,0.0,0.0,3,0,0,0,0,3,0,0,0,0,0,0,1,0,0
1899933773,0.157623,0.0,0.0,-2.82166e-34,0.0,0.0,0.0,0.0,0.0,0.0,0.0,3,0,0,0,0,3,0,0,0,0,0,0,1,0,0
1900143215,0.157623,0.0,0.0,-2.4574e-37,0.0,0.0,0.0,0.0,0.0,0.0,0.0,3,0,0,0,0,3,0,0,0,0,0,0,1,0,0
1900355341,0.157623,0.0,0.0,3.33855e-40,0.0,0.0,0.0,0.0,0.0,0.0,0.0,3,0,0,0,0,3,0,0,0,0,0,0,1,0,0
1900544866,0.157623,0.0,0.0,-4.30199e-43,0.0,0.0,0.0,0.0,0.0,0.0,0.0,3,0,0,0,0,3,0,0,0,0,0,0,1,0,0
1900737844,0.157623,0.0,0.0,0.0,0.0,0.0,0.0,0.0,0.0,0.0,0.0,3,0,0,0,0,3,0,0,0,0,0,0,1,0,0
1900950373,0.157623,0.0,0.0,0.0,0.0,0.0,0.0,0.0,0.0,0.0,0.0,3,0,0,0,0,3,0,0,0,0,0,0,1,0,0
1901140159,0.157623,0.0,0.0,0.0,0.0,0.0,0.0,0.0,0.0,0.0,0.0,3,0,0,0,0,3,0,0,0,0,0,0,1,0,0
1901356798,0.157623,0.0,0.0,0.0,0.0,0.0,0.0,0.0,0.0,0.0,0.0,3,0,0,0,0,3,0,0,0,0,0,0,1,0,0
1901545654,0.157623,0.0,0.0,0.0,0.0,0.0,0.0,0.0,0.0,0.0,0.0,3,0,0,0,0,3,0,0,0,0,0,0,1,0,0
1901763262,0.157623,0.0,0.0,0.0,0.0,0.0,0.0,0.0,0.0,0.0,0.0,3,0,0,0,0,3,0,0,0,0,0,0,1,0,0
1901955162,0.157623,0.0,0.0,0.0,0.0,0.0,0.0,0.0,0.0,0.0,0.0,3,0,0,0,0,3,0,0,0,0,0,0,1,0,0
1902168733,0.157623,0.0,0.0,0.0,0.0,0.0,0.0,0.0,0.0,0.0,0.0,3,0,0,0,0,3,0,0,0,0,0,0,1,0,0
1902377584,0.157623,0.0,0.0,0.0,0.0,0.0,0.0,0.0,0.0,0.0,0.0,3,0,0,0,0,3,0,0,0,0,0,0,1,0,0
1902562717,0.157623,0.0,0.0,0.0,0.0,0.0,0.0,0.0,0.0,0.0,0.0,3,0,0,0,0,3,0,0,0,0,0,0,1,0,0
1902776828,0.157623,0.0,0.0,0.0,0.0,0.0,0.0,0.0,0.0,0.0,0.0,3,0,0,0,0,3,0,0,0,0,0,0,1,0,0
1902968989,0.157623,0.0,0.0,0.0,0.0,0.0,0.0,0.0,0.0,0.0,0.0,3,0,0,0,0,3,0,0,0,0,0,0,1,0,0
1903186593,0.157623,0.0,0.0,0.0,0.0,0.0,0.0,0.0,0.0,0.0,0.0,3,0,0,0,0,3,0,0,0,0,0,0,1,0,0
1903380060,0.157623,0.0,0.0,0.0,0.0,0.0,0.0,0.0,0.0,0.0,0.0,3,0,0,0,0,3,0,0,0,0,0,0,1,0,0
1903596523,0.157623,0.0,0.0,0.0,0.0,0.0,0.0,0.0,0.0,0.0,0.0,3,0,0,0,0,3,0,0,0,0,0,0,1,0,0
1903785680,0.157623,0.0,0.0,0.0,0.0,0.0,0.0,0.0,0.0,0.0,0.0,3,0,0,0,0,3,0,0,0,0,0,0,1,0,0
1903998563,0.157623,0.0,0.0,0.0,0.0,0.0,0.0,0.0,0.0,0.0,0.0,3,0,0,0,0,3,0,0,0,0,0,0,1,0,0
1904191419,0.157623,0.0,0.0,0.0,0.0,0.0,0.0,0.0,0.0,0.0,0.0,3,0,0,0,0,3,0,0,0,0,0,0,1,0,0
1904408088,0.157623,0.0,0.0,0.0,0.0,0.0,0.0,0.0,0.0,0.0,0.0,3,0,0,0,0,3,0,0,0,0,0,0,1,0,0
1904597873,0.157623,0.0,0.0,0.0,0.0,0.0,0.0,0.0,0.0,0.0,0.0,3,0,0,0,0,3,0,0,0,0,0,0,1,0,0
1904807289,0.157623,0.0,0.0,0.0,0.0,0.0,0.0,0.0,0.0,0.0,0.0,3,0,0,0,0,3,0,0,0,0,0,0,1,0,0
1904999163,0.157623,0.0,0.0,0.0,0.0,0.0,0.0,0.0,0.0,0.0,0.0,3,0,0,0,0,3,0,0,0,0,0,0,1,0,0
1905216108,0.157623,0.0,0.0,0.0663818,0.0,0.0,0.0,0.0,0.0,0.0,0.0,3,0,0,0,0,3,0,0,0,0,0,0,1,0,0
1905400772,0.157623,0.0,0.0,-0.00213165,0.0,0.0,0.0,0.0,0.0,0.0,0.0,3,0,0,0,0,3,0,0,0,0,0,0,1,0,0
1905610342,0.157623,0.0,0.0,2.25543e-06,0.0,0.0,0.0,0.0,0.0,0.0,0.0,3,0,0,0,0,3,0,0,0,0,0,0,1,0,0
1905824204,0.157623,0.0,0.0,-1.06569e-09,0.0,0.0,0.0,0.0,0.0,0.0,0.0,3,0,0,0,0,3,0,0,0,0,0,0,1,0,0
1906015931,0.157623,0.0,0.0,1.9418e-12,0.0,0.0,0.0,0.0,0.0,0.0,0.0,3,0,0,0,0,3,0,0,0,0,0,0,1,0,0
1906225583,0.157623,0.0,0.0,-3.86739e-16,0.0,0.0,0.0,0.0,0.0,0.0,0.0,3,0,0,0,0,3,0,0,0,0,0,0,1,0,0
1906418311,0.157623,0.0,0.0,1.13859e-18,0.0,0.0,0.0,0.0,0.0,0.0,0.0,3,0,0,0,0,3,0,0,0,0,0,0,1,0,0
1906632051,0.157623,0.0,0.0,3.37304e-22,0.0,0.0,0.0,0.0,0.0,0.0,0.0,3,0,0,0,0,3,0,0,0,0,0,0,1,0,0
1906824826,0.157623,0.0,0.0,1.00972e-25,0.0,0.0,0.0,0.0,0.0,0.0,0.0,3,0,0,0,0,3,0,0,0,0,0,0,1,0,0
1907041699,0.157623,0.0,0.0,9.10107e-28,0.0,0.0,0.0,0.0,0.0,0.0,0.0,3,0,0,0,0,3,0,0,0,0,0,0,1,0,0
1907235380,0.157623,0.0,0.0,-8.75269e-31,0.0,0.0,0.0,0.0,0.0,0.0,0.0,3,0,0,0,0,3,0,0,0,0,0,0,1,0,0
1907428075,0.157623,0.0,0.0,4.88204e-34,0.0,0.0,0.0,0.0,0.0,0.0,0.0,3,0,0,0,0,3,0,0,0,0,0,0,1,0,0
1907644745,0.157623,0.0,0.0,-1.5358e-36,0.0,0.0,0.0,0.0,0.0,0.0,0.0,3,0,0,0,0,3,0,0,0,0,0,0,1,0,0
1907834548,0.157623,0.0,0.0,1.73142e-39,0.0,0.0,0.0,0.0,0.0,0.0,0.0,3,0,0,0,0,3,0,0,0,0,0,0,1,0,0
1908051367,0.157623,0.0,0.0,-1.73341e-42,0.0,0.0,0.0,0.0,0.0,0.0,0.0,3,0,0,0,0,3,0,0,0,0,0,0,1,0,0
1908244123,0.157623,0.0,0.0,0.000532402,0.0,0.0,0.0,0.0,0.0,0.0,0.0,3,0,0,0,0,3,0,0,0,0,0,0,1,0,0
1908457725,0.157623,0.0,0.0,-1.04526e-06,0.0,0.0,0.0,0.0,0.0,0.0,0.0,3,0,0,0,0,3,0,0,0,0,0,0,1,0,0
1908650124,0.157623,0.0,0.0,2.05442e-10,0.0,0.0,0.0,0.0,0.0,0.0,0.0,3,0,0,0,0,3,0,0,0,0,0,0,1,0,0
1908865533,0.157623,0.0,0.0,0.0307961,0.0,0.0,0.0,0.0,0.0,0.0,0.0,3,0,0,0,0,3,0,0,0,0,0,0,1,0,0
1909056240,0.157623,0.0,0.0,-3.42473e-05,0.0,0.0,0.0,0.0,0.0,0.0,0.0,3,0,0,0,0,3,0,0,0,0,0,0,1,0,0
1909248781,0.157623,0.0,0.0,2.95092e-08,0.0,0.0,0.0,0.0,0.0,0.0,0.0,3,0,0,0,0,3,0,0,0,0,0,0,1,0,0
1909458573,0.157623,0.0,0.0,-4.86367e-11,0.0,0.0,0.0,0.0,0.0,0.0,0.0,3,0,0,0,0,3,0,0,0,0,0,0,1,0,0
1909668785,0.157623,0.0,0.0,2.99474e-14,0.0,0.0,0.0,0.0,0.0,0.0,0.0,3,0,0,0,0,3,0,0,0,0,0,0,1,0,0
1909860925,0.157623,0.0,0.0,-4.8872e-17,0.0,0.0,0.0,0.0,0.0,0.0,0.0,3,0,0,0,0,3,0,0,0,0,0,0,1,0,0
1910076805,0.157623,0.0,0.0,1.71372e-20,0.0,0.0,0.0,0.0,0.0,0.0,0.0,3,0,0,0,0,3,0,0,0,0,0,0,1,0,0
1910282363,0.157623,0.0,0.0,5.73342e-24,0.0,0.0,0.0,0.0,0.0,0.0,0.0,3,0,0,0,0,3,0,0,0,0,0,0,1,0,0
1910475335,0.157623,0.0,0.0,8.60155e-28,0.0,0.0,0.0,0.0,0.0,0.0,0.0,3,0,0,0,0,3,0,0,0,0,0,0,1,0,0
1910683990,0.157623,0.0,0.0,-0.00101537,0.0,0.0,0.0,0.0,0.0,0.0,0.0,3,0,0,0,0,3,0,0,0,0,0,0,1,0,0
1910877671,0.157623,0.0,0.0,1.96419e-06,0.0,0.0,0.0,0.0,0.0,0.0,0.0,3,0,0,0,0,3,0,0,0,0,0,0,1,0,0
1911082598,0.157623,0.0,0.0,-2.42907e-10,0.0,0.0,0.0,0.0,0.0,0.0,0.0,3,0,0,0,0,3,0,0,0,0,0,0,1,0,0
1911299132,0.157623,0.0,0.0,0.00266201,0.0,0.0,0.0,0.0,0.0,0.0,0.0,3,0,0,0,0,3,0,0,0,0,0,0,1,0,0
1911488929,0.157623,0.0,0.0,-0.000605949,0.0,0.0,0.0,0.0,0.0,0.0,0.0,3,0,0,0,0,3,0,0,0,0,0,0,1,0,0
1911704734,0.157623,0.0,0.0,-2.79305e-07,0.0,0.0,0.0,0.0,0.0,0.0,0.0,3,0,0,0,0,3,0,0,0,0,0,0,1,0,0
1911895301,0.157623,0.0,0.0,4.65155e-11,0.0,0.0,0.0,0.0,0.0,0.0,0.0,3,0,0,0,0,3,0,0,0,0,0,0,1,0,0
1912111303,0.157623,0.0,0.0,-6.10374e-13,0.0,0.0,0.0,0.0,0.0,0.0,0.0,3,0,0,0,0,3,0,0,0,0,0,0,1,0,0
1912297024,0.157623,0.0,0.0,6.31136e-16,0.0,0.0,0.0,0.0,0.0,0.0,0.0,3,0,0,0,0,3,0,0,0,0,0,0,1,0,0
1912513818,0.157623,0.0,0.0,-7.51019e-19,0.0,0.0,0.0,0.0,0.0,0.0,0.0,3,0,0,0,0,3,0,0,0,0,0,0,1,0,0
1912708174,0.157623,0.0,0.0,9.98253e-22,0.0,0.0,0.0,0.0,0.0,0.0,0.0,3,0,0,0,0,3,0,0,0,0,0,0,1,0,0
1912924119,0.157623,0.0,0.0,-6.80038e-25,0.0,0.0,0.0,0.0,0.0,0.0,0.0,3,0,0,0,0,3,0,0,0,0,0,0,1,0,0
1913116959,0.157623,0.0,0.0,1.06876e-27,0.0,0.0,0.0,0.0,0.0,0.0,0.0,3,0,0,0,0,3,0,0,0,0,0,0,1,0,0
1913326472,0.157623,0.0,0.0,-4.34296e-31,0.0,0.0,0.0,0.0,0.0,0.0,0.0,3,0,0,0,0,3,0,0,0,0,0,0,1,0,0
1913519295,0.157623,0.0,0.0,8.49127e-34,0.0,0.0,0.0,0.0,0.0,0.0,0.0,3,0,0,0,0,3,0,0,0,0,0,0,1,0,0
1913712018,0.157623,0.0,0.0,-1.44339e-36,0.0,0.0,0.0,0.0,0.0,0.0,0.0,3,0,0,0,0,3,0,0,0,0,0,0,1,0,0
1913928974,0.157623,0.0,0.0,4.22421e-40,0.0,0.0,0.0,0.0,0.0,0.0,0.0,3,0,0,0,0,3,0,0,0,0,0,0,1,0,0
1914121515,0.157623,0.0,0.0,-9.8231e-43,0.0,0.0,0.0,0.0,0.0,0.0,0.0,3,0,0,0,0,3,0,0,0,0,0,0,1,0,0
1914327285,0.157623,0.0,0.0,0.0,0.0,0.0,0.0,0.0,0.0,0.0,0.0,3,0,0,0,0,3,0,0,0,0,0,0,1,0,0
1914536152,0.157623,0.0,0.0,0.0,0.0,0.0,0.0,0.0,0.0,0.0,0.0,3,0,0,0,0,3,0,0,0,0,0,0,1,0,0
1914724885,0.157623,0.0,0.0,0.0,0.0,0.0,0.0,0.0,0.0,0.0,0.0,3,0,0,0,0,3,0,0,0,0,0,0,1,0,0
1914943423,0.157623,0.0,0.0,0.0,0.0,0.0,0.0,0.0,0.0,0.0,0.0,3,0,0,0,0,3,0,0,0,0,0,0,1,0,0
1915131216,0.157623,0.0,0.0,0.0,0.0,0.0,0.0,0.0,0.0,0.0,0.0,3,0,0,0,0,3,0,0,0,0,0,0,1,0,0
1915347941,0.157623,0.0,0.0,0.0,0.0,0.0,0.0,0.0,0.0,0.0,0.0,3,0,0,0,0,3,0,0,0,0,0,0,1,0,0
1915537771,0.157623,0.0,0.0,0.0,0.0,0.0,0.0,0.0,0.0,0.0,0.0,3,0,0,0,0,3,0,0,0,0,0,0,1,0,0
1915754490,0.157623,0.0,0.0,0.0,0.0,0.0,0.0,0.0,0.0,0.0,0.0,3,0,0,0,0,3,0,0,0,0,0,0,1,0,0
1915948004,0.157623,0.0,0.0,0.0,0.0,0.0,0.0,0.0,0.0,0.0,0.0,3,0,0,0,0,3,0,0,0,0,0,0,1,0,0
1916156218,0.157623,0.0,0.0,0.0,0.0,0.0,0.0,0.0,0.0,0.0,0.0,3,0,0,0,0,3,0,0,0,0,0,0,1,0,0
1916345606,0.157623,0.0,0.0,0.0,0.0,0.0,0.0,0.0,0.0,0.0,0.0,3,0,0,0,0,3,0,0,0,0,0,0,1,0,0
1916554424,0.157623,0.0,0.0,0.0,0.0,0.0,0.0,0.0,0.0,0.0,0.0,3,0,0,0,0,3,0,0,0,0,0,0,1,0,0
1916763301,0.157623,0.0,0.0,0.0,0.0,0.0,0.0,0.0,0.0,0.0,0.0,3,0,0,0,0,3,0,0,0,0,0,0,1,0,0
1916976802,0.157623,0.0,0.0,0.0,0.0,0.0,0.0,0.0,0.0,0.0,0.0,3,0,0,0,0,3,0,0,0,0,0,0,1,0,0
1917168738,0.157623,0.0,0.0,0.0,0.0,0.0,0.0,0.0,0.0,0.0,0.0,3,0,0,0,0,3,0,0,0,0,0,0,1,0,0
1917378411,0.157623,0.0,0.0,0.0,0.0,0.0,0.0,0.0,0.0,0.0,0.0,3,0,0,0,0,3,0,0,0,0,0,0,1,0,0
1917571135,0.157623,0.0,0.0,0.0,0.0,0.0,0.0,0.0,0.0,0.0,0.0,3,0,0,0,0,3,0,0,0,0,0,0,1,0,0
1917785095,0.157623,0.0,0.0,0.0,0.0,0.0,0.0,0.0,0.0,0.0,0.0,3,0,0,0,0,3,0,0,0,0,0,0,1,0,0
1917974470,0.157623,0.0,0.0,0.0,0.0,0.0,0.0,0.0,0.0,0.0,0.0,3,0,0,0,0,3,0,0,0,0,0,0,1,0,0
1918190915,0.157623,0.0,0.0,0.0,0.0,0.0,0.0,0.0,0.0,0.0,0.0,3,0,0,0,0,3,0,0,0,0,0,0,1,0,0
1918383347,0.157623,0.0,0.0,0.0,0.0,0.0,0.0,0.0,0.0,0.0,0.0,3,0,0,0,0,3,0,0,0,0,0,0,1,0,0
1918600895,0.157623,0.0,0.0,0.0,0.0,0.0,0.0,0.0,0.0,0.0,0.0,3,0,0,0,0,3,0,0,0,0,0,0,1,0,0
1918789612,0.157623,0.0,0.0,0.0,0.0,0.0,0.0,0.0,0.0,0.0,0.0,3,0,0,0,0,3,0,0,0,0,0,0,1,0,0
1918984112,0.157623,0.0,0.0,0.0,0.0,0.0,0.0,0.0,0.0,0.0,0.0,3,0,0,0,0,3,0,0,0,0,0,0,1,0,0
1919199474,0.157623,0.0,0.0,0.0,0.0,0.0,0.0,0.0,0.0,0.0,0.0,3,0,0,0,0,3,0,0,0,0,0,0,1,0,0
1919392810,0.157623,0.0,0.0,0.0,0.0,0.0,0.0,0.0,0.0,0.0,0.0,3,0,0,0,0,3,0,0,0,0,0,0,1,0,0
1919609687,0.157623,0.0,0.0,0.0,0.0,0.0,0.0,0.0,0.0,0.0,0.0,3,0,0,0,0,3,0,0,0,0,0,0,1,0,0
1919803326,0.157623,0.0,0.0,0.0,0.0,0.0,0.0,0.0,0.0,0.0,0.0,3,0,0,0,0,3,0,0,0,0,0,0,1,0,0
1919996102,0.157623,0.0,0.0,0.0,0.0,0.0,0.0,0.0,0.0,0.0,0.0,3,0,0,0,0,3,0,0,0,0,0,0,1,0,0
1920208938,0.157623,0.0,0.0,0.0,0.0,0.0,0.0,0.0,0.0,0.0,0.0,3,0,0,0,0,3,0,0,0,0,0,0,1,0,0
1920418565,0.157623,0.0,0.0,0.0,0.0,0.0,0.0,0.0,0.0,0.0,0.0,3,0,0,0,0,3,0,0,0,0,0,0,1,0,0
1920608068,0.157623,0.0,0.0,0.0,0.0,0.0,0.0,0.0,0.0,0.0,0.0,3,0,0,0,0,3,0,0,0,0,0,0,1,0,0
1920823942,0.157623,0.0,0.0,0.0,0.0,0.0,0.0,0.0,0.0,0.0,0.0,3,0,0,0,0,3,0,0,0,0,0,0,1,0,0
1921016777,0.157623,0.0,0.0,0.0,0.0,0.0,0.0,0.0,0.0,0.0,0.0,3,0,0,0,0,3,0,0,0,0,0,0,1,0,0
1921230388,0.157623,0.0,0.0,0.0,0.0,0.0,0.0,0.0,0.0,0.0,0.0,3,0,0,0,0,3,0,0,0,0,0,0,1,0,0
1921423270,0.157623,0.0,0.0,0.0,0.0,0.0,0.0,0.0,0.0,0.0,0.0,3,0,0,0,0,3,0,0,0,0,0,0,1,0,0
1921616203,0.157623,0.0,0.0,0.0,0.0,0.0,0.0,0.0,0.0,0.0,0.0,3,0,0,0,0,3,0,0,0,0,0,0,1,0,0
1921832783,0.157623,0.0,0.0,0.0,0.0,0.0,0.0,0.0,0.0,0.0,0.0,3,0,0,0,0,3,0,0,0,0,0,0,1,0,0
1922027324,0.157623,0.0,0.0,0.0,0.0,0.0,0.0,0.0,0.0,0.0,0.0,3,0,0,0,0,3,0,0,0,0,0,0,1,0,0
1922239197,0.157623,0.0,0.0,0.0,0.0,0.0,0.0,0.0,0.0,0.0,0.0,3,0,0,0,0,3,0,0,0,0,0,0,1,0,0
1922432213,0.157623,0.0,0.0,0.0,0.0,0.0,0.0,0.0,0.0,0.0,0.0,3,0,0,0,0,3,0,0,0,0,0,0,1,0,0
1922641629,0.157623,0.0,0.0,0.0,0.0,0.0,0.0,0.0,0.0,0.0,0.0,3,0,0,0,0,3,0,0,0,0,0,0,1,0,0
1922834513,0.157623,0.0,0.0,0.0,0.0,0.0,0.0,0.0,0.0,0.0,0.0,3,0,0,0,0,3,0,0,0,0,0,0,1,0,0
1923027404,0.157623,0.0,0.0,0.0,0.0,0.0,0.0,0.0,0.0,0.0,0.0,3,0,0,0,0,3,0,0,0,0,0,0,1,0,0
1923240805,0.157623,0.0,0.0,0.0,0.0,0.0,0.0,0.0,0.0,0.0,0.0,3,0,0,0,0,3,0,0,0,0,0,0,1,0,0
1923432933,0.157623,0.0,0.0,0.0,0.0,0.0,0.0,0.0,0.0,0.0,0.0,3,0,0,0,0,3,0,0,0,0,0,0,1,0,0
1923646544,0.157623,0.0,0.0,0.0,0.0,0.0,0.0,0.0,0.0,0.0,0.0,3,0,0,0,0,3,0,0,0,0,0,0,1,0,0
1923839256,0.157623,0.0,0.0,0.0,0.0,0.0,0.0,0.0,0.0,0.0,0.0,3,0,0,0,0,3,0,0,0,0,0,0,1,0,0
1924056520,0.157623,0.0,0.0,0.0,0.0,0.0,0.0,0.0,0.0,0.0,0.0,3,0,0,0,0,3,0,0,0,0,0,0,1,0,0
1924249695,0.157623,0.0,0.0,0.0,0.0,0.0,0.0,0.0,0.0,0.0,0.0,3,0,0,0,0,3,0,0,0,0,0,0,1,0,0
1924468062,0.157623,0.0,0.0,0.0,0.0,0.0,0.0,0.0,0.0,0.0,0.0,3,0,0,0,0,3,0,0,0,0,0,0,1,0,0
1924659474,0.157623,0.0,0.0,0.0,0.0,0.0,0.0,0.0,0.0,0.0,0.0,3,0,0,0,0,3,0,0,0,0,0,0,1,0,0
1924872222,0.157623,0.0,0.0,0.0,0.0,0.0,0.0,0.0,0.0,0.0,0.0,3,0,0,0,0,3,0,0,0,0,0,0,1,0,0
1925067525,0.157623,0.0,0.0,0.0,0.0,0.0,0.0,0.0,0.0,0.0,0.0,3,0,0,0,0,3,0,0,0,0,0,0,1,0,0
1925275195,0.157623,0.0,0.0,0.0,0.0,0.0,0.0,0.0,0.0,0.0,0.0,3,0,0,0,0,3,0,0,0,0,0,0,1,0,0
1925464189,0.157623,0.0,0.0,0.0,0.0,0.0,0.0,0.0,0.0,0.0,0.0,3,0,0,0,0,3,0,0,0,0,0,0,1,0,0
1925672904,0.157623,0.0,0.0,0.0,0.0,0.0,0.0,0.0,0.0,0.0,0.0,3,0,0,0,0,3,0,0,0,0,0,0,1,0,0
1925885701,0.157623,0.0,0.0,0.0,0.0,0.0,0.0,0.0,0.0,0.0,0.0,3,0,0,0,0,3,0,0,0,0,0,0,1,0,0
1926071170,0.157623,0.0,0.0,0.0,0.0,0.0,0.0,0.0,0.0,0.0,0.0,3,0,0,0,0,3,0,0,0,0,0,0,1,0,0
1926287431,0.157623,0.0,0.0,0.0,0.0,0.0,0.0,0.0,0.0,0.0,0.0,3,0,0,0,0,3,0,0,0,0,0,0,1,0,0
1926480826,0.157623,0.0,0.0,0.0,0.0,0.0,0.0,0.0,0.0,0.0,0.0,3,0,0,0,0,3,0,0,0,0,0,0,1,0,0
1926691180,0.157623,0.0,0.0,0.0,0.0,0.0,0.0,0.0,0.0,0.0,0.0,3,0,0,0,0,3,0,0,0,0,0,0,1,0,0
1926878909,0.157623,0.0,0.0,0.0,0.0,0.0,0.0,0.0,0.0,0.0,0.0,3,0,0,0,0,3,0,0,0,0,0,0,1,0,0
1927095958,0.157623,0.0,0.0,0.0,0.0,0.0,0.0,0.0,0.0,0.0,0.0,3,0,0,0,0,3,0,0,0,0,0,0,1,0,0
1927289644,0.157623,0.0,0.0,-0.00120904,0.0,0.0,0.0,0.0,0.0,0.0,0.0,3,0,0,0,0,3,0,0,0,0,0,0,1,0,0
1927498676,0.157623,0.0,0.0405619,6.56285e-07,0.0,0.0,0.0,0.0,0.0,0.0,0.0,3,0,0,0,0,3,0,0,0,0,0,0,1,0,0
1927687318,0.157623,0.0,0.0701815,-1.12632e-09,0.0,0.0,0.0,0.0,0.0,0.0,0.0,3,0,0,0,0,3,0,0,0,0,0,0,1,0,0
1927903930,0.157623,0.0,0.0688837,3.14671e-13,0.0,0.0,0.0,0.0,0.0,0.0,0.0,3,0,0,0,0,3,0,0,0,0,0,0,1,0,0
1928097805,0.157623,0.0,0.000279904,-7.51189e-16,0.0,0.0,0.0,0.0,0.0,0.0,0.0,3,0,0,0,0,3,0,0,0,0,0,0,1,0,0
1928290120,0.157623,0.0,0.0,1.42722e-18,0.0,0.0,0.0,0.0,0.0,0.0,0.0,3,0,0,0,0,3,0,0,0,0,0,0,1,0,0
1928507471,0.157623,0.0,2.50849e-10,-2.08243e-22,0.0,0.0,0.0,0.0,0.0,0.0,0.0,3,0,0,0,0,3,0,0,0,0,0,0,1,0,0
1928695988,0.157623,0.0,0.0,7.60505e-25,0.0,0.0,0.0,0.0,0.0,0.0,0.0,3,0,0,0,0,3,0,0,0,0,0,0,1,0,0
1928904897,0.157623,0.0,1.57574e-16,3.43903e-28,0.0,0.0,0.0,0.0,0.0,0.0,0.0,3,0,0,0,0,3,0,0,0,0,0,0,1,0,0
1929106489,0.157623,0.0,3.03921e-20,-6.21979e-31,0.0,0.0,0.0,0.0,0.0,0.0,0.0,3,0,0,0,0,3,0,0,0,0,0,0,1,0,0
1929315106,0.157623,0.0,0.0,3.97142e-34,0.0,0.0,0.0,0.0,0.0,0.0,0.0,3,0,0,0,0,3,0,0,0,0,0,0,1,0,0
1929508043,0.157623,0.0,1.05383e-25,-6.3922e-37,0.0,0.0,0.0,0.0,0.0,0.0,0.0,3,0,0,0,0,3,0,0,0,0,0,0,1,0,0
1929717279,0.157623,0.0,0.0,2.37046e-40,0.0,0.0,0.0,0.0,0.0,0.0,0.0,3,0,0,0,0,3,0,0,0,0,0,0,1,0,0
1929910400,0.157623,0.0,1.45981e-31,-4.84849e-43,0.0,0.0,0.0,0.0,0.0,0.0,0.0,3,0,0,0,0,3,0,0,0,0,0,0,1,0,0
1930127325,0.157623,0.0,0.0,0.0,0.0,0.0,0.0,0.0,0.0,0.0,0.0,3,0,0,0,0,3,0,0,0,0,0,0,1,0,0
1930320979,0.157623,0.0,1.44316e-37,0.0,0.0,0.0,0.0,0.0,0.0,0.0,0.0,3,0,0,0,0,3,0,0,0,0,0,0,1,0,0
1930533724,0.157623,0.0,0.0,0.0,0.0,0.0,0.0,0.0,0.0,0.0,0.0,3,0,0,0,0,3,0,0,0,0,0,0,1,0,0
1930717754,0.157623,0.0,1.03696e-43,0.0,0.0,0.0,0.0,0.0,0.0,0.0,0.0,3,0,0,0,0,3,0,0,0,0,0,0,1,0,0
1930927419,0.157623,0.0,0.0,0.0,0.0,0.0,0.0,0.0,0.0,0.0,0.0,3,0,0,0,0,3,0,0,0,0,0,0,1,0,0
1931144156,0.157623,0.0,0.0,0.0,0.0,0.0,0.0,0.0,0.0,0.0,0.0,3,0,0,0,0,3,0,0,0,0,0,0,1,0,0
1931332749,0.157623,0.0,0.0,0.0,0.0,0.0,0.0,0.0,0.0,0.0,0.0,3,0,0,0,0,3,0,0,0,0,0,0,1,0,0
1931543192,0.157623,0.0,0.0,0.0,0.0,0.0,0.0,0.0,0.0,0.0,0.0,3,0,0,0,0,3,0,0,0,0,0,0,1,0,0
1931736137,0.157623,0.0,0.0,0.0,0.0,0.0,0.0,0.0,0.0,0.0,0.0,3,0,0,0,0,3,0,0,0,0,0,0,1,0,0
1931952840,0.157623,0.0,0.0,0.0,0.0,0.0,0.0,0.0,0.0,0.0,0.0,3,0,0,0,0,3,0,0,0,0,0,0,1,0,0
1932141627,0.157623,0.0,0.0,0.0,0.0,0.0,0.0,0.0,0.0,0.0,0.0,3,0,0,0,0,3,0,0,0,0,0,0,1,0,0
1932335328,0.157623,0.0,0.0,0.0,0.0,0.0,0.0,0.0,0.0,0.0,0.0,3,0,0,0,0,3,0,0,0,0,0,0,1,0,0
1932551438,0.157623,0.0,0.0,0.0,0.0,0.0,0.0,0.0,0.0,0.0,0.0,3,0,0,0,0,3,0,0,0,0,0,0,1,0,0
1932760730,0.157623,0.0,0.0,0.0,0.0,0.0,0.0,0.0,0.0,0.0,0.0,3,0,0,0,0,3,0,0,0,0,0,0,1,0,0
1932949572,0.157623,0.0,0.0,0.0,0.0,0.0,0.0,0.0,0.0,0.0,0.0,3,0,0,0,0,3,0,0,0,0,0,0,1,0,0
1933158566,0.157623,0.0,0.0,0.0,0.0,0.0,0.0,0.0,0.0,0.0,0.0,3,0,0,0,0,3,0,0,0,0,0,0,1,0,0
1933368930,0.157623,0.0,0.0,0.0,0.0,0.0,0.0,0.0,0.0,0.0,0.0,3,0,0,0,0,3,0,0,0,0,0,0,1,0,0
1933561639,0.157623,0.0,0.0,0.0,0.0,0.0,0.0,0.0,0.0,0.0,0.0,3,0,0,0,0,3,0,0,0,0,0,0,1,0,0
1933770105,0.157623,0.0,0.0,0.0,0.0,0.0,0.0,0.0,0.0,0.0,0.0,3,0,0,0,0,3,0,0,0,0,0,0,1,0,0
1933959309,0.157623,0.0,0.0,0.0,0.0,0.0,0.0,0.0,0.0,0.0,0.0,3,0,0,0,0,3,0,0,0,0,0,0,1,0,0
1934175930,0.157623,0.0,0.0,0.0,0.0,0.0,0.0,0.0,0.0,0.0,0.0,3,0,0,0,0,3,0,0,0,0,0,0,1,0,0
1934368987,0.15559,0.0,0.0,0.0,0.0,0.0,0.0,0.0,0.0,0.0,0.0,3,0,0,0,0,3,0,0,0,0,0,0,1,0,0
1934558479,0.157091,0.0,0.0,0.0,0.0,0.0,0.0,0.0,0.0,0.0,0.0,3,0,0,0,0,3,0,0,0,0,0,0,1,0,0
1934775431,0.156624,0.0,0.0,0.0,0.0,0.0,0.0,0.0,0.0,0.0,0.0,3,0,0,0,0,3,0,0,0,0,0,0,1,0,0
1934968824,0.157624,0.0,0.0,0.0,0.0,0.0,0.0,0.0,0.0,0.0,0.0,3,0,0,0,0,3,0,0,0,0,0,0,1,0,0
1935184721,0.157623,0.0,0.0,0.0,0.0,0.0,0.0,0.0,0.0,0.0,0.0,3,0,0,0,0,3,0,0,0,0,0,0,1,0,0
1935379279,0.157539,0.0,0.0,0.0,0.0,0.0,0.0,0.0,0.0,0.0,0.0,3,0,0,0,0,3,0,0,0,0,0,0,1,0,0
1935592088,0.157623,0.0,0.0,0.0,0.0,0.0,0.0,0.0,0.0,0.0,0.0,3,0,0,0,0,3,0,0,0,0,0,0,1,0,0
1935784121,0.157623,0.0,0.0,0.0,0.0,0.0,0.0,0.0,0.0,0.0,0.0,3,0,0,0,0,3,0,0,0,0,0,0,1,0,0
1935976781,0.157623,0.0,0.0,0.0,0.0,0.0,0.0,0.0,0.0,0.0,0.0,3,0,0,0,0,3,0,0,0,0,0,0,1,0,0
1936182456,0.157623,0.0,0.0,0.0,0.0,0.0,0.0,0.0,0.0,0.0,0.0,3,0,0,0,0,3,0,0,0,0,0,0,1,0,0
1936399380,0.157623,0.0,0.0,0.0,0.0,0.0,0.0,0.0,0.0,0.0,0.0,3,0,0,0,0,3,0,0,0,0,0,0,1,0,0
1936591904,0.157623,0.0,0.0,0.0,0.0,0.0,0.0,0.0,0.0,0.0,0.0,3,0,0,0,0,3,0,0,0,0,0,0,1,0,0
1936808805,0.157623,0.0,0.0,0.0,0.0,0.0,0.0,0.0,0.0,0.0,0.0,3,0,0,0,0,3,0,0,0,0,0,0,1,0,0
1936995298,0.157623,0.0,0.0,0.0,0.0,0.0,0.0,0.0,0.0,0.0,0.0,3,0,0,0,0,3,0,0,0,0,0,0,1,0,0
1937211713,0.157623,0.0,0.0,0.0,0.0,0.0,0.0,0.0,0.0,0.0,0.0,3,0,0,0,0,3,0,0,0,0,0,0,1,0,0
1937395909,0.157623,0.0,0.0,0.0,0.0,0.0,0.0,0.0,0.0,0.0,0.0,3,0,0,0,0,3,0,0,0,0,0,0,1,0,0
1937609762,0.157623,0.0,0.0,0.0,0.0,0.0,0.0,0.0,0.0,0.0,0.0,3,0,0,0,0,3,0,0,0,0,0,0,1,0,0
1937816008,0.157623,0.0,0.0,0.0,0.0,0.0,0.0,0.0,0.0,0.0,0.0,3,0,0,0,0,3,0,0,0,0,0,0,1,0,0
1938008096,0.157623,0.0,0.0,0.0,0.0,0.0,0.0,0.0,0.0,0.0,0.0,3,0,0,0,0,3,0,0,0,0,0,0,1,0,0
1938200982,0.157623,0.0,0.0,0.0,0.0,0.0,0.0,0.0,0.0,0.0,0.0,3,0,0,0,0,3,0,0,0,0,0,0,1,0,0
1938417583,0.157623,0.0,0.0,0.0,0.0,0.0,0.0,0.0,0.0,0.0,0.0,3,0,0,0,0,3,0,0,0,0,0,0,1,0,0
1938610527,0.157623,0.0,0.0,0.0,0.0,0.0,0.0,0.0,0.0,0.0,0.0,3,0,0,0,0,3,0,0,0,0,0,0,1,0,0
1938803958,0.157623,0.0,0.0,0.0,0.0,0.0,0.0,0.0,0.0,0.0,0.0,3,0,0,0,0,3,0,0,0,0,0,0,1,0,0
1939020196,0.157623,0.0,0.0,0.0,0.0,0.0,0.0,0.0,0.0,0.0,0.0,3,0,0,0,0,3,0,0,0,0,0,0,1,0,0
1939209718,0.157089,0.0,0.0,0.0,0.0,0.0,0.0,0.0,0.0,0.0,0.0,3,0,0,0,0,3,0,0,0,0,0,0,1,0,0
1939423258,0.157624,0.0,0.0,0.0,0.0,0.0,0.0,0.0,0.0,0.0,0.0,3,0,0,0,0,3,0,0,0,0,0,0,1,0,0
1939615718,0.157623,0.0,0.0,0.0,0.0,0.0,0.0,0.0,0.0,0.0,0.0,3,0,0,0,0,3,0,0,0,0,0,0,1,0,0
1939832891,0.157623,0.0,0.0,0.0,0.0,0.0,0.0,0.0,0.0,0.0,0.0,3,0,0,0,0,3,0,0,0,0,0,0,1,0,0
1940026454,0.157623,0.0,0.0,0.0,0.0,0.0,0.0,0.0,0.0,0.0,0.0,3,0,0,0,0,3,0,0,0,0,0,0,1,0,0
1940219281,0.157623,0.0,0.0,0.0,0.0,0.0,0.0,0.0,0.0,0.0,0.0,3,0,0,0,0,3,0,0,0,0,0,0,1,0,0
1940435934,0.157623,0.0,0.0,0.00498836,0.0,0.0,0.0,0.0,0.0,0.0,0.0,3,0,0,0,0,3,0,0,0,0,0,0,1,0,0
1940624887,0.157623,0.0,0.0,0.121651,0.0,0.0,0.0,0.0,0.0,0.0,0.0,3,0,0,0,0,3,0,0,0,0,0,0,1,0,0
1940841531,0.157623,0.0,0.0,0.0748043,0.0,0.0,0.0,0.0,0.0,0.0,0.0,3,0,0,0,0,3,0,0,0,0,0,0,1,0,0
1941035309,0.157623,0.0,0.0,0.000274587,0.0,0.0,0.0,0.0,0.0,0.0,0.0,3,0,0,0,0,3,0,0,0,0,0,0,1,0,0
1941247930,0.157623,0.0,0.0,-0.00158908,0.0,0.0,0.0,0.0,0.0,0.0,0.0,3,0,0,0,0,3,0,0,0,0,0,0,1,0,0
1941437647,0.157623,0.0,0.0,-0.0718806,0.0,0.0,0.0,0.0,0.0,0.0,0.0,3,0,0,0,0,3,0,0,0,0,0,0,1,0,0
1941649530,0.157623,0.0,0.0,-0.000106418,0.0,0.0,0.0,0.0,0.0,0.0,0.0,3,0,0,0,0,3,0,0,0,0,0,0,1,0,0
1941839341,0.157623,0.0,0.0,-0.160803,0.0,0.0,0.0,0.0,0.0,0.0,0.0,3,0,0,0,0,3,0,0,0,0,0,0,1,0,0
1942047934,0.157623,0.0,0.0,0.0809329,0.0,0.0,0.0,0.0,0.0,0.0,0.0,3,0,0,0,0,3,0,0,0,0,0,0,1,0,0
1942261648,0.157623,0.0,0.0,-0.0770866,0.0,0.0,0.0,0.0,0.0,0.0,0.0,3,0,0,0,0,3,0,0,0,0,0,0,1,0,0
1942454507,0.157623,0.0,0.0,-0.000319862,0.0,0.0,0.0,0.0,0.0,0.0,0.0,3,0,0,0,0,3,0,0,0,0,0,0,1,0,0
1942664905,0.157623,0.0,0.0,9.86828e-08,0.0,0.0,0.0,0.0,0.0,0.0,0.0,3,0,0,0,0,3,0,0,0,0,0,0,1,0,0
1942856221,0.157623,0.0,0.0,-2.22692e-10,0.0,0.0,0.0,0.0,0.0,0.0,0.0,3,0,0,0,0,3,0,0,0,0,0,0,1,0,0
1943049533,0.157623,0.0,0.0,4.11433e-13,0.0,0.0,0.0,0.0,0.0,0.0,0.0,3,0,0,0,0,3,0,0,0,0,0,0,1,0,0
1943263416,0.157623,0.0,0.0,-7.45786e-17,0.0,0.0,0.0,0.0,0.0,0.0,0.0,3,0,0,0,0,3,0,0,0,0,0,0,1,0,0
1943456004,0.157623,0.0,0.0,2.33849e-19,0.0,0.0,0.0,0.0,0.0,0.0,0.0,3,0,0,0,0,3,0,0,0,0,0,0,1,0,0
1943672829,0.157623,0.0,0.0,8.07685e-23,0.0,0.0,0.0,0.0,0.0,0.0,0.0,3,0,0,0,0,3,0,0,0,0,0,0,1,0,0
1943866484,0.157623,0.0,0.0,9.19392e-27,0.0,0.0,0.0,0.0,0.0,0.0,0.0,3,0,0,0,0,3,0,0,0,0,0,0,1,0,0
1944082354,0.157623,0.0,0.0,2.01434e-28,0.0,0.0,0.0,0.0,0.0,0.0,0.0,3,0,0,0,0,3,0,0,0,0,0,0,1,0,0
1944272782,0.157623,0.0,0.0,-0.000972757,0.0,0.0,0.0,0.0,0.0,0.0,0.0,3,0,0,0,0,3,0,0,0,0,0,0,1,0,0
1944463947,0.157623,0.0,0.0,1.62769e-06,0.0,0.0,0.0,0.0,0.0,0.0,0.0,3,0,0,0,0,3,0,0,0,0,0,0,1,0,0
1944673976,0.157623,0.0,0.0,-5.12385e-10,0.0,0.0,0.0,0.0,0.0,0.0,0.0,3,0,0,0,0,3,0,0,0,0,0,0,1,0,0
1944868083,0.157623,0.0,0.0,1.14348e-12,0.0,0.0,0.0,0.0,0.0,0.0,0.0,3,0,0,0,0,3,0,0,0,0,0,0,1,0,0
1945083212,0.157623,0.0,0.0,4.50668e-17,0.0,0.0,0.0,0.0,0.0,0.0,0.0,3,0,0,0,0,3,0,0,0,0,0,0,1,0,0
1945276932,0.157623,0.0,0.0,3.96433e-19,0.0,0.0,0.0,0.0,0.0,0.0,0.0,3,0,0,0,0,3,0,0,0,0,0,0,1,0,0
1945489614,0.157623,0.0,0.0,5.43138e-22,0.0,0.0,0.0,0.0,0.0,0.0,0.0,3,0,0,0,0,3,0,0,0,0,0,0,1,0,0
1945679311,0.157623,0.0,0.0,-3.92489e-25,0.0,0.0,0.0,0.0,0.0,0.0,0.0,3,0,0,0,0,3,0,0,0,0,0,0,1,0,0
1945895211,0.157623,0.0,0.0,8.5446e-28,0.0,0.0,0.0,0.0,0.0,0.0,0.0,3,0,0,0,0,3,0,0,0,0,0,0,1,0,0
1946080520,0.157623,0.0,0.0,-1.00998e-30,0.0,0.0,0.0,0.0,0.0,0.0,0.0,3,0,0,0,0,3,0,0,0,0,0,0,1,0,0
1946297769,0.157623,0.0,0.0,9.12143e-34,0.0,0.0,0.0,0.0,0.0,0.0,0.0,3,0,0,0,0,3,0,0,0,0,0,0,1,0,0
1946487267,0.157623,0.0,0.0,-1.30646e-36,0.0,0.0,0.0,0.0,0.0,0.0,0.0,3,0,0,0,0,3,0,0,0,0,0,0,1,0,0
1946696034,0.157623,0.0,0.0,7.22418e-40,0.0,0.0,0.0,0.0,0.0,0.0,0.0,3,0,0,0,0,3,0,0,0,0,0,0,1,0,0
1946888867,0.157623,0.0,0.0,-1.23034e-42,0.0,0.0,0.0,0.0,0.0,0.0,0.0,3,0,0,0,0,3,0,0,0,0,0,0,1,0,0
1947105743,0.157623,0.0,0.0,0.0,0.0,0.0,0.0,0.0,0.0,0.0,0.0,3,0,0,0,0,3,0,0,0,0,0,0,1,0,0
1947300775,0.157623,0.0,0.0,0.0,0.0,0.0,0.0,0.0,0.0,0.0,0.0,3,0,0,0,0,3,0,0,0,0,0,0,1,0,0
1947492090,0.157623,0.0,0.0,0.0,0.0,0.0,0.0,0.0,0.0,0.0,0.0,3,0,0,0,0,3,0,0,0,0,0,0,1,0,0
1947708750,0.155058,0.0,0.0,0.0,0.0,0.0,0.0,0.0,0.0,0.0,0.0,3,0,0,0,0,3,0,0,0,0,0,0,1,0,0
1947917784,0.154841,0.0,0.0,0.0,0.0,0.0,0.0,0.0,0.0,0.0,0.0,3,0,0,0,0,3,0,0,0,0,0,0,1,0,0
1948103237,0.157606,0.0,0.0,0.0,0.0,0.0,0.0,0.0,0.0,0.0,0.0,3,0,0,0,0,3,0,0,0,0,0,0,1,0,0
1948320117,0.157623,0.0,0.0,0.0,0.0,0.0,0.0,0.0,0.0,0.0,0.0,3,0,0,0,0,3,0,0,0,0,0,0,1,0,0
1948512734,0.157623,0.0,0.00466726,0.0,0.0,0.0,0.0,0.0,0.0,0.0,0.0,3,0,0,0,0,3,0,0,0,0,0,0,1,0,0
1948722485,0.157623,0.0,0.0,0.0,0.0,0.0,0.0,0.0,0.0,0.0,0.0,3,0,0,0,0,3,0,0,0,0,0,0,1,0,0
1948915264,0.158157,0.0,3.80315e-09,0.0,0.0,0.0,0.0,0.0,0.0,0.0,0.0,3,0,0,0,0,3,0,0,0,0,0,0,1,0,0
1949108875,0.161277,0.0,0.0272053,0.0,0.0,0.0,0.0,0.0,0.0,0.0,0.0,3,0,0,0,0,3,0,0,0,0,0,0,1,0,0
1949320738,0.15764,0.0,0.0546311,0.0,0.0,0.0,0.0,0.0,0.0,0.0,0.0,3,0,0,0,0,3,0,0,0,0,0,0,1,0,0
1949515173,0.157623,0.0,0.118781,0.0,0.0,0.0,0.0,0.0,0.0,0.0,0.0,3,0,0,0,0,3,0,0,0,0,0,0,1,0,0
1949726910,0.169259,0.0,0.149863,0.0,0.0,0.0,0.0,0.0,0.0,0.0,0.0,3,0,0,0,0,3,0,0,0,0,0,0,1,0,0
1949920705,0.154462,0.0,0.149871,0.0,0.0,0.0,0.0,0.0,0.0,0.0,0.0,3,0,0,0,0,3,0,0,0,0,0,0,1,0,0
1950136890,0.15763,0.0,0.149871,0.0,0.0,0.0,0.0,0.0,0.0,0.0,0.0,3,0,0,0,0,3,0,0,0,0,0,0,1,0,0
1950342464,0.157623,0.0,0.190807,0.0148401,0.0,0.0,0.0,0.0,0.0,0.0,0.0,3,0,0,0,0,3,0,0,0,0,0,0,1,0,0
1950535385,0.157623,0.0,0.312545,-1.6672e-05,0.0,0.0,0.0,0.0,0.0,0.0,0.0,3,0,0,0,0,3,0,0,0,0,0,0,1,0,0
1950744813,0.157706,0.0,0.42631,1.67986e-08,0.0,0.0,0.0,0.0,0.0,0.0,0.0,3,0,0,0,0,3,0,0,0,0,0,0,1,0,0
1950936733,0.157622,0.0,0.446902,-2.33156e-11,0.0,0.0,0.0,0.0,0.0,0.0,0.0,3,0,0,0,0,3,0,0,0,0,0,0,1,0,0
1951150619,0.157623,0.0,0.447028,1.41245e-14,0.0,0.0,0.0,0.0,0.0,0.0,0.0,3,0,0,0,0,3,0,0,0,0,0,0,1,0,0
1951335481,0.113048,0.0,0.879339,0.0739518,0.0,0.0,0.0,0.0,0.0,0.0,0.0,3,0,0,0,0,3,0,0,0,0,0,0,1,0,0
1951552889,0.164008,0.319667,0.998722,0.000721692,0.0,0.0,0.0,0.0,0.0,0.0,0.0,3,0,0,0,0,3,0,0,0,0,0,0,1,0,0
1951757628,0.291188,0.95843,0.998708,-4.16788e-07,0.0,0.0,0.0,0.0,0.0,0.0,0.0,3,0,0,0,0,3,0,0,0,0,0,0,1,0,0
1951950426,0.139185,0.244848,0.998708,6.97473e-10,0.0,0.0,0.0,0.0,0.0,0.0,0.0,3,0,0,0,0,3,0,0,0,0,0,0,1,0,0
1952159199,0.123814,0.49715,0.998708,-2.19456e-13,0.0,0.0,0.0,0.0,0.0,0.0,0.0,3,0,0,0,0,3,0,0,0,0,0,0,1,0,0
1952352096,0.151934,-0.00889096,0.998708,4.89882e-16,0.0,0.0,0.0,0.0,0.0,0.0,0.0,3,0,0,0,0,3,0,0,0,0,0,0,1,0,0
1952545167,0.155046,3.01566e-05,0.99999,-8.99954e-19,0.0,0.0,0.0,0.0,0.0,0.0,0.0,3,0,0,0,0,3,0,0,0,0,0,0,1,0,0
1952762545,0.372685,1.21365e-08,0.986122,1.69701e-22,0.0,0.0,0.0,0.0,0.0,0.0,0.0,3,0,0,0,0,3,0,0,0,0,0,0,1,0,0
1952955356,0.622295,-0.002095,0.709222,0.00333188,0.0,0.0,0.0,0.0,0.0,0.0,0.0,3,0,0,0,0,3,0,0,0,0,0,0,1,0,0
1953165883,0.156971,-7.35969e-07,0.705421,-1.66701e-05,0.0,0.0,0.0,0.0,0.0,0.0,0.0,3,0,0,0,0,3,0,0,0,0,0,0,1,0,0
1953356975,0.158597,0.141081,0.705426,1.80335e-08,0.0,0.0,0.0,0.0,0.0,0.0,0.0,3,0,0,0,0,3,0,0,0,0,0,0,1,0,0
1953562470,0.536014,0.565473,0.705426,-1.96347e-11,0.0,0.0,0.0,0.0,0.0,0.0,0.0,3,0,0,0,0,3,0,0,0,0,0,0,1,0,0
1953775718,0.149079,-0.00456472,0.705426,9.49911e-15,0.0,0.0,0.0,0.0,0.0,0.0,0.0,3,0,0,0,0,3,0,0,0,0,0,0,1,0,0
1953960842,0.157261,6.58706e-06,0.705426,-1.71272e-17,0.0,0.0,0.0,0.0,0.0,0.0,0.0,3,0,0,0,0,3,0,0,0,0,0,0,1,0,0
1954173697,0.155631,-3.56128e-09,0.705426,3.64671e-21,0.0,0.0,0.0,0.0,0.0,0.0,0.0,3,0,0,0,0,3,0,0,0,0,0,0,1,0,0
1954359407,0.156488,6.12205e-12,0.705426,-1.02793e-23,0.0,0.0,0.0,0.0,0.0,0.0,0.0,3,0,0,0,0,3,0,0,0,0,0,0,1,0,0
1954576043,0.316434,0.0209076,0.705426,-2.6776e-27,0.0,0.0,0.0,0.0,0.0,0.0,0.0,3,0,0,0,0,3,0,0,0,0,0,0,1,0,0
1954768772,0.60978,0.94008,0.705426,-1.28088e-30,0.0,0.0,0.0,0.0,0.0,0.0,0.0,3,0,0,0,0,3,0,0,0,0,0,0,1,0,0
1954981573,0.648075,1.0,0.705426,-7.75229e-33,0.0,0.0,0.0,0.0,0.0,0.0,0.0,3,0,0,0,0,3,0,0,0,0,0,0,1,0,0
1955172150,0.602412,1.0,0.705426,7.293e-36,0.0,0.0,0.0,0.0,0.0,0.0,0.0,3,0,0,0,0,3,0,0,0,0,0,0,1,0,0
1955388912,0.272837,0.34576,0.705426,-1.03345e-38,0.0,0.0,0.0,0.0,0.0,0.0,0.0,3,0,0,0,0,3,0,0,0,0,0,0,1,0,0
1955577664,-0.837257,0.204247,0.705426,1.31988e-41,0.0,0.0,0.0,0.0,0.0,0.0,0.0,3,0,0,0,0,3,0,0,0,0,0,0,1,0,0
1955794115,-0.597215,0.0336082,0.705426,-9.80909e-45,0.0,0.0,0.0,0.0,0.0,0.0,0.0,3,0,0,0,0,3,0,0,0,0,0,0,1,0,0
1955987279,-0.700261,0.00152842,0.705426,0.0,0.0,0.0,0.0,0.0,0.0,0.0,0.0,3,0,0,0,0,3,0,0,0,0,0,0,1,0,0
1956204117,-0.363245,0.472866,0.705426,0.0,0.0,0.0,0.0,0.0,0.0,0.0,0.0,3,0,0,0,0,3,0,0,0,0,0,0,1,0,0
1956393801,-0.0465902,0.270316,0.705426,0.0,0.0,0.0,0.0,0.0,0.0,0.0,0.0,3,0,0,0,0,3,0,0,0,0,0,0,1,0,0
1956602557,0.149823,0.0675538,0.705426,0.0,0.0,0.0,0.0,0.0,0.0,0.0,0.0,3,0,0,0,0,3,0,0,0,0,0,0,1,0,0
1956795486,0.304238,-0.329562,0.705426,0.0,0.0,0.0,0.0,0.0,0.0,0.0,0.0,3,0,0,0,0,3,0,0,0,0,0,0,1,0,0
1957012226,0.156121,-0.000930884,0.705426,0.0,0.0,0.0,0.0,0.0,0.0,0.0,0.0,3,0,0,0,0,3,0,0,0,0,0,0,1,0,0
1957200888,0.155037,1.58469e-06,0.705426,0.0,0.0,0.0,0.0,0.0,0.0,0.0,0.0,2,0,0,0,0,3,0,0,0,0,0,0,1,0,0
1957414449,0.155039,-4.60537e-10,0.705426,1.70818e-05,0.0,0.0,0.0,0.0,0.0,0.0,0.0,1,0,0,0,0,3,0,0,0,0,0,0,1,0,0
1957599196,0.155039,1.07478e-12,0.705426,-6.10119e-09,0.0,0.0,0.0,0.0,0.0,0.0,0.0,1,0,0,0,0,3,0,0,0,0,0,0,1,0,0
1957816062,0.155039,9.22563e-17,0.705426,3.37448e-11,0.0,0.0,0.0,0.0,0.0,0.0,0.0,1,0,0,0,0,3,0,0,0,0,0,0,1,0,0
1958009529,0.155039,3.22492e-19,0.705426,-3.6256e-14,0.0,0.0,0.0,0.0,0.0,0.0,0.0,1,0,0,0,0,3,0,0,0,0,0,0,1,0,0
1958203217,0.155122,-1.10415e-21,0.705426,2.87705e-17,0.0,0.0,0.0,0.0,0.0,0.0,0.0,1,0,0,0,0,3,0,0,0,0,0,0,1,0,0
1958419431,0.155936,-4.51572e-25,0.705426,-5.42078e-20,0.0,0.0,0.0,0.0,0.0,0.0,0.0,1,0,0,0,0,3,0,0,0,0,0,0,1,0,0
1958608506,0.15504,2.71227e-29,0.705426,6.55694e-23,0.0,0.0,0.0,0.0,0.0,0.0,0.0,1,0,0,0,0,3,0,0,0,0,0,0,1,0,0
1958825664,0.156782,-1.03976e-30,0.705426,-5.62214e-26,0.0,0.0,0.0,0.0,0.0,0.0,0.0,1,0,0,0,0,3,0,0,0,0,0,0,1,0,0
1959019305,0.156338,1.055e-33,0.705426,8.18071e-29,0.0,0.0,0.0,0.0,0.0,0.0,0.0,1,0,0,0,0,3,0,0,0,0,0,0,1,0,0
1959231395,0.157621,-1.30151e-36,0.705426,-4.31167e-32,0.0,0.0,0.0,0.0,0.0,0.0,0.0,1,0,0,0,0,3,0,0,0,0,0,0,1,0,0
1959425800,0.156489,1.71499e-39,0.705426,7.49147e-35,0.0,0.0,0.0,0.0,0.0,0.0,0.0,1,0,0,0,0,3,0,0,0,0,0,0,1,0,0
1959618454,0.157821,-1.99825e-42,0.705426,-1.16967e-37,0.0,0.0,0.0,0.0,0.0,0.0,0.0,1,0,0,0,0,3,0,0,0,0,0,0,1,0,0
1959835301,0.155055,1.4013e-45,0.705426,4.86923e-41,0.0,0.0,0.0,0.0,0.0,0.0,0.0,1,0,0,0,0,3,0,0,0,0,0,0,1,0,0
1960024184,0.15762,0.0,0.705426,-9.3887e-44,0.0,0.0,0.0,0.0,0.0,0.0,0.0,1,0,0,0,0,3,0,0,0,0,0,0,1,0,0
1960240195,0.157623,0.0,0.705426,0.0,0.0,0.0,0.0,0.0,0.0,0.0,0.0,1,0,0,0,0,3,0,0,0,0,0,0,1,0,0
1960433707,0.157537,0.0,0.705426,0.0,0.0,0.0,0.0,0.0,0.0,0.0,0.0,1,0,0,0,0,3,0,0,0,0,0,0,1,0,0
1960648114,0.157618,0.0,0.705426,0.0,0.0,0.0,0.0,0.0,0.0,0.0,0.0,1,0,0,0,0,3,0,0,0,0,0,0,1,0,0
1960840843,0.154989,0.0,0.705426,0.0,0.0,0.0,0.0,0.0,0.0,0.0,0.0,1,0,0,0,0,3,0,0,0,0,0,0,1,0,0
1961032854,0.157087,0.0,0.705426,0.0,0.0,0.0,0.0,0.0,0.0,0.0,0.0,1,0,0,0,0,3,0,0,0,0,0,0,1,0,0
1961250582,0.157624,0.0,0.705426,0.0,0.0,0.0,0.0,0.0,0.0,0.0,0.0,1,0,0,0,0,3,0,0,0,0,0,0,1,0,0
1961444101,0.157539,0.0,0.705426,0.0,0.0,0.0,0.0,0.0,0.0,0.0,0.0,1,0,0,0,0,3,0,0,0,0,0,0,1,0,0
1961636092,0.157623,0.0,0.705426,0.0,0.0,0.0,0.0,0.0,0.0,0.0,0.0,1,0,0,0,0,3,0,0,0,0,0,0,1,0,0
1961849031,0.156109,0.0,0.705426,0.0,0.0,0.0,0.0,0.0,0.0,0.0,0.0,1,0,0,0,0,3,0,0,0,0,0,0,1,0,0
1962042546,0.157617,0.0,0.705426,0.0,0.0,0.0,0.0,0.0,0.0,0.0,0.0,1,0,0,0,0,3,0,0,0,0,0,0,1,0,0
1962259289,0.157623,0.0,0.705426,0.0,0.0,0.0,0.0,0.0,0.0,0.0,0.0,1,0,0,0,0,3,0,0,0,0,0,0,1,0,0
1962448862,0.155824,0.0,0.705426,0.0,0.0,0.0,0.0,0.0,0.0,0.0,0.0,1,0,0,0,0,3,0,0,0,0,0,0,1,0,0
1962666462,0.157667,0.0,0.705426,0.0,0.0,0.0,0.0,0.0,0.0,0.0,0.0,1,0,0,0,0,3,0,0,0,0,0,0,1,0,0
1962854481,0.155892,0.0,0.705426,0.0,0.0,0.0,0.0,0.0,0.0,0.0,0.0,1,0,0,0,0,3,0,0,0,0,0,0,1,0,0
1963072037,0.157236,0.0,0.705426,0.0,0.0,0.0,0.0,0.0,0.0,0.0,0.0,1,0,0,0,0,3,0,0,0,0,0,0,1,0,0
1963264928,0.156623,0.0,0.705426,0.0,0.0,0.0,0.0,0.0,0.0,0.0,0.0,1,0,0,0,0,3,0,0,0,0,0,0,1,0,0
1963458372,0.15649,0.0,0.705426,0.0,0.0,0.0,0.0,0.0,0.0,0.0,0.0,1,0,0,0,0,3,0,0,0,0,0,0,1,0,0
1963674490,0.156352,0.0,0.705426,0.0,0.0,0.0,0.0,0.0,0.0,0.0,0.0,1,0,0,0,0,3,0,0,0,0,0,0,1,0,0
1963864762,0.157737,0.0,0.705426,0.0,0.0,0.0,0.0,0.0,0.0,0.0,0.0,1,0,0,0,0,3,0,0,0,0,0,0,1,0,0
1964080849,0.157622,0.0,0.705426,0.0,0.0,0.0,0.0,0.0,0.0,0.0,0.0,1,0,0,0,0,3,0,0,0,0,0,0,1,0,0
1964275245,0.15769,0.0,0.705426,0.0,0.0,0.0,0.0,0.0,0.0,0.0,0.0,1,0,0,0,0,3,0,0,0,0,0,0,1,0,0
1964467542,0.157623,0.0,0.705426,0.0,0.0,0.0,0.0,0.0,0.0,0.0,0.0,1,0,0,0,0,3,0,0,0,0,0,0,1,0,0
1964680847,0.157623,0.0,0.705426,0.0,0.0,0.0,0.0,0.0,0.0,0.0,0.0,1,0,0,0,0,3,0,0,0,0,0,0,1,0,0
1964873786,0.157623,0.0,0.705426,0.0,0.0,0.0,0.0,0.0,0.0,0.0,0.0,1,0,0,0,0,3,0,0,0,0,0,0,1,0,0
1965088859,0.157623,0.0,0.705426,0.0,0.0,0.0,0.0,0.0,0.0,0.0,0.0,1,0,0,0,0,3,0,0,0,0,0,0,1,0,0
1965283232,0.15769,0.0,0.705426,0.0,0.0,0.0,0.0,0.0,0.0,0.0,0.0,1,0,0,0,0,3,0,0,0,0,0,0,1,0,0
1965496092,0.157623,0.0,0.705426,0.0,0.0,0.0,0.0,0.0,0.0,0.0,0.0,1,0,0,0,0,3,0,0,0,0,0,0,1,0,0
1965688969,0.157623,0.0,0.705426,0.0,0.0,0.0,0.0,0.0,0.0,0.0,0.0,1,0,0,0,0,3,0,0,0,0,0,0,1,0,0
1965881281,0.15762,0.0,0.705426,0.0,0.0,0.0,0.0,0.0,0.0,0.0,0.0,1,0,0,0,0,3,0,0,0,0,0,0,1,0,0
1966099264,0.157623,0.0,0.705426,0.0,0.0,0.0,0.0,0.0,0.0,0.0,0.0,1,0,0,0,0,3,0,0,0,0,0,0,1,0,0
1966287449,0.157159,0.0,0.705426,0.0,0.0,0.0,0.0,0.0,0.0,0.0,0.0,1,0,0,0,0,3,0,0,0,0,0,0,1,0,0
1966506371,0.157624,0.0,0.705426,0.0,0.0,0.0,0.0,0.0,0.0,0.0,0.0,1,0,0,0,0,3,0,0,0,0,0,0,1,0,0
1966697303,0.157623,0.0,0.705426,0.0,0.0,0.0,0.0,0.0,0.0,0.0,0.0,1,0,0,0,0,3,0,0,0,0,0,0,1,0,0
1966890918,0.157623,0.0,0.705426,0.0,0.0,0.0,0.0,0.0,0.0,0.0,0.0,1,0,0,0,0,3,0,0,0,0,0,0,1,0,0
1967108049,0.157623,0.0,0.705426,0.0,0.0,0.0,0.0,0.0,0.0,0.0,0.0,1,0,0,0,0,3,0,0,0,0,0,0,1,0,0
1967300509,0.157623,0.0,0.705426,0.0,0.0,0.0,0.0,0.0,0.0,0.0,0.0,1,0,0,0,0,3,0,0,0,0,0,0,1,0,0
1967494489,0.157623,0.0,0.705426,0.0,0.0,0.0,0.0,0.0,0.0,0.0,0.0,1,0,0,0,0,3,0,0,0,0,0,0,1,0,0
1967707331,0.157623,0.0,0.705426,0.0,0.0,0.0,0.0,0.0,0.0,0.0,0.0,1,0,0,0,0,3,0,0,0,0,0,0,1,0,0
1967900164,0.157623,0.0,0.705426,0.0,0.0,0.0,0.0,0.0,0.0,0.0,0.0,1,0,0,0,0,3,0,0,0,0,0,0,1,0,0
1968112876,0.157623,0.0,0.705426,0.0,0.0,0.0,0.0,0.0,0.0,0.0,0.0,1,0,0,0,0,3,0,0,0,0,0,0,1,0,0
1968306544,0.157623,0.0,0.705426,0.0,0.0,0.0,0.0,0.0,0.0,0.0,0.0,1,0,0,0,0,3,0,0,0,0,0,0,1,0,0
1968524170,0.157623,0.0,0.705426,0.0,0.0,0.0,0.0,0.0,0.0,0.0,0.0,1,0,0,0,0,3,0,0,0,0,0,0,1,0,0
1968716130,0.157623,0.0,0.705426,0.0,0.0,0.0,0.0,0.0,0.0,0.0,0.0,1,0,0,0,0,3,0,0,0,0,0,0,1,0,0
1968932515,0.157623,0.0,0.705426,0.0,0.0,0.0,0.0,0.0,0.0,0.0,0.0,1,0,0,0,0,3,0,0,0,0,0,0,1,0,0
1969121720,0.157623,0.0,0.705426,0.0,0.0,0.0,0.0,0.0,0.0,0.0,0.0,1,0,0,0,0,3,0,0,0,0,0,0,1,0,0
1969316176,0.157623,0.0,0.705426,0.0,0.0,0.0,0.0,0.0,0.0,0.0,0.0,1,0,0,0,0,3,0,0,0,0,0,0,1,0,0
1969532945,0.157623,0.0,0.705426,0.0,0.0,0.0,0.0,0.0,0.0,0.0,0.0,1,0,0,0,0,3,0,0,0,0,0,0,1,0,0
1969725678,0.157623,0.0,0.705426,0.0,0.0,0.0,0.0,0.0,0.0,0.0,0.0,1,0,0,0,0,3,0,0,0,0,0,0,1,0,0
1969821742,0.157623,0.0,0.705426,0.0,0.0,0.0,0.0,0.0,0.0,0.0,0.0,1,0,0,0,0,3,0,0,0,0,0,0,1,0,0
1973774547,0.157623,0.0,0.705426,0.0,0.0,0.0,0.0,0.0,0.0,0.0,0.0,1,0,0,0,0,3,0,0,0,0,0,0,1,0,0
1973967392,0.157623,0.0,0.705426,0.0,0.0,0.0,0.0,0.0,0.0,0.0,0.0,1,0,0,0,0,3,0,0,0,0,0,0,1,0,0
1974160051,0.157623,0.0,0.705426,0.0,0.0,0.0,0.0,0.0,0.0,0.0,0.0,1,0,0,0,0,3,0,0,0,0,0,0,1,0,0
1974372137,0.157623,0.0,0.705426,0.0,0.0,0.0,0.0,0.0,0.0,0.0,0.0,1,0,0,0,0,3,0,0,0,0,0,0,1,0,0
1974585032,0.157623,0.0,0.705426,0.0,0.0,0.0,0.0,0.0,0.0,0.0,0.0,1,0,0,0,0,3,0,0,0,0,0,0,1,0,0
1974779271,0.157623,0.0,0.705426,0.0,0.0,0.0,0.0,0.0,0.0,0.0,0.0,1,0,0,0,0,3,0,0,0,0,0,0,1,0,0
1974968083,0.157623,0.0,0.705426,0.0,0.0,0.0,0.0,0.0,0.0,0.0,0.0,1,0,0,0,0,3,0,0,0,0,0,0,1,0,0
1975184117,0.157623,0.0,0.705426,0.0,0.0,0.0,0.0,0.0,0.0,0.0,0.0,1,0,0,0,0,3,0,0,0,0,0,0,1,0,0
1975329279,0.157623,0.0,0.705426,0.0,0.0,0.0,0.0,0.0,0.0,0.0,0.0,1,0,0,0,0,3,0,0,0,0,0,0,1,0,0
1975592013,0.157623,0.0,0.705426,0.0,0.0,0.0,0.0,0.0,0.0,0.0,0.0,1,0,0,0,0,3,0,0,0,0,0,0,1,0,0
1975616007,0.157623,0.0,0.705426,0.0,0.0,0.0,0.0,0.0,0.0,0.0,0.0,1,0,0,0,0,3,0,0,0,0,0,0,1,0,0
1979623711,0.157623,0.0,0.705426,0.0,0.0,0.0,0.0,0.0,0.0,0.0,0.0,1,0,0,0,0,3,0,0,0,0,0,0,1,0,0
1979816847,0.157623,0.0,0.705426,0.0,0.0,0.0,0.0,0.0,0.0,0.0,0.0,1,0,0,0,0,3,0,0,0,0,0,0,1,0,0
1980009691,0.157623,0.0,0.705426,0.0,0.0,0.0,0.0,0.0,0.0,0.0,0.0,1,0,0,0,0,3,0,0,0,0,0,0,1,0,0
1980223207,0.157623,0.0,0.705426,0.0,0.0,0.0,0.0,0.0,0.0,0.0,0.0,1,0,0,0,0,3,0,0,0,0,0,0,1,0,0
1980416015,0.157623,0.0,0.705426,0.0,0.0,0.0,0.0,0.0,0.0,0.0,0.0,1,0,0,0,0,3,0,0,0,0,0,0,1,0,0
1980632179,0.157623,0.0,0.705426,0.0,0.0,0.0,0.0,0.0,0.0,0.0,0.0,1,0,0,0,0,3,0,0,0,0,0,0,1,0,0
1980826420,0.157623,0.0,0.705426,0.0,0.0,0.0,0.0,0.0,0.0,0.0,0.0,1,0,0,0,0,3,0,0,0,0,0,0,1,0,0
1981039282,0.157623,0.0,0.705426,0.0,0.0,0.0,0.0,0.0,0.0,0.0,0.0,1,0,0,0,0,3,0,0,0,0,0,0,1,0,0
1981231356,0.157623,0.0,0.705426,0.0,0.0,0.0,0.0,0.0,0.0,0.0,0.0,1,0,0,0,0,3,0,0,0,0,0,0,1,0,0
1981425608,0.157623,0.0,0.705426,0.0,0.0,0.0,0.0,0.0,0.0,0.0,0.0,1,0,0,0,0,3,0,0,0,0,0,0,1,0,0
1981642590,0.157623,0.0,0.705426,0.0,0.0,0.0,0.0,0.0,0.0,0.0,0.0,1,0,0,0,0,3,0,0,0,0,0,0,1,0,0
1981835259,0.157623,0.0,0.705426,0.0,0.0,0.0,0.0,0.0,0.0,0.0,0.0,1,0,0,0,0,3,0,0,0,0,0,0,1,0,0
1982052145,0.157623,0.0,0.705426,0.0,0.0,0.0,0.0,0.0,0.0,0.0,0.0,1,0,0,0,0,3,0,0,0,0,0,0,1,0,0
1982240194,0.157623,0.0,0.705426,0.0,0.0,0.0,0.0,0.0,0.0,0.0,0.0,1,0,0,0,0,3,0,0,0,0,0,0,1,0,0
1982454527,0.157623,0.0,0.705426,0.0,0.0,0.0,0.0,0.0,0.0,0.0,0.0,1,0,0,0,0,3,0,0,0,0,0,0,1,0,0
1982647292,0.157623,0.0,0.705426,0.0,0.0,0.0,0.0,0.0,0.0,0.0,0.0,1,0,0,0,0,3,0,0,0,0,0,0,1,0,0
1982864154,0.157623,0.0,0.705426,0.0,0.0,0.0,0.0,0.0,0.0,0.0,0.0,1,0,0,0,0,3,0,0,0,0,0,0,1,0,0
1983057668,0.157623,0.0,0.705426,0.0,0.0,0.0,0.0,0.0,0.0,0.0,0.0,1,0,0,0,0,3,0,0,0,0,0,0,1,0,0
1983249279,0.157623,0.0,0.705426,0.0,0.0,0.0,0.0,0.0,0.0,0.0,0.0,1,0,0,0,0,3,0,0,0,0,0,0,1,0,0
1983465047,0.157623,0.0,0.705426,0.0,0.0,0.0,0.0,0.0,0.0,0.0,0.0,1,0,0,0,0,3,0,0,0,0,0,0,1,0,0
1983656094,0.157623,0.0,0.705426,0.0,0.0,0.0,0.0,0.0,0.0,0.0,0.0,1,0,0,0,0,3,0,0,0,0,0,0,1,0,0
1983873905,0.157623,0.0,0.705426,0.0,0.0,0.0,0.0,0.0,0.0,0.0,0.0,1,0,0,0,0,3,0,0,0,0,0,0,1,0,0
1984067308,0.157623,0.0,0.705426,0.0,0.0,0.0,0.0,0.0,0.0,0.0,0.0,1,0,0,0,0,3,0,0,0,0,0,0,1,0,0
1984280065,0.157623,0.0,0.705426,0.0,0.0,0.0,0.0,0.0,0.0,0.0,0.0,1,0,0,0,0,3,0,0,0,0,0,0,1,0,0
1984472056,0.157623,0.0,0.705426,0.0,0.0,0.0,0.0,0.0,0.0,0.0,0.0,1,0,0,0,0,3,0,0,0,0,0,0,1,0,0
1984688938,0.157623,0.0,0.705426,0.0,0.0,0.0,0.0,0.0,0.0,0.0,0.0,1,0,0,0,0,3,0,0,0,0,0,0,1,0,0
1984882452,0.157623,0.0,0.705426,0.0,0.0,0.0,0.0,0.0,0.0,0.0,0.0,1,0,0,0,0,3,0,0,0,0,0,0,1,0,0
1985076129,0.157623,0.0,0.705426,0.0,0.0,0.0,0.0,0.0,0.0,0.0,0.0,1,0,0,0,0,3,0,0,0,0,0,0,1,0,0
1985292032,0.157623,0.0,0.705426,0.0,0.0,0.0,0.0,0.0,0.0,0.0,0.0,1,0,0,0,0,3,0,0,0,0,0,0,1,0,0
1985481674,0.157623,0.0,0.705426,0.0,0.0,0.0,0.0,0.0,0.0,0.0,0.0,1,0,0,0,0,3,0,0,0,0,0,0,1,0,0
1985697741,0.157623,0.0,0.705426,0.0,0.0,0.0,0.0,0.0,0.0,0.0,0.0,1,0,0,0,0,3,0,0,0,0,0,0,1,0,0
1985892103,0.157623,0.0,0.705426,0.0,0.0,0.0,0.0,0.0,0.0,0.0,0.0,1,0,0,0,0,3,0,0,0,0,0,0,1,0,0
1986104860,0.157623,0.0,0.705426,0.0,0.0,0.0,0.0,0.0,0.0,0.0,0.0,1,0,0,0,0,3,0,0,0,0,0,0,1,0,0
1986297683,0.157623,0.0,0.705426,0.0,0.0,0.0,0.0,0.0,0.0,0.0,0.0,1,0,0,0,0,3,0,0,0,0,0,0,1,0,0
1986511246,0.157623,0.0,0.705426,0.0,0.0,0.0,0.0,0.0,0.0,0.0,0.0,1,0,0,0,0,3,0,0,0,0,0,0,1,0,0
1986703300,0.157623,0.0,0.705426,0.0,0.0,0.0,0.0,0.0,0.0,0.0,0.0,1,0,0,0,0,3,0,0,0,0,0,0,1,0,0
1986920910,0.157623,0.0,0.705426,0.0,0.0,0.0,0.0,0.0,0.0,0.0,0.0,1,0,0,0,0,3,0,0,0,0,0,0,1,0,0
1987114453,0.157623,0.0,0.705426,0.0,0.0,0.0,0.0,0.0,0.0,0.0,0.0,1,0,0,0,0,3,0,0,0,0,0,0,1,0,0
1987303373,0.157623,0.0,0.705426,0.0,0.0,0.0,0.0,0.0,0.0,0.0,0.0,1,0,0,0,0,3,0,0,0,0,0,0,1,0,0
1987519418,0.157623,0.0,0.705426,0.0,0.0,0.0,0.0,0.0,0.0,0.0,0.0,1,0,0,0,0,3,0,0,0,0,0,0,1,0,0
1987712962,0.157623,0.0,0.705426,0.0,0.0,0.0,0.0,0.0,0.0,0.0,0.0,1,0,0,0,0,3,0,0,0,0,0,0,1,0,0
1987906440,0.157623,0.0,0.705426,0.0,0.0,0.0,0.0,0.0,0.0,0.0,0.0,1,0,0,0,0,3,0,0,0,0,0,0,1,0,0
1988119270,0.157623,0.0,0.705426,0.0,0.0,0.0,0.0,0.0,0.0,0.0,0.0,1,0,0,0,0,3,0,0,0,0,0,0,1,0,0
1988312048,0.157623,0.0,0.705426,0.0,0.0,0.0,0.0,0.0,0.0,0.0,0.0,1,0,0,0,0,3,0,0,0,0,0,0,1,0,0
1988525602,0.157623,0.0,0.705426,0.0,0.0,0.0,0.0,0.0,0.0,0.0,0.0,1,0,0,0,0,3,0,0,0,0,0,0,1,0,0
1988717757,0.157623,0.0,0.705426,0.0,0.0,0.0,0.0,0.0,0.0,0.0,0.0,1,0,0,0,0,3,0,0,0,0,0,0,1,0,0
1988934524,0.157623,0.0,0.705426,0.0,0.0,0.0,0.0,0.0,0.0,0.0,0.0,1,0,0,0,0,3,0,0,0,0,0,0,1,0,0
1989128123,0.157623,0.0,0.705426,0.0,0.0,0.0,0.0,0.0,0.0,0.0,0.0,1,0,0,0,0,3,0,0,0,0,0,0,1,0,0
1989344314,0.157623,0.0,0.705426,0.0,0.0,0.0,0.0,0.0,0.0,0.0,0.0,1,0,0,0,0,3,0,0,0,0,0,0,1,0,0
1989533719,0.157623,0.0,0.705426,0.0,0.0,0.0,0.0,0.0,0.0,0.0,0.0,1,0,0,0,0,3,0,0,0,0,0,0,1,0,0
1989726885,0.157623,0.0,0.705426,0.0,0.0,0.0,0.0,0.0,0.0,0.0,0.0,1,0,0,0,0,3,0,0,0,0,0,0,1,0,0
1989940274,0.157623,0.0,0.705426,0.0,0.0,0.0,0.0,0.0,0.0,0.0,0.0,1,0,0,0,0,3,0,0,0,0,0,0,1,0,0
1990132102,0.157623,0.0,0.705426,0.0,0.0,0.0,0.0,0.0,0.0,0.0,0.0,1,0,0,0,0,3,0,0,0,0,0,0,1,0,0
1990350086,0.157623,0.0,0.705426,0.0,0.0,0.0,0.0,0.0,0.0,0.0,0.0,1,0,0,0,0,3,0,0,0,0,0,0,1,0,0
1990542592,0.157623,0.0,0.705426,0.0,0.0,0.0,0.0,0.0,0.0,0.0,0.0,1,0,0,0,0,3,0,0,0,0,0,0,1,0,0
1990735678,0.157623,0.0,0.705426,0.0,0.0,0.0,0.0,0.0,0.0,0.0,0.0,1,0,0,0,0,3,0,0,0,0,0,0,1,0,0
1990952808,0.157623,0.0,0.705426,0.0,0.0,0.0,0.0,0.0,0.0,0.0,0.0,1,0,0,0,0,3,0,0,0,0,0,0,1,0,0
1991147330,0.157623,0.0,0.705426,0.0,0.0,0.0,0.0,0.0,0.0,0.0,0.0,1,0,0,0,0,3,0,0,0,0,0,0,1,0,0
1991360140,0.157623,0.0,0.705426,0.0,0.0,0.0,0.0,0.0,0.0,0.0,0.0,1,0,0,0,0,3,0,0,0,0,0,0,1,0,0
1991552801,0.157623,0.0,0.705426,0.0,0.0,0.0,0.0,0.0,0.0,0.0,0.0,1,0,0,0,0,3,0,0,0,0,0,0,1,0,0
1991770098,0.157623,0.0,0.705426,0.0,0.0,0.0,0.0,0.0,0.0,0.0,0.0,1,0,0,0,0,3,0,0,0,0,0,0,1,0,0
1991962531,0.157623,0.0,0.705426,0.0,0.0,0.0,0.0,0.0,0.0,0.0,0.0,1,0,0,0,0,3,0,0,0,0,0,0,1,0,0
1992155519,0.157623,0.0,0.705426,0.0,0.0,0.0,0.0,0.0,0.0,0.0,0.0,1,0,0,0,0,3,0,0,0,0,0,0,1,0,0
1992372040,0.157623,0.0,0.705426,0.0,0.0,0.0,0.0,0.0,0.0,0.0,0.0,1,0,0,0,0,3,0,0,0,0,0,0,1,0,0
1992564980,0.157623,0.0,0.705426,0.0,0.0,0.0,0.0,0.0,0.0,0.0,0.0,1,0,0,0,0,3,0,0,0,0,0,0,1,0,0
1994242657,0.157623,0.0,0.705426,0.0,0.0,0.0,0.0,0.0,0.0,0.0,0.0,1,0,0,0,0,3,0,0,0,0,0,0,1,0,0
1994434470,0.157623,0.0,0.705426,0.0,0.0,0.0,0.0,0.0,0.0,0.0,0.0,1,0,0,0,0,3,0,0,0,0,0,0,1,0,0
1994648128,0.157623,0.0,0.705426,0.0,0.0,0.0,0.0,0.0,0.0,0.0,0.0,1,0,0,0,0,3,0,0,0,0,0,0,1,0,0
1994841645,0.157623,0.0,0.705426,0.0,0.0,0.0,0.0,0.0,0.0,0.0,0.0,1,0,0,0,0,3,0,0,0,0,0,0,1,0,0
1995033759,0.157623,0.0,0.705426,0.0,0.0,0.0,0.0,0.0,0.0,0.0,0.0,1,0,0,0,0,3,0,0,0,0,0,0,1,0,0
1995247326,0.157623,0.0,0.705426,0.0,0.0,0.0,0.0,0.0,0.0,0.0,0.0,1,0,0,0,0,3,0,0,0,0,0,0,1,0,0
1995440160,0.157623,0.0,0.705426,0.0,0.0,0.0,0.0,0.0,0.0,0.0,0.0,1,0,0,0,0,3,0,0,0,0,0,0,1,0,0
1995656897,0.157623,0.0,0.705426,0.0,0.0,0.0,0.0,0.0,0.0,0.0,0.0,1,0,0,0,0,3,0,0,0,0,0,0,1,0,0
1995850486,0.157623,0.0,0.705426,0.0,0.0,0.0,0.0,0.0,0.0,0.0,0.0,1,0,0,0,0,3,0,0,0,0,0,0,1,0,0
1996038342,0.157623,0.0,0.705426,0.0,0.0,0.0,0.0,0.0,0.0,0.0,0.0,1,0,0,0,0,3,0,0,0,0,0,0,1,0,0
1996256822,0.157623,0.0,0.705426,0.0,0.0,0.0,0.0,0.0,0.0,0.0,0.0,1,0,0,0,0,3,0,0,0,0,0,0,1,0,0
1996448502,0.157623,0.0,0.705426,0.0,0.0,0.0,0.0,0.0,0.0,0.0,0.0,1,0,0,0,0,3,0,0,0,0,0,0,1,0,0
1996641833,0.157623,0.0,0.705426,0.0,0.0,0.0,0.0,0.0,0.0,0.0,0.0,1,0,0,0,0,3,0,0,0,0,0,0,1,0,0
1996859271,0.157623,0.0,0.705426,0.0,0.0,0.0,0.0,0.0,0.0,0.0,0.0,1,0,0,0,0,3,0,0,0,0,0,0,1,0,0
1997051725,0.157623,0.0,0.705426,0.0,0.0,0.0,0.0,0.0,0.0,0.0,0.0,1,0,0,0,0,3,0,0,0,0,0,0,1,0,0
1997266666,0.157623,0.0,0.705426,0.0,0.0,0.0,0.0,0.0,0.0,0.0,0.0,1,0,0,0,0,3,0,0,0,0,0,0,1,0,0
1997454525,0.157623,0.0,0.705426,0.0,0.0,0.0,0.0,0.0,0.0,0.0,0.0,1,0,0,0,0,3,0,0,0,0,0,0,1,0,0
1997673020,0.157623,0.0,0.705426,0.0,0.0,0.0,0.0,0.0,0.0,0.0,0.0,1,0,0,0,0,3,0,0,0,0,0,0,1,0,0
1997865309,0.157623,0.0,0.705426,0.0,0.0,0.0,0.0,0.0,0.0,0.0,0.0,1,0,0,0,0,3,0,0,0,0,0,0,1,0,0
1998057792,0.157623,0.0,0.705426,0.0,0.0,0.0,0.0,0.0,0.0,0.0,0.0,1,0,0,0,0,3,0,0,0,0,0,0,1,0,0
1998274909,0.157623,0.0,0.705426,0.0,0.0,0.0,0.0,0.0,0.0,0.0,0.0,1,0,0,0,0,3,0,0,0,0,0,0,1,0,0
1998468031,0.157623,0.0,0.705426,0.0,0.0,0.0,0.0,0.0,0.0,0.0,0.0,1,0,0,0,0,3,0,0,0,0,0,0,1,0,0
1998680169,0.157623,0.0,0.705426,0.0,0.0,0.0,0.0,0.0,0.0,0.0,0.0,1,0,0,0,0,3,0,0,0,0,0,0,1,0,0
1998875278,0.157623,0.0,0.705426,0.0,0.0,0.0,0.0,0.0,0.0,0.0,0.0,1,0,0,0,0,3,0,0,0,0,0,0,1,0,0
1999066554,0.157623,0.0,0.705426,0.0,0.0,0.0,0.0,0.0,0.0,0.0,0.0,1,0,0,0,0,3,0,0,0,0,0,0,1,0,0
1999279279,0.157623,0.0,0.705426,0.0,0.0,0.0,0.0,0.0,0.0,0.0,0.0,1,0,0,0,0,3,0,0,0,0,0,0,1,0,0
1999472902,0.157623,0.0,0.705426,0.0,0.0,0.0,0.0,0.0,0.0,0.0,0.0,1,0,0,0,0,3,0,0,0,0,0,0,1,0,0
1999685608,0.157623,0.0,0.705426,0.0,0.0,0.0,0.0,0.0,0.0,0.0,0.0,1,0,0,0,0,3,0,0,0,0,0,0,1,0,0
1999879266,0.157623,0.0,0.705426,0.0,0.0,0.0,0.0,0.0,0.0,0.0,0.0,1,0,0,0,0,3,0,0,0,0,0,0,1,0,0
2000096149,0.157623,0.0,0.705426,0.0,0.0,0.0,0.0,0.0,0.0,0.0,0.0,1,0,0,0,0,3,0,0,0,0,0,0,1,0,0
2000288515,0.157623,0.0,0.705426,0.0,0.0,0.0,0.0,0.0,0.0,0.0,0.0,1,0,0,0,0,3,0,0,0,0,0,0,1,0,0
2000505688,0.157623,0.0,0.705426,0.0,0.0,0.0,0.0,0.0,0.0,0.0,0.0,1,0,0,0,0,3,0,0,0,0,0,0,1,0,0
2000698551,0.157623,0.0,0.705426,0.0,0.0,0.0,0.0,0.0,0.0,0.0,0.0,1,0,0,0,0,3,0,0,0,0,0,0,1,0,0
2000889099,0.157623,0.0,0.705426,0.0,0.0,0.0,0.0,0.0,0.0,0.0,0.0,1,0,0,0,0,3,0,0,0,0,0,0,1,0,0
2001105636,0.157623,0.0,0.705426,0.0,0.0,0.0,0.0,0.0,0.0,0.0,0.0,1,0,0,0,0,3,0,0,0,0,0,0,1,0,0
2001297729,0.157623,0.0,0.705426,0.0,0.0,0.0,0.0,0.0,0.0,0.0,0.0,1,0,0,0,0,3,0,0,0,0,0,0,1,0,0
2001491338,0.157623,0.0,0.705426,0.0,0.0,0.0,0.0,0.0,0.0,0.0,0.0,1,0,0,0,0,3,0,0,0,0,0,0,1,0,0
2001708843,0.157623,0.0,0.705426,0.0,0.0,0.0,0.0,0.0,0.0,0.0,0.0,1,0,0,0,0,3,0,0,0,0,0,0,1,0,0
2001897717,0.157623,0.0,0.705426,0.0,0.0,0.0,0.0,0.0,0.0,0.0,0.0,1,0,0,0,0,3,0,0,0,0,0,0,1,0,0
2002111171,0.157623,0.0,0.705426,0.0,0.0,0.0,0.0,0.0,0.0,0.0,0.0,1,0,0,0,0,3,0,0,0,0,0,0,1,0,0
2002304123,0.157623,0.0,0.705426,0.0,0.0,0.0,0.0,0.0,0.0,0.0,0.0,1,0,0,0,0,3,0,0,0,0,0,0,1,0,0
2002520500,0.157623,0.0,0.705426,0.0,0.0,0.0,0.0,0.0,0.0,0.0,0.0,1,0,0,0,0,3,0,0,0,0,0,0,1,0,0
2002714473,0.157623,0.0,0.705426,0.0,0.0,0.0,0.0,0.0,0.0,0.0,0.0,1,0,0,0,0,3,0,0,0,0,0,0,1,0,0
2002908053,0.157623,0.0,0.705426,0.0,0.0,0.0,0.0,0.0,0.0,0.0,0.0,1,0,0,0,0,3,0,0,0,0,0,0,1,0,0
2002955471,0.157623,0.0,0.705426,0.0,0.0,0.0,0.0,0.0,0.0,0.0,0.0,1,0,0,0,0,3,0,0,0,0,0,0,1,0,0
2006751263,0.157623,0.0,0.705426,0.0,0.0,0.0,0.0,0.0,0.0,0.0,0.0,1,0,0,0,0,3,0,0,0,0,0,0,1,0,0
2006939364,0.157623,0.0,0.705426,0.0,0.0,0.0,0.0,0.0,0.0,0.0,0.0,1,0,0,0,0,3,0,0,0,0,0,0,1,0,0
2007152488,0.157623,0.0,0.705426,0.0,0.0,0.0,0.0,0.0,0.0,0.0,0.0,1,0,0,0,0,3,0,0,0,0,0,0,1,0,0
2007345240,0.157623,0.0,0.705426,0.0,0.0,0.0,0.0,0.0,0.0,0.0,0.0,1,0,0,0,0,3,0,0,0,0,0,0,1,0,0
2007563196,0.157623,0.0,0.705426,0.0,0.0,0.0,0.0,0.0,0.0,0.0,0.0,1,0,0,0,0,3,0,0,0,0,0,0,1,0,0
2007755482,0.157623,0.0,0.705426,0.0,0.0,0.0,0.0,0.0,0.0,0.0,0.0,1,0,0,0,0,3,0,0,0,0,0,0,1,0,0
2007968844,0.157623,0.0,0.705426,0.0,0.0,0.0,0.0,0.0,0.0,0.0,0.0,1,0,0,0,0,3,0,0,0,0,0,0,1,0,0
2008161625,0.157623,0.0,0.705426,0.0,0.0,0.0,0.0,0.0,0.0,0.0,0.0,1,0,0,0,0,3,0,0,0,0,0,0,1,0,0
2008355175,0.157623,0.0,0.705426,0.0,0.0,0.0,0.0,0.0,0.0,0.0,0.0,1,0,0,0,0,3,0,0,0,0,0,0,1,0,0
2008572061,0.157623,0.0,0.705426,0.0,0.0,0.0,0.0,0.0,0.0,0.0,0.0,1,0,0,0,0,3,0,0,0,0,0,0,1,0,0
2008764179,0.157623,0.0,0.705426,0.0,0.0,0.0,0.0,0.0,0.0,0.0,0.0,1,0,0,0,0,3,0,0,0,0,0,0,1,0,0
2008957574,0.157623,0.0,0.705426,0.0,0.0,0.0,0.0,0.0,0.0,0.0,0.0,1,0,0,0,0,3,0,0,0,0,0,0,1,0,0
2009169767,0.157623,0.0,0.705426,0.0,0.0,0.0,0.0,0.0,0.0,0.0,0.0,1,0,0,0,0,3,0,0,0,0,0,0,1,0,0
2009383397,0.157623,0.0,0.705426,0.0,0.0,0.0,0.0,0.0,0.0,0.0,0.0,1,0,0,0,0,3,0,0,0,0,0,0,1,0,0
2009577659,0.157623,0.0,0.705426,0.0,0.0,0.0,0.0,0.0,0.0,0.0,0.0,1,0,0,0,0,3,0,0,0,0,0,0,1,0,0
2009769589,0.157623,0.0,0.705426,0.0,0.0,0.0,0.0,0.0,0.0,0.0,0.0,1,0,0,0,0,3,0,0,0,0,0,0,1,0,0
2009986540,0.157623,0.0,0.705426,0.0,0.0,0.0,0.0,0.0,0.0,0.0,0.0,1,0,0,0,0,3,0,0,0,0,0,0,1,0,0
2010179328,0.157623,0.0,0.705426,0.0,0.0,0.0,0.0,0.0,0.0,0.0,0.0,1,0,0,0,0,3,0,0,0,0,0,0,1,0,0
2010393570,0.157623,0.0,0.705426,0.0,0.0,0.0,0.0,0.0,0.0,0.0,0.0,1,0,0,0,0,3,0,0,0,0,0,0,1,0,0
2010586405,0.157623,0.0,0.705426,0.0,0.0,0.0,0.0,0.0,0.0,0.0,0.0,1,0,0,0,0,3,0,0,0,0,0,0,1,0,0
2010778117,0.157623,0.0,0.705426,0.0,0.0,0.0,0.0,0.0,0.0,0.0,0.0,1,0,0,0,0,3,0,0,0,0,0,0,1,0,0
2010996313,0.157623,0.0,0.705426,0.0,0.0,0.0,0.0,0.0,0.0,0.0,0.0,1,0,0,0,0,3,0,0,0,0,0,0,1,0,0
2011188821,0.157623,0.0,0.705426,0.0,0.0,0.0,0.0,0.0,0.0,0.0,0.0,1,0,0,0,0,3,0,0,0,0,0,0,1,0,0
2011381824,0.157623,0.0,0.705426,0.0,0.0,0.0,0.0,0.0,0.0,0.0,0.0,1,0,0,0,0,3,0,0,0,0,0,0,1,0,0
2011596113,0.157623,0.0,0.705426,0.0,0.0,0.0,0.0,0.0,0.0,0.0,0.0,1,0,0,0,0,3,0,0,0,0,0,0,1,0,0
2011788233,0.157623,0.0,0.705426,0.0,0.0,0.0,0.0,0.0,0.0,0.0,0.0,1,0,0,0,0,3,0,0,0,0,0,0,1,0,0
2012004138,0.157623,0.0,0.705426,0.0,0.0,0.0,0.0,0.0,0.0,0.0,0.0,1,0,0,0,0,3,0,0,0,0,0,0,1,0,0
2012193809,0.157623,0.0,0.705426,0.0,0.0,0.0,0.0,0.0,0.0,0.0,0.0,1,0,0,0,0,3,0,0,0,0,0,0,1,0,0
2012412099,0.157623,0.0,0.705426,0.0,0.0,0.0,0.0,0.0,0.0,0.0,0.0,1,0,0,0,0,3,0,0,0,0,0,0,1,0,0
2012605770,0.157623,0.0,0.705426,0.0,0.0,0.0,0.0,0.0,0.0,0.0,0.0,1,0,0,0,0,3,0,0,0,0,0,0,1,0,0
2012820933,0.157623,0.0,0.705426,0.0,0.0,0.0,0.0,0.0,0.0,0.0,0.0,1,0,0,0,0,3,0,0,0,0,0,0,1,0,0
2013013739,0.157623,0.0,0.705426,0.0,0.0,0.0,0.0,0.0,0.0,0.0,0.0,1,0,0,0,0,3,0,0,0,0,0,0,1,0,0
2013207979,0.157623,0.0,0.705426,0.0,0.0,0.0,0.0,0.0,0.0,0.0,0.0,1,0,0,0,0,3,0,0,0,0,0,0,1,0,0
2013420023,0.157623,0.0,0.705426,0.0,0.0,0.0,0.0,0.0,0.0,0.0,0.0,1,0,0,0,0,3,0,0,0,0,0,0,1,0,0
2013613612,0.157623,0.0,0.705426,0.0,0.0,0.0,0.0,0.0,0.0,0.0,0.0,1,0,0,0,0,3,0,0,0,0,0,0,1,0,0
2013830603,0.157623,0.0,0.705426,0.0,0.0,0.0,0.0,0.0,0.0,0.0,0.0,1,0,0,0,0,3,0,0,0,0,0,0,1,0,0
2014023506,0.157623,0.0,0.705426,0.0,0.0,0.0,0.0,0.0,0.0,0.0,0.0,1,0,0,0,0,3,0,0,0,0,0,0,1,0,0
2014240123,0.157623,0.0,0.705426,0.0,0.0,0.0,0.0,0.0,0.0,0.0,0.0,1,0,0,0,0,3,0,0,0,0,0,0,1,0,0
2014433631,0.157623,0.0,0.705426,0.0,0.0,0.0,0.0,0.0,0.0,0.0,0.0,1,0,0,0,0,3,0,0,0,0,0,0,1,0,0
2014626427,0.157623,0.0,0.705426,0.0,0.0,0.0,0.0,0.0,0.0,0.0,0.0,1,0,0,0,0,3,0,0,0,0,0,0,1,0,0
2014840756,0.157623,0.0,0.705426,0.0,0.0,0.0,0.0,0.0,0.0,0.0,0.0,1,0,0,0,0,3,0,0,0,0,0,0,1,0,0
2015028074,0.157623,0.0,0.705426,0.0,0.0,0.0,0.0,0.0,0.0,0.0,0.0,1,0,0,0,0,3,0,0,0,0,0,0,1,0,0
2015240889,0.157623,0.0,0.705426,0.0,0.0,0.0,0.0,0.0,0.0,0.0,0.0,1,0,0,0,0,3,0,0,0,0,0,0,1,0,0
2015434626,0.157623,0.0,0.705426,0.0,0.0,0.0,0.0,0.0,0.0,0.0,0.0,1,0,0,0,0,3,0,0,0,0,0,0,1,0,0
2015652154,0.157623,0.0,0.705426,0.0,0.0,0.0,0.0,0.0,0.0,0.0,0.0,1,0,0,0,0,3,0,0,0,0,0,0,1,0,0
2015840821,0.157623,0.0,0.705426,0.0,0.0,0.0,0.0,0.0,0.0,0.0,0.0,1,0,0,0,0,3,0,0,0,0,0,0,1,0,0
2016058465,0.157623,0.0,0.705426,0.0,0.0,0.0,0.0,0.0,0.0,0.0,0.0,1,0,0,0,0,3,0,0,0,0,0,0,1,0,0
2016250467,0.157623,0.0,0.705426,0.0,0.0,0.0,0.0,0.0,0.0,0.0,0.0,1,0,0,0,0,3,0,0,0,0,0,0,1,0,0
2016443581,0.157623,0.0,0.705426,0.0,0.0,0.0,0.0,0.0,0.0,0.0,0.0,1,0,0,0,0,3,0,0,0,0,0,0,1,0,0
2016656142,0.157623,0.0,0.705426,0.0,0.0,0.0,0.0,0.0,0.0,0.0,0.0,1,0,0,0,0,3,0,0,0,0,0,0,1,0,0
2016849703,0.157623,0.0,0.705426,0.0,0.0,0.0,0.0,0.0,0.0,0.0,0.0,1,0,0,0,0,3,0,0,0,0,0,0,1,0,0
2017063966,0.157623,0.0,0.705426,0.0,0.0,0.0,0.0,0.0,0.0,0.0,0.0,1,0,0,0,0,3,0,0,0,0,0,0,1,0,0
2017256769,0.157623,0.0,0.705426,0.0,0.0,0.0,0.0,0.0,0.0,0.0,0.0,1,0,0,0,0,3,0,0,0,0,0,0,1,0,0
2017473652,0.157623,0.0,0.705426,0.0,0.0,0.0,0.0,0.0,0.0,0.0,0.0,1,0,0,0,0,3,0,0,0,0,0,0,1,0,0
2017667206,0.157623,0.0,0.705426,0.0,0.0,0.0,0.0,0.0,0.0,0.0,0.0,1,0,0,0,0,3,0,0,0,0,0,0,1,0,0
2017879366,0.157623,0.0,0.705426,0.0,0.0,0.0,0.0,0.0,0.0,0.0,0.0,1,0,0,0,0,3,0,0,0,0,0,0,1,0,0
2018073620,0.157623,0.0,0.705426,0.0,0.0,0.0,0.0,0.0,0.0,0.0,0.0,1,0,0,0,0,3,0,0,0,0,0,0,1,0,0
2018264859,0.157623,0.0,0.705426,0.0,0.0,0.0,0.0,0.0,0.0,0.0,0.0,1,0,0,0,0,3,0,0,0,0,0,0,1,0,0
2018484744,0.157623,0.0,0.705426,0.0,0.0,0.0,0.0,0.0,0.0,0.0,0.0,1,0,0,0,0,3,0,0,0,0,0,0,1,0,0
2018674543,0.157623,0.0,0.705426,0.0,0.0,0.0,0.0,0.0,0.0,0.0,0.0,1,0,0,0,0,3,0,0,0,0,0,0,1,0,0
2018888814,0.157623,0.0,0.705426,0.0,0.0,0.0,0.0,0.0,0.0,0.0,0.0,1,0,0,0,0,3,0,0,0,0,0,0,1,0,0
2019080899,0.157623,0.0,0.705426,0.0,0.0,0.0,0.0,0.0,0.0,0.0,0.0,1,0,0,0,0,3,0,0,0,0,0,0,1,0,0
2019294537,0.157623,0.0,0.705426,0.0,0.0,0.0,0.0,0.0,0.0,0.0,0.0,1,0,0,0,0,3,0,0,0,0,0,0,1,0,0
2019486707,0.157623,0.0,0.705426,0.0,0.0,0.0,0.0,0.0,0.0,0.0,0.0,1,0,0,0,0,3,0,0,0,0,0,0,1,0,0
2019680111,0.157623,0.0,0.705426,0.0,0.0,0.0,0.0,0.0,0.0,0.0,0.0,1,0,0,0,0,3,0,0,0,0,0,0,1,0,0
2019897873,0.157623,0.0,0.705426,0.0,0.0,0.0,0.0,0.0,0.0,0.0,0.0,1,0,0,0,0,3,0,0,0,0,0,0,1,0,0
2020089695,0.157623,0.0,0.705426,0.0,0.0,0.0,0.0,0.0,0.0,0.0,0.0,1,0,0,0,0,3,0,0,0,0,0,0,1,0,0
2020304099,0.157623,0.0,0.705426,0.0,0.0,0.0,0.0,0.0,0.0,0.0,0.0,1,0,0,0,0,3,0,0,0,0,0,0,1,0,0
2020496201,0.157623,0.0,0.705426,0.0,0.0,0.0,0.0,0.0,0.0,0.0,0.0,1,0,0,0,0,3,0,0,0,0,0,0,1,0,0
2020712935,0.157623,0.0,0.705426,0.0,0.0,0.0,0.0,0.0,0.0,0.0,0.0,1,0,0,0,0,3,0,0,0,0,0,0,1,0,0
2020906447,0.157623,0.0,0.705426,0.0,0.0,0.0,0.0,0.0,0.0,0.0,0.0,1,0,0,0,0,3,0,0,0,0,0,0,1,0,0
2021100859,0.157623,0.0,0.705426,0.0,0.0,0.0,0.0,0.0,0.0,0.0,0.0,1,0,0,0,0,3,0,0,0,0,0,0,1,0,0
2021316809,0.157623,0.0,0.705426,0.0,0.0,0.0,0.0,0.0,0.0,0.0,0.0,1,0,0,0,0,3,0,0,0,0,0,0,1,0,0
2021509674,0.157623,0.0,0.705426,0.0,0.0,0.0,0.0,0.0,0.0,0.0,0.0,1,0,0,0,0,3,0,0,0,0,0,0,1,0,0
2021721723,0.157623,0.0,0.705426,0.0,0.0,0.0,0.0,0.0,0.0,0.0,0.0,1,0,0,0,0,3,0,0,0,0,0,0,1,0,0
2021911317,0.157623,0.0,0.705426,0.0,0.0,0.0,0.0,0.0,0.0,0.0,0.0,1,0,0,0,0,3,0,0,0,0,0,0,1,0,0
2022128938,0.157623,0.0,0.705426,0.0,0.0,0.0,0.0,0.0,0.0,0.0,0.0,1,0,0,0,0,3,0,0,0,0,0,0,1,0,0
2022322374,0.157623,0.0,0.705426,0.0,0.0,0.0,0.0,0.0,0.0,0.0,0.0,1,0,0,0,0,3,0,0,0,0,0,0,1,0,0
2022514541,0.157623,0.0,0.705426,0.0,0.0,0.0,0.0,0.0,0.0,0.0,0.0,1,0,0,0,0,3,0,0,0,0,0,0,1,0,0
2022731313,0.157623,0.0,0.705426,0.0,0.0,0.0,0.0,0.0,0.0,0.0,0.0,1,0,0,0,0,3,0,0,0,0,0,0,1,0,0
2022924115,0.157623,0.0,0.705426,0.0,0.0,0.0,0.0,0.0,0.0,0.0,0.0,1,0,0,0,0,3,0,0,0,0,0,0,1,0,0
2023137766,0.157623,0.0,0.705426,0.0,0.0,0.0,0.0,0.0,0.0,0.0,0.0,1,0,0,0,0,3,0,0,0,0,0,0,1,0,0
2023331217,0.157623,0.0,0.705426,0.0,0.0,0.0,0.0,0.0,0.0,0.0,0.0,1,0,0,0,0,3,0,0,0,0,0,0,1,0,0
2023524181,0.157623,0.0,0.705426,0.0,0.0,0.0,0.0,0.0,0.0,0.0,0.0,1,0,0,0,0,3,0,0,0,0,0,0,1,0,0
2023740914,0.157623,0.0,0.705426,0.0,0.0,0.0,0.0,0.0,0.0,0.0,0.0,1,0,0,0,0,3,0,0,0,0,0,0,1,0,0
2023933735,0.157623,0.0,0.705426,0.0,0.0,0.0,0.0,0.0,0.0,0.0,0.0,1,0,0,0,0,3,0,0,0,0,0,0,1,0,0
2024147274,0.157623,0.0,0.705426,0.0,0.0,0.0,0.0,0.0,0.0,0.0,0.0,1,0,0,0,0,3,0,0,0,0,0,0,1,0,0
2024336846,0.157623,0.0,0.705426,0.0,0.0,0.0,0.0,0.0,0.0,0.0,0.0,1,0,0,0,0,3,0,0,0,0,0,0,1,0,0
2024553616,0.157623,0.0,0.705426,0.0,0.0,0.0,0.0,0.0,0.0,0.0,0.0,1,0,0,0,0,3,0,0,0,0,0,0,1,0,0
2024745965,0.157623,0.0,0.705426,0.0,0.0,0.0,0.0,0.0,0.0,0.0,0.0,1,0,0,0,0,3,0,0,0,0,0,0,1,0,0
2024963245,0.157623,0.0,0.705426,0.0,0.0,0.0,0.0,0.0,0.0,0.0,0.0,1,0,0,0,0,3,0,0,0,0,0,0,1,0,0
2025152828,0.157623,0.0,0.705426,0.0,0.0,0.0,0.0,0.0,0.0,0.0,0.0,1,0,0,0,0,3,0,0,0,0,0,0,1,0,0
2025369880,0.157623,0.0,0.705426,0.0,0.0,0.0,0.0,0.0,0.0,0.0,0.0,1,0,0,0,0,3,0,0,0,0,0,0,1,0,0
2025561692,0.157623,0.0,0.705426,0.0,0.0,0.0,0.0,0.0,0.0,0.0,0.0,1,0,0,0,0,3,0,0,0,0,0,0,1,0,0
2025755419,0.157623,0.0,0.705426,0.0,0.0,0.0,0.0,0.0,0.0,0.0,0.0,1,0,0,0,0,3,0,0,0,0,0,0,1,0,0
2025972807,0.157623,0.0,0.705426,0.0,0.0,0.0,0.0,0.0,0.0,0.0,0.0,1,0,0,0,0,3,0,0,0,0,0,0,1,0,0
2026161688,0.157623,0.0,0.705426,0.0,0.0,0.0,0.0,0.0,0.0,0.0,0.0,1,0,0,0,0,3,0,0,0,0,0,0,1,0,0
2026378411,0.157623,0.0,0.705426,0.0,0.0,0.0,0.0,0.0,0.0,0.0,0.0,1,0,0,0,0,3,0,0,0,0,0,0,1,0,0
2026571966,0.157623,0.0,0.705426,0.0,0.0,0.0,0.0,0.0,0.0,0.0,0.0,1,0,0,0,0,3,0,0,0,0,0,0,1,0,0
2026764263,0.157623,0.0,0.705426,0.0,0.0,0.0,0.0,0.0,0.0,0.0,0.0,1,0,0,0,0,3,0,0,0,0,0,0,1,0,0
2026980913,0.157623,0.0,0.705426,0.0,0.0,0.0,0.0,0.0,0.0,0.0,0.0,1,0,0,0,0,3,0,0,0,0,0,0,1,0,0
2027175158,0.157623,0.0,0.705426,0.0,0.0,0.0,0.0,0.0,0.0,0.0,0.0,1,0,0,0,0,3,0,0,0,0,0,0,1,0,0
2027388091,0.157623,0.0,0.705426,0.0,0.0,0.0,0.0,0.0,0.0,0.0,0.0,1,0,0,0,0,3,0,0,0,0,0,0,1,0,0
2027580140,0.157623,0.0,0.705426,0.0,0.0,0.0,0.0,0.0,0.0,0.0,0.0,1,0,0,0,0,3,0,0,0,0,0,0,1,0,0
2027770459,0.157623,0.0,0.705426,0.0,0.0,0.0,0.0,0.0,0.0,0.0,0.0,1,0,0,0,0,3,0,0,0,0,0,0,1,0,0
2027987159,0.157623,0.0,0.705426,0.0,0.0,0.0,0.0,0.0,0.0,0.0,0.0,1,0,0,0,0,3,0,0,0,0,0,0,1,0,0
2028179993,0.157623,0.0,0.705426,0.0,0.0,0.0,0.0,0.0,0.0,0.0,0.0,1,0,0,0,0,3,0,0,0,0,0,0,1,0,0
2028392824,0.157623,0.0,0.705426,0.0,0.0,0.0,0.0,0.0,0.0,0.0,0.0,1,0,0,0,0,3,0,0,0,0,0,0,1,0,0
2028586396,0.157623,0.0,0.705426,0.0,0.0,0.0,0.0,0.0,0.0,0.0,0.0,1,0,0,0,0,3,0,0,0,0,0,0,1,0,0
2028802560,0.157623,0.0,0.705426,0.0,0.0,0.0,0.0,0.0,0.0,0.0,0.0,1,0,0,0,0,3,0,0,0,0,0,0,1,0,0
2028991334,0.157623,0.0,0.705426,0.0,0.0,0.0,0.0,0.0,0.0,0.0,0.0,1,0,0,0,0,3,0,0,0,0,0,0,1,0,0
2029208914,0.157623,0.0,0.705426,0.0,0.0,0.0,0.0,0.0,0.0,0.0,0.0,1,0,0,0,0,3,0,0,0,0,0,0,1,0,0
2029402411,0.157623,0.0,0.705426,0.0,0.0,0.0,0.0,0.0,0.0,0.0,0.0,1,0,0,0,0,3,0,0,0,0,0,0,1,0,0
2029614115,0.157623,0.0,0.705426,0.0,0.0,0.0,0.0,0.0,0.0,0.0,0.0,1,0,0,0,0,3,0,0,0,0,0,0,1,0,0
2029802377,0.157623,0.0,0.705426,0.0,0.0,0.0,0.0,0.0,0.0,0.0,0.0,1,0,0,0,0,3,0,0,0,0,0,0,1,0,0
2030015380,0.157623,0.0,0.705426,0.0,0.0,0.0,0.0,0.0,0.0,0.0,0.0,1,0,0,0,0,3,0,0,0,0,0,0,1,0,0
2030205598,0.157623,0.0,0.705426,0.0,0.0,0.0,0.0,0.0,0.0,0.0,0.0,1,0,0,0,0,3,0,0,0,0,0,0,1,0,0
2030416200,0.157623,0.0,0.705426,0.0,0.0,0.0,0.0,0.0,0.0,0.0,0.0,1,0,0,0,0,3,0,0,0,0,0,0,1,0,0
2030608880,0.157623,0.0,0.705426,0.0,0.0,0.0,0.0,0.0,0.0,0.0,0.0,1,0,0,0,0,3,0,0,0,0,0,0,1,0,0
2030825040,0.157623,0.0,0.705426,0.0,0.0,0.0,0.0,0.0,0.0,0.0,0.0,1,0,0,0,0,3,0,0,0,0,0,0,1,0,0
2031019421,0.157623,0.0,0.705426,0.0,0.0,0.0,0.0,0.0,0.0,0.0,0.0,1,0,0,0,0,3,0,0,0,0,0,0,1,0,0
2031230494,0.157623,0.0,0.705426,0.0,0.0,0.0,0.0,0.0,0.0,0.0,0.0,1,0,0,0,0,3,0,0,0,0,0,0,1,0,0
2031424862,0.157623,0.0,0.705426,0.0,0.0,0.0,0.0,0.0,0.0,0.0,0.0,1,0,0,0,0,3,0,0,0,0,0,0,1,0,0
2031617661,0.157623,0.0,0.705426,0.0,0.0,0.0,0.0,0.0,0.0,0.0,0.0,1,0,0,0,0,3,0,0,0,0,0,0,1,0,0
2031835161,0.157623,0.0,0.705426,0.0,0.0,0.0,0.0,0.0,0.0,0.0,0.0,1,0,0,0,0,3,0,0,0,0,0,0,1,0,0
2032028038,0.157623,0.0,0.705426,0.0,0.0,0.0,0.0,0.0,0.0,0.0,0.0,1,0,0,0,0,3,0,0,0,0,0,0,1,0,0
2032244932,0.157623,0.0,0.705426,0.0,0.0,0.0,0.0,0.0,0.0,0.0,0.0,1,0,0,0,0,3,0,0,0,0,0,0,1,0,0
2032437658,0.157623,0.0,0.705426,0.0,0.0,0.0,0.0,0.0,0.0,0.0,0.0,1,0,0,0,0,3,0,0,0,0,0,0,1,0,0
2032630619,0.157623,0.0,0.705426,0.0,0.0,0.0,0.0,0.0,0.0,0.0,0.0,1,0,0,0,0,3,0,0,0,0,0,0,1,0,0
2032843987,0.157623,0.0,0.705426,0.0,0.0,0.0,0.0,0.0,0.0,0.0,0.0,1,0,0,0,0,3,0,0,0,0,0,0,1,0,0
2033032070,0.157623,0.0,0.705426,0.0,0.0,0.0,0.0,0.0,0.0,0.0,0.0,1,0,0,0,0,3,0,0,0,0,0,0,1,0,0
2033249573,0.157623,0.0,0.705426,0.0,0.0,0.0,0.0,0.0,0.0,0.0,0.0,1,0,0,0,0,3,0,0,0,0,0,0,1,0,0
2033443377,0.157623,0.0,0.705426,0.0,0.0,0.0,0.0,0.0,0.0,0.0,0.0,1,0,0,0,0,3,0,0,0,0,0,0,1,0,0
2033636017,0.157623,0.0,0.705426,0.0,0.0,0.0,0.0,0.0,0.0,0.0,0.0,1,0,0,0,0,3,0,0,0,0,0,0,1,0,0
2033848890,0.157623,0.0,0.705426,0.0,0.0,0.0,0.0,0.0,0.0,0.0,0.0,1,0,0,0,0,3,0,0,0,0,0,0,1,0,0
2034040898,0.157623,0.0,0.705426,0.0,0.0,0.0,0.0,0.0,0.0,0.0,0.0,1,0,0,0,0,3,0,0,0,0,0,0,1,0,0
2034258441,0.157623,0.0,0.705426,0.0,0.0,0.0,0.0,0.0,0.0,0.0,0.0,1,0,0,0,0,3,0,0,0,0,0,0,1,0,0
2034452337,0.157623,0.0,0.705426,0.0,0.0,0.0,0.0,0.0,0.0,0.0,0.0,1,0,0,0,0,3,0,0,0,0,0,0,1,0,0
2034665654,0.157623,0.0,0.705426,0.0,0.0,0.0,0.0,0.0,0.0,0.0,0.0,1,0,0,0,0,3,0,0,0,0,0,0,1,0,0
2034857648,0.157623,0.0,0.705426,0.0,0.0,0.0,0.0,0.0,0.0,0.0,0.0,1,0,0,0,0,3,0,0,0,0,0,0,1,0,0
2035049663,0.157623,0.0,0.705426,0.0,0.0,0.0,0.0,0.0,0.0,0.0,0.0,1,0,0,0,0,3,0,0,0,0,0,0,1,0,0
2035268951,0.157623,0.0,0.705426,0.0,0.0,0.0,0.0,0.0,0.0,0.0,0.0,1,0,0,0,0,3,0,0,0,0,0,0,1,0,0
2035460784,0.157623,0.0,0.705426,0.0,0.0,0.0,0.0,0.0,0.0,0.0,0.0,1,0,0,0,0,3,0,0,0,0,0,0,1,0,0
2035677016,0.157623,0.0,0.705426,0.0,0.0,0.0,0.0,0.0,0.0,0.0,0.0,1,0,0,0,0,3,0,0,0,0,0,0,1,0,0
2035870474,0.157623,0.0,0.705426,0.0,0.0,0.0,0.0,0.0,0.0,0.0,0.0,1,0,0,0,0,3,0,0,0,0,0,0,1,0,0
2036080428,0.157623,0.0,0.705426,0.0,0.0,0.0,0.0,0.0,0.0,0.0,0.0,1,0,0,0,0,3,0,0,0,0,0,0,1,0,0
2036273634,0.157623,0.0,0.705426,0.0,0.0,0.0,0.0,0.0,0.0,0.0,0.0,1,0,0,0,0,3,0,0,0,0,0,0,1,0,0
2036466422,0.157623,0.0,0.705426,0.0,0.0,0.0,0.0,0.0,0.0,0.0,0.0,1,0,0,0,0,3,0,0,0,0,0,0,1,0,0
2036682535,0.157623,0.0,0.705426,0.0,0.0,0.0,0.0,0.0,0.0,0.0,0.0,1,0,0,0,0,3,0,0,0,0,0,0,1,0,0
2036872004,0.157623,0.0,0.705426,0.0,0.0,0.0,0.0,0.0,0.0,0.0,0.0,1,0,0,0,0,3,0,0,0,0,0,0,1,0,0
2037088947,0.157623,0.0,0.705426,0.0,0.0,0.0,0.0,0.0,0.0,0.0,0.0,1,0,0,0,0,3,0,0,0,0,0,0,1,0,0
2037281725,0.157623,0.0,0.705426,0.0,0.0,0.0,0.0,0.0,0.0,0.0,0.0,1,0,0,0,0,3,0,0,0,0,0,0,1,0,0
2037475169,0.157623,0.0,0.705426,0.0,0.0,0.0,0.0,0.0,0.0,0.0,0.0,1,0,0,0,0,3,0,0,0,0,0,0,1,0,0
2037692833,0.157623,0.0,0.705426,0.0,0.0,0.0,0.0,0.0,0.0,0.0,0.0,1,0,0,0,0,3,0,0,0,0,0,0,1,0,0
2037884486,0.157623,0.0,0.705426,0.0,0.0,0.0,0.0,0.0,0.0,0.0,0.0,1,0,0,0,0,3,0,0,0,0,0,0,1,0,0
2038101738,0.157623,0.0,0.705426,0.0,0.0,0.0,0.0,0.0,0.0,0.0,0.0,1,0,0,0,0,3,0,0,0,0,0,0,1,0,0
2038291325,0.157623,0.0,0.705426,0.0,0.0,0.0,0.0,0.0,0.0,0.0,0.0,1,0,0,0,0,3,0,0,0,0,0,0,1,0,0
2038508461,0.157623,0.0,0.705426,0.0,0.0,0.0,0.0,0.0,0.0,0.0,0.0,1,0,0,0,0,3,0,0,0,0,0,0,1,0,0
2038697665,0.157623,0.0,0.705426,0.0,0.0,0.0,0.0,0.0,0.0,0.0,0.0,1,0,0,0,0,3,0,0,0,0,0,0,1,0,0
2038910492,0.157623,0.0,0.705426,0.0,0.0,0.0,0.0,0.0,0.0,0.0,0.0,1,0,0,0,0,3,0,0,0,0,0,0,1,0,0
2039099311,0.157623,0.0,0.705426,0.0,0.0,0.0,0.0,0.0,0.0,0.0,0.0,1,0,0,0,0,3,0,0,0,0,0,0,1,0,0
2039317044,0.157623,0.0,0.705426,0.0,0.0,0.0,0.0,0.0,0.0,0.0,0.0,1,0,0,0,0,3,0,0,0,0,0,0,1,0,0
2039509635,0.157623,0.0,0.705426,0.0,0.0,0.0,0.0,0.0,0.0,0.0,0.0,1,0,0,0,0,3,0,0,0,0,0,0,1,0,0
2039702493,0.157623,0.0,0.705426,0.0,0.0,0.0,0.0,0.0,0.0,0.0,0.0,1,0,0,0,0,3,0,0,0,0,0,0,1,0,0
2039919705,0.157623,0.0,0.705426,0.0,0.0,0.0,0.0,0.0,0.0,0.0,0.0,1,0,0,0,0,3,0,0,0,0,0,0,1,0,0
2040108801,0.157623,0.0,0.705426,0.0,0.0,0.0,0.0,0.0,0.0,0.0,0.0,1,0,0,0,0,3,0,0,0,0,0,0,1,0,0
2040324798,0.157623,0.0,0.705426,0.0,0.0,0.0,0.0,0.0,0.0,0.0,0.0,1,0,0,0,0,3,0,0,0,0,0,0,1,0,0
2040518483,0.157623,0.0,0.705426,0.0,0.0,0.0,0.0,0.0,0.0,0.0,0.0,1,0,0,0,0,3,0,0,0,0,0,0,1,0,0
2040712016,0.157623,0.0,0.705426,0.0,0.0,0.0,0.0,0.0,0.0,0.0,0.0,1,0,0,0,0,3,0,0,0,0,0,0,1,0,0
2040929632,0.157623,0.0,0.705426,0.0,0.0,0.0,0.0,0.0,0.0,0.0,0.0,1,0,0,0,0,3,0,0,0,0,0,0,1,0,0
2041120944,0.157623,0.0,0.705426,0.0,0.0,0.0,0.0,0.0,0.0,0.0,0.0,1,0,0,0,0,3,0,0,0,0,0,0,1,0,0
2041335300,0.157623,0.0,0.705426,0.0,0.0,0.0,0.0,0.0,0.0,0.0,0.0,1,0,0,0,0,3,0,0,0,0,0,0,1,0,0
2041527970,0.157623,0.0,0.705426,0.0,0.0,0.0,0.0,0.0,0.0,0.0,0.0,1,0,0,0,0,3,0,0,0,0,0,0,1,0,0
2041743711,0.157623,0.0,0.705426,0.0,0.0,0.0,0.0,0.0,0.0,0.0,0.0,1,0,0,0,0,3,0,0,0,0,0,0,1,0,0
2041936903,0.157623,0.0,0.705426,0.0,0.0,0.0,0.0,0.0,0.0,0.0,0.0,1,0,0,0,0,3,0,0,0,0,0,0,1,0,0
2042130419,0.157623,0.0,0.705426,0.0,0.0,0.0,0.0,0.0,0.0,0.0,0.0,1,0,0,0,0,3,0,0,0,0,0,0,1,0,0
