timestamp,windspeed_north,windspeed_east,variance_north,variance_east,tas_innov,tas_innov_var,tas_scale,beta_innov,beta_innov_var
884174165,-5.10322,2.19334,0.006036,0.00818149,1.20959,1.91065,0.0,0.288836,0.300327
1951210942,0.0,0.0,1.0,1.0,1.20959,1.91065,0.0,0.288836,0.300327
1951412542,1.34974,0.0357474,0.350724,0.999545,0.0070672,2.29707,0.0,0.288836,0.300327
1951613342,0.0308375,0.326984,0.147264,0.929206,-1.93785,2.05831,0.0,0.0963346,0.320684
1951810310,-0.855314,1.48119,0.0998579,0.793622,-1.76464,2.02865,0.0,0.0744519,0.308846
1952019742,-1.11528,2.36755,0.0877537,0.635644,-0.792968,2.01433,0.0,-0.0299601,0.306411
1952219742,-1.23248,3.09226,0.0840839,0.520396,-1.54088,1.99353,0.0,-0.0329826,0.304802
1952421349,-1.33163,4.64321,0.0822279,0.417737,-2.85078,1.98634,0.0,-0.241258,0.303328
1952622306,-1.2717,6.45711,0.0811683,0.348225,-3.72216,1.97858,0.0,-0.292761,0.302748
1952823742,-1.12605,7.94535,0.0794936,0.289233,-1.89519,1.97254,0.0,-0.471119,0.302979
1953020545,-1.11529,8.26875,0.0771882,0.244781,-0.799696,1.96168,0.0,-0.614208,0.303188
1953225494,-1.09728,8.45988,0.0756856,0.213877,-0.469646,1.96062,0.0,-0.535463,0.302673
1953426989,-1.11393,8.4263,0.0742215,0.187492,0.385839,1.95916,0.0,-0.545641,0.302432
1953627742,-1.22181,8.08469,0.0718362,0.160309,0.690248,1.95814,0.0,-0.68885,0.302494
1953828542,-1.30176,7.84217,0.0697618,0.140133,0.674492,1.95592,0.0,-0.618673,0.30235
1954029342,-1.38148,7.58946,0.0681437,0.124423,1.15237,1.95323,0.0,-0.500169,0.301914
1954234942,-1.51341,7.20143,0.0665942,0.11141,1.81569,1.95156,0.0,-0.553485,0.301715
1954435742,-1.65556,6.77218,0.0654324,0.100981,2.28764,1.94954,0.0,-0.554332,0.301533
1954636566,-1.84335,6.24752,0.0641682,0.0909279,2.31382,1.94925,0.0,-0.500837,0.301225
1954837342,-2.02071,5.8165,0.0627386,0.082075,2.05321,1.95206,0.0,-0.394859,0.300922
1955038942,-2.19824,5.43399,0.0609934,0.0734927,2.09261,1.95221,0.0,-0.237907,0.300748
1955239749,-2.36348,5.06314,0.0596483,0.0665481,2.30423,1.9474,0.0,-0.176544,0.30086
1955440542,-2.5091,4.73055,0.0586076,0.0610126,2.33477,1.94384,0.0,-0.108,0.300851
1955645347,-2.63497,4.43375,0.0577503,0.0563728,2.12075,1.93829,0.0,0.037336,0.300503
1955846942,-2.66309,4.28019,0.0575636,0.0539908,1.57583,1.93337,0.0,0.0641928,0.300426
1956047766,-2.612,4.25939,0.0569024,0.0530824,0.850362,1.93422,0.0,0.0606145,0.300395
1956248545,-2.51775,4.29119,0.0546096,0.0521841,0.9868,1.94066,0.0,-0.0926816,0.300553
1956454163,-2.42445,4.33964,0.0510622,0.0508087,0.611509,1.94623,0.0,-0.133241,0.300596
1956654942,-2.35222,4.38568,0.0464488,0.0487569,0.390903,1.95121,0.0,-0.0867467,0.300555
1956855742,-2.34199,4.3927,0.0420705,0.0464228,-0.222294,1.95434,0.0,-0.0436368,0.300546
1957053342,-2.35858,4.37757,0.0377697,0.043789,0.199147,1.95631,0.0,-0.107096,0.300556
1957261342,-2.32042,4.40503,0.033925,0.0412345,0.0661221,1.95581,0.0,-0.126333,0.300543
1957458964,-2.32089,4.4028,0.0306152,0.0388839,0.0365086,1.95291,0.0,-0.0210073,0.300519
1957667769,-2.28568,4.42643,0.0273199,0.0366263,0.433409,1.95133,0.0,-0.102743,0.300469
1957869342,-2.18614,4.50168,0.0249803,0.0351337,0.796968,1.94663,0.0,-0.0941183,0.300383
1958070142,-2.10432,4.55719,0.0232313,0.0342179,0.533705,1.94062,0.0,-0.0653419,0.300382
1958271009,-2.06704,4.5788,0.0219154,0.0336876,0.286084,1.93822,0.0,-0.136465,0.300368
1958471742,-2.04756,4.58922,0.0208134,0.0332847,0.172786,1.93753,0.0,-0.200709,0.300384
1958676569,-2.03561,4.59555,0.0197225,0.0328463,0.24662,1.93603,0.0,-0.21558,0.30038
1958878142,-2.03901,4.59061,0.0188235,0.0324268,-0.279977,1.93554,0.0,-0.177347,0.300365
1959078942,-2.06044,4.57505,0.0180324,0.0320974,-0.131917,1.93506,0.0,-0.246452,0.300379
1959275742,-2.02566,4.59638,0.0173318,0.0317869,0.960337,1.93492,0.0,-0.318573,0.300418
1959485342,-2.02689,4.59338,0.0166728,0.0314859,-0.64008,1.93405,0.0,-0.207333,0.300386
1959686142,-2.09772,4.54722,0.0160965,0.0312556,-1.74566,1.93418,0.0,-0.217643,0.300401
1959883742,-2.19958,4.48015,0.015555,0.0310352,-2.56288,1.93489,0.0,-0.186513,0.300405
1960084542,-2.31299,4.40597,0.0150364,0.0308119,-2.27072,1.93508,0.0,-0.136116,0.3004
1960293342,-2.40744,4.34625,0.0145432,0.0306301,-2.09418,1.93544,0.0,-0.119524,0.300411
1960490942,-2.51489,4.28047,0.0140247,0.0304508,-2.24583,1.93535,0.0,-0.11225,0.300418
1960699742,-2.61594,4.22437,0.0136043,0.0303192,-2.62308,1.93586,0.0,-0.103921,0.300424
1960900542,-2.72073,4.16969,0.013199,0.0302251,-2.21919,1.93556,0.0,-0.114207,0.300461
1961101345,-2.79147,4.13197,0.0127884,0.0301267,-1.33137,1.93585,0.0,-0.0854615,0.300474
1961302947,-2.83229,4.1097,0.012338,0.0300022,-0.535566,1.93619,0.0,-0.0705729,0.300486
1961503742,-2.84865,4.10064,0.011948,0.0299279,-0.272767,1.93644,0.0,-0.104292,0.300497
1961700542,-2.86165,4.09362,0.0115762,0.0298574,-0.0371199,1.93528,0.0,-0.0807624,0.300472
1961901342,-2.86265,4.09264,0.0112236,0.0297826,-0.209896,1.9354,0.0,-0.0598307,0.300444
1962102942,-2.88803,4.07922,0.0108953,0.0296982,-0.954127,1.93531,0.0,-0.0233176,0.300406
1962303742,-2.93409,4.05501,0.0105917,0.0296392,-1.38972,1.93508,0.0,-0.0380606,0.300386
1962508545,-2.99546,4.02405,0.0102835,0.0295877,-1.50083,1.93541,0.0,-0.0444379,0.300369
1962709342,-3.0393,4.00171,0.0100225,0.0295343,-1.1295,1.93443,0.0,-0.0811601,0.300354
1962914942,-3.07843,3.98241,0.00978367,0.0295033,-1.11944,1.93474,0.0,-0.0549086,0.300355
1963115773,-3.11377,3.96593,0.00956045,0.02948,-1.11989,1.93486,0.0,-0.0375461,0.30035
1963316552,-3.15036,3.95001,0.00935713,0.0294575,-1.05018,1.93443,0.0,-0.0321843,0.300346
1963517342,-3.17878,3.93834,0.00917054,0.0294559,-0.805209,1.93457,0.0,-0.0426576,0.300354
1963726945,-3.20478,3.92886,0.00898213,0.0294645,-0.764467,1.9344,0.0,-0.0537407,0.300353
1963923757,-3.21688,3.92405,0.00883017,0.0294727,-0.136026,1.93384,0.0,-0.126275,0.300359
1964132542,-3.22725,3.92059,0.00866789,0.0294943,-0.593154,1.93405,0.0,-0.110871,0.300365
1964333367,-3.24157,3.9164,0.00853384,0.0295216,-0.376227,1.93364,0.0,-0.126458,0.300366
1964534945,-3.25868,3.9096,0.00840215,0.0295338,-0.808298,1.93311,0.0,-0.135134,0.300363
1964731746,-3.28236,3.90107,0.00827419,0.0295571,-1.14873,1.93237,0.0,-0.146867,0.300367
1964940542,-3.31484,3.89078,0.00815726,0.029585,-0.768072,1.93387,0.0,-0.1852,0.300376
1965142142,-3.33049,3.88646,0.00803754,0.0296078,-0.497823,1.93346,0.0,-0.0588613,0.300353
1965342970,-3.34467,3.8848,0.00794494,0.0296485,-0.628186,1.93295,0.0,-0.0443392,0.30035
1965547749,-3.35791,3.88372,0.00785864,0.0296908,-0.567858,1.93212,0.0,-0.0599688,0.300356
1965748573,-3.37584,3.88144,0.00777461,0.0297207,-1.11467,1.93221,0.0,-0.0871952,0.300358
1965950148,-3.39886,3.87957,0.00768387,0.0297625,-0.884447,1.93192,0.0,-0.102282,0.300361
1966147747,-3.42292,3.87941,0.00761235,0.0298037,-0.928437,1.93201,0.0,-0.110147,0.300371
1966355742,-3.43978,3.88078,0.00755199,0.0298435,-0.73163,1.93208,0.0,-0.182071,0.300379
1966557342,-3.46257,3.88232,0.00749337,0.0298709,-1.65136,1.93179,0.0,-0.129571,0.300367
1966758146,-3.50394,3.88509,0.00743581,0.0299107,-2.17149,1.93169,0.0,-0.143415,0.300388
1966959742,-3.54547,3.88798,0.00738207,0.0299502,-1.89816,1.93201,0.0,-0.161785,0.300398
1967160542,-3.56825,3.88701,0.0073185,0.0299781,-0.0593586,1.93079,0.0,-0.146449,0.300403
1967361342,-3.56516,3.88653,0.0072643,0.030018,-0.241207,1.93042,0.0,-0.066914,0.300395
1967562142,-3.58304,3.88665,0.0072111,0.0300568,-1.3166,1.93031,0.0,-0.0443141,0.300409
1967759756,-3.59822,3.88661,0.00715877,0.0300819,-0.396674,1.93057,0.0,-0.0463392,0.300402
1967967742,-3.60577,3.88762,0.00711614,0.03012,-0.576286,1.93077,0.0,-0.00681039,0.300392
1968165342,-3.61669,3.89058,0.007077,0.0301502,-0.800334,1.93132,0.0,-0.0361878,0.300397
1968374942,-3.63872,3.89619,0.0070359,0.030172,-1.39477,1.93097,0.0,-0.0607756,0.300388
1968575742,-3.65923,3.90127,0.00700271,0.0302043,-0.84953,1.93031,0.0,-0.100926,0.300391
1968776542,-3.66946,3.90261,0.00696621,0.0302398,-0.414402,1.93056,0.0,-0.0507571,0.300393
1968977342,-3.67072,3.90228,0.00692976,0.0302647,0.218453,1.93009,0.0,-0.0718948,0.300399
1969182145,-3.65388,3.90096,0.00688686,0.030303,1.03652,1.93058,0.0,-0.0445416,0.300393
1969383800,-3.63731,3.89856,0.00685072,0.0303364,0.871004,1.92854,0.0,-0.0372689,0.3004
1969592542,-3.6196,3.8926,0.00681989,0.0303593,1.09067,1.92873,0.0,-0.212991,0.30042
1969793367,-3.5969,3.88915,0.00677727,0.0303924,1.03087,1.92963,0.0,-0.219151,0.300407
1969994942,-3.58218,3.88926,0.0067359,0.0304259,0.711128,1.93069,0.0,-0.210645,0.300393
1970191902,-3.5682,3.89116,0.00669085,0.0304561,0.776147,1.93061,0.0,-0.244424,0.300397
1970396558,-3.55283,3.89444,0.00664012,0.0304701,0.854586,1.93038,0.0,-0.257823,0.300381
1970597342,-3.52824,3.90635,0.00658258,0.0304792,2.07466,1.93098,0.0,-0.28879,0.300391
1970798942,-3.47163,3.94371,0.00651995,0.0304708,2.8647,1.93187,0.0,-0.246899,0.300379
1970999766,-3.41757,3.98696,0.00643977,0.0304217,2.07266,1.93176,0.0,-0.146821,0.300367
1971208569,-3.3808,4.01739,0.00637042,0.0303855,1.61582,1.93104,0.0,-0.139074,0.300359
1971410302,-3.33997,4.05691,0.00629297,0.0303165,1.70278,1.93179,0.0,-0.122693,0.300344
1971615742,-3.30561,4.09389,0.00619917,0.0301914,1.50131,1.93258,0.0,-0.140324,0.300339
1971815742,-3.26783,4.13943,0.00610837,0.030047,1.70879,1.9331,0.0,-0.113508,0.300321
1972016542,-3.23629,4.18267,0.00601078,0.0298406,1.04837,1.93422,0.0,-0.0415075,0.300299
1972218142,-3.21786,4.20945,0.0059091,0.0295888,0.59596,1.93403,0.0,-0.0824404,0.300314
1972414974,-3.20926,4.22265,0.00580575,0.0293043,0.186243,1.93404,0.0,-0.0994379,0.300308
1972623742,-3.21132,4.21893,0.00569019,0.0289745,-0.205088,1.93377,0.0,-0.11438,0.300317
1972821342,-3.2204,4.20263,0.00558525,0.0286284,-0.632055,1.93502,0.0,-0.116434,0.300317
1973030142,-3.24048,4.16207,0.00547655,0.0281502,-1.08858,1.93767,0.0,-0.0795484,0.300315
1973231742,-3.26246,4.11766,0.00536924,0.0276662,-1.02056,1.93598,0.0,-0.110774,0.300319
1973431765,-3.28596,4.0692,0.00526532,0.0271765,-1.25915,1.93473,0.0,-0.105186,0.300334
1973633342,-3.32304,3.99037,0.00515176,0.0265895,-1.45563,1.93607,0.0,-0.0465796,0.300345
1973834142,-3.35831,3.91119,0.00505343,0.0260119,-2.08648,1.9352,0.0,0.053429,0.300354
1974034942,-3.41415,3.78741,0.00495958,0.0254511,-3.08202,1.93557,0.0,0.0537532,0.300389
1974243742,-3.48727,3.62366,0.0048718,0.0249034,-3.77507,1.93453,0.0,0.0597877,0.300401
1974445348,-3.54164,3.49976,0.00481727,0.0245081,-4.37047,1.93516,0.0,0.0803181,0.300415
1974646942,-3.54056,3.50206,0.00482636,0.0244432,-4.33369,1.93601,0.0,0.0518443,0.300428
1974843755,-3.60404,3.35276,0.00476179,0.023955,-3.51381,1.93715,0.0,-0.0277648,0.300464
1975052542,-3.65773,3.22202,0.00468213,0.0233414,-1.71027,1.9376,0.0,-0.0118812,0.300467
1975253363,-3.68591,3.15035,0.00461011,0.0227282,-1.44114,1.9369,0.0,0.0358409,0.300472
1975458144,-3.70959,3.08865,0.00453877,0.0220682,-0.546133,1.93801,0.0,0.044692,0.300486
1975659769,-3.71371,3.07798,0.00448198,0.0214902,-0.208748,1.93716,0.0,0.107191,0.300491
1975860542,-3.72026,3.06138,0.00442975,0.0209444,-0.0609198,1.93585,0.0,0.136018,0.300486
1976061342,-3.72572,3.04725,0.00438258,0.020416,-0.800604,1.93563,0.0,0.111737,0.300467
1976270942,-3.73996,3.00508,0.00432283,0.0197116,-0.964911,1.93624,0.0,0.152973,0.300422
1976467748,-3.7512,2.97152,0.00429219,0.0191459,-0.304777,1.9349,0.0,0.180886,0.300393
1976676542,-3.74752,2.98554,0.00426893,0.0185585,0.56275,1.93478,0.0,0.220787,0.300376
1976878147,-3.74059,3.01169,0.00424726,0.0179187,-0.0341215,1.93251,0.0,0.228014,0.300331
1977078942,-3.74559,2.9886,0.00423969,0.0172859,-0.497813,1.93415,0.0,0.273476,0.300361
1977275742,-3.75038,2.95853,0.00424151,0.0165958,-1.1069,1.93724,0.0,0.307837,0.300314
1977484577,-3.76117,2.85464,0.0042519,0.015888,-2.32525,1.93857,0.0,0.300301,0.300343
1977685342,-3.77181,2.74626,0.00426611,0.0152214,-2.23985,1.93846,0.0,0.238461,0.30033
1977882942,-3.78347,2.61656,0.0042817,0.0145311,-2.26899,1.93699,0.0,0.468508,0.300384
1978083742,-3.78688,2.54674,0.00430069,0.0139779,-1.102,1.94153,0.0,0.47409,0.30035
1978284542,-3.78817,2.51301,0.00432293,0.0133601,-0.174084,1.93767,0.0,0.42916,0.30031
1978493342,-3.78888,2.54663,0.004347,0.0128362,1.76555,1.93826,0.0,0.315635,0.30022
1978694942,-3.7964,2.66085,0.00436884,0.0123544,2.9968,1.94062,0.0,0.323108,0.300219
1978899742,-3.81319,2.77466,0.00438776,0.0118965,2.22397,1.94111,0.0,0.355535,0.30021
1979101342,-3.82773,2.85106,0.00440396,0.0115168,3.44391,1.94048,0.0,0.296109,0.300187
1979302142,-3.83137,2.86257,0.00442835,0.0113917,6.80984,1.94218,0.0,0.193319,0.300145
1979502942,-3.83193,2.85797,0.00445397,0.0113138,6.74321,1.94449,0.0,0.208958,0.300128
1979708542,-3.83225,2.85504,0.00448019,0.0112586,4.68371,1.94568,0.0,0.0997717,0.30011
1979909342,-3.86099,2.90237,0.00448327,0.0111574,4.17244,1.94359,0.0,0.164594,0.300088
1980114158,-3.86125,2.90004,0.00451015,0.0111334,6.28018,1.9433,0.0,0.197581,0.300102
1980315742,-3.86138,2.89902,0.00453463,0.0111191,6.75732,1.94133,0.0,0.155327,0.300097
1980516568,-3.86155,2.89687,0.00455963,0.0111142,6.76212,1.93988,0.0,0.0906497,0.300089
1980717342,-3.86149,2.89746,0.00458405,0.011116,6.13032,1.93939,0.0,0.033713,0.300093
1980918142,-3.86163,2.89618,0.00460808,0.0111225,5.36576,1.93898,0.0,0.0769979,0.300085
1981115742,-3.86175,2.89598,0.00463123,0.0111314,5.60749,1.93801,0.0,0.109788,0.300091
1981324542,-3.86158,2.8962,0.00465556,0.0111447,5.66942,1.9361,0.0,0.110638,0.3001
1981525511,-3.86155,2.89602,0.00467829,0.0111586,5.63523,1.93499,0.0,0.0729025,0.300102
1981726142,-3.86149,2.89572,0.0047004,0.011173,6.64805,1.93382,0.0,0.0244598,0.300101
1981927757,-3.86144,2.8952,0.00472204,0.0111889,8.03988,1.93313,0.0,0.00580303,0.300105
1982135749,-3.86141,2.89461,0.00474357,0.0112057,8.63869,1.93256,0.0,0.011234,0.300105
1982333357,-3.8614,2.89432,0.00476283,0.0112202,8.87664,1.93207,0.0,-0.134211,0.300117
1982538145,-3.86141,2.89414,0.00478287,0.011237,8.7853,1.93054,0.0,-0.150991,0.300119
1982739748,-3.8614,2.89426,0.00480069,0.011252,8.23127,1.92949,0.0,-0.180762,0.300132
1982948542,-3.86145,2.89515,0.00481852,0.0112667,6.57497,1.92873,0.0,-0.320695,0.300147
1983149373,-3.86146,2.89563,0.00483506,0.0112813,5.4449,1.92746,0.0,-0.349143,0.300146
1983354942,-3.8615,2.89605,0.00485399,0.0112986,6.01227,1.92657,0.0,-0.2565,0.300139
1983555746,-3.86144,2.89632,0.00487386,0.0113171,8.52457,1.92763,0.0,-0.179832,0.300139
1983756542,-3.86147,2.89668,0.00489629,0.0113376,6.13299,1.92729,0.0,-0.154381,0.300139
1983957342,-3.88097,2.87833,0.00489989,0.011342,4.23485,1.92741,0.0,-0.199615,0.300139
1984166967,-3.88099,2.87877,0.0049275,0.0113685,4.94008,1.92974,0.0,-0.219845,0.300152
1984363745,-3.88108,2.87958,0.00495604,0.0113954,7.07923,1.93041,0.0,-0.217491,0.300151
1984572568,-3.88113,2.87989,0.00498596,0.0114244,7.4489,1.92851,0.0,-0.198423,0.300149
1984773342,-3.88127,2.88011,0.0050175,0.011455,6.27444,1.92722,0.0,-0.195883,0.300158
1984974942,-3.89952,2.8553,0.00503066,0.0114481,3.98625,1.92655,0.0,-0.128973,0.300152
1985175776,-3.98266,2.7405,0.0049758,0.0113102,3.47875,1.92473,0.0,-0.0769241,0.300149
1985381342,-4.03631,2.66728,0.00494039,0.0112099,2.38313,1.92482,0.0,-0.0558382,0.300155
1985581487,-4.07092,2.62113,0.00490727,0.0111189,1.65948,1.92441,0.0,-0.0551224,0.300153
1985782942,-4.10203,2.5808,0.00487953,0.0110434,1.96164,1.92468,0.0,-0.0612352,0.300152
1985983743,-4.14208,2.52896,0.00485592,0.0109755,2.48128,1.92483,0.0,-0.0389956,0.300162
1986180542,-4.17015,2.49298,0.00483496,0.010916,1.11906,1.92413,0.0,0.0714549,0.300161
1986382173,-4.18436,2.47613,0.00481365,0.0108701,0.757509,1.92377,0.0,0.0548809,0.300162
1986586945,-4.19322,2.46624,0.00478921,0.010831,0.415775,1.92293,0.0,0.0511105,0.300169
1986788546,-4.20045,2.45881,0.00476888,0.0108059,0.405392,1.92204,0.0,-0.0284855,0.300186
1986989342,-4.2087,2.45085,0.0047516,0.01079,0.561918,1.92068,0.0,-0.0662969,0.300188
1987194961,-4.2263,2.43458,0.00473354,0.0107772,1.5795,1.91988,0.0,-0.070329,0.300186
1987394946,-4.25572,2.4072,0.00472149,0.0107697,1.9277,1.91984,0.0,-0.00204877,0.300199
1987595742,-4.28172,2.38404,0.00471285,0.0107688,1.99792,1.91843,0.0,0.0700315,0.300192
1987797342,-4.3137,2.35674,0.0047206,0.0107837,4.55722,1.91919,0.0,0.0596331,0.30019
1987998145,-4.33906,2.33258,0.00474125,0.0108056,3.66279,1.91843,0.0,0.114591,0.300183
1988203742,-4.38198,2.29019,0.0047493,0.010813,4.731,1.91969,0.0,0.0156777,0.300164
1988404573,-4.38251,2.28961,0.00479195,0.0108547,5.15698,1.92018,0.0,0.0172547,0.300153
1988601342,-4.41093,2.25619,0.00481066,0.0108628,2.92344,1.92115,0.0,0.00883566,0.300147
1988810142,-4.42269,2.24158,0.00481119,0.0108395,-0.873001,1.92239,0.0,0.036973,0.300143
1989011742,-4.40829,2.25816,0.00481054,0.0108243,-0.479221,1.92274,0.0,0.0127009,0.300139
1989212542,-4.40666,2.25978,0.00480185,0.0108113,0.174011,1.92276,0.0,0.0492052,0.30014
1989417342,-4.40983,2.25645,0.00479418,0.010806,0.238966,1.92233,0.0,0.0741282,0.300161
1989618942,-4.41175,2.25461,0.00477873,0.0107993,0.125465,1.92051,0.0,0.048394,0.300165
1989815766,-4.42063,2.24723,0.00476191,0.0107948,1.59241,1.92079,0.0,-0.0217403,0.300168
1990024542,-4.47207,2.20376,0.00473922,0.0107846,3.6967,1.92075,0.0,0.0222643,0.300179
1990225342,-4.52185,2.16374,0.00471959,0.0107804,3.5482,1.9206,0.0,0.0268669,0.300178
1990426942,-4.56773,2.12888,0.00469893,0.0107788,3.0469,1.91883,0.0,0.030713,0.300175
1990627742,-4.61358,2.09555,0.00467801,0.010779,3.10427,1.918,0.0,0.0441596,0.300176
1990828542,-4.66226,2.06142,0.00465769,0.0107824,3.01793,1.91896,0.0,0.0526557,0.300171
1991029342,-4.70006,2.03554,0.00463802,0.0107876,2.72049,1.919,0.0,0.0740164,0.300166
1991234942,-4.74754,2.00257,0.00461615,0.010792,2.88835,1.91959,0.0,0.0784341,0.300162
1991435742,-4.78166,1.98072,0.00459556,0.0107988,2.31104,1.91827,0.0,0.104111,0.300165
1991637342,-4.81409,1.961,0.00457655,0.0108098,1.71423,1.91946,0.0,0.120609,0.300163
1991837342,-4.83386,1.94848,0.00455889,0.0108211,1.42609,1.91954,0.0,0.128956,0.30016
1992038942,-4.849,1.9377,0.00454265,0.0108278,0.70299,1.91895,0.0,0.106647,0.300159
1992247769,-4.85355,1.93377,0.00452938,0.0108259,-0.130955,1.91991,0.0,0.114638,0.300156
1992448542,-4.85755,1.92855,0.00452037,0.0108161,1.18383,1.91963,0.0,0.110012,0.300154
1992650142,-4.87312,1.90871,0.00451397,0.0107969,1.19522,1.92038,0.0,0.151881,0.300165
1992846942,-4.88443,1.89401,0.0045091,0.0107739,0.93956,1.91969,0.0,0.13207,0.300155
1993051742,-4.89882,1.87327,0.00449575,0.01073,1.05263,1.92037,0.0,0.116486,0.300148
1993253342,-4.90851,1.85252,0.00450702,0.0106832,1.12432,1.92111,0.0,0.0942378,0.300144
1993450142,-4.92073,1.82077,0.00450798,0.0105981,1.85559,1.92222,0.0,0.044756,0.300134
1993658942,-4.93642,1.75736,0.00452224,0.0104927,2.92234,1.9232,0.0,0.0356822,0.300127
1993859770,-4.94962,1.68293,0.00453968,0.0103626,2.8313,1.9228,0.0,-0.0250067,0.300117
1994060542,-4.95829,1.62159,0.00456,0.010271,4.96266,1.92318,0.0,-0.0180557,0.300117
1994262142,-4.95805,1.62238,0.00458303,0.0102839,4.9278,1.92619,0.0,-0.0245875,0.300115
1994462966,-4.95564,1.53516,0.00460625,0.0100697,1.76469,1.92791,0.0,-0.159295,0.300117
1994667744,-4.95418,1.51579,0.00462736,0.00980104,-0.200758,1.92939,0.0,-0.129038,0.300114
1994869345,-4.95853,1.54149,0.00464372,0.00952156,-0.905264,1.9291,0.0,-0.0356526,0.300109
1995066169,-4.9619,1.56017,0.0046583,0.00925161,0.0199203,1.928,0.0,-0.0222637,0.300113
1995275755,-4.96136,1.55589,0.00466743,0.00896258,-0.434746,1.92504,0.0,-0.0698646,0.300118
1995476542,-4.96057,1.55298,0.00467359,0.00871427,1.08719,1.92427,0.0,-0.0299853,0.300117
1995676542,-4.9452,1.50286,0.00467478,0.00847938,1.50493,1.92341,0.0,-0.000218697,0.300118
1995878142,-4.93131,1.46251,0.00467187,0.00825886,1.23669,1.92551,0.0,-0.000640221,0.300128
1996083742,-4.91861,1.42765,0.00466314,0.00803004,1.0753,1.92237,0.0,0.00575003,0.30013
1996284542,-4.90108,1.38316,0.00465338,0.0078351,1.7244,1.92108,0.0,0.0327882,0.300132
1996485467,-4.87482,1.32195,0.00464092,0.0076517,2.35644,1.92014,0.0,0.0728128,0.300141
1996686142,-4.85292,1.27212,0.00462768,0.0074792,1.22775,1.91909,0.0,0.049907,0.300141
1996887742,-4.83496,1.23365,0.0046128,0.0073191,1.87751,1.91867,0.0,0.0601913,0.300142
1997087742,-4.81366,1.19008,0.00459726,0.0071703,1.80133,1.9175,0.0,0.0339422,0.300142
1997293342,-4.78895,1.14267,0.00457775,0.00702291,1.26571,1.91737,0.0,0.00206848,0.300149
1997498946,-4.78343,1.13348,0.00455586,0.00690732,0.242208,1.91739,0.0,0.00298905,0.300151
1997699744,-4.78506,1.13555,0.00452914,0.00680763,-0.496561,1.91712,0.0,0.0346594,0.300159
1997900562,-4.80429,1.16165,0.00449912,0.00670796,-1.7926,1.91729,0.0,0.0295681,0.300171
1998101370,-4.82796,1.19164,0.00447165,0.00662956,-1.64185,1.91753,0.0,0.0327383,0.300176
1998302942,-4.85521,1.22331,0.00444171,0.00656315,-1.99356,1.91737,0.0,0.0486688,0.300186
1998503754,-4.88726,1.25681,0.00441035,0.00650762,-2.26866,1.91735,0.0,0.0519912,0.300201
1998700542,-4.91384,1.2819,0.0043772,0.00646132,-0.995232,1.91695,0.0,0.0215454,0.300207
1998909344,-4.91808,1.28551,0.00433812,0.00641887,0.261908,1.91692,0.0,-0.0132108,0.300213
1999106942,-4.90839,1.27788,0.00430287,0.00638432,1.04994,1.91687,0.0,0.0426251,0.300241
1999307762,-4.90013,1.27136,0.0042662,0.00635388,0.0993881,1.91684,0.0,0.0357713,0.300246
1999508542,-4.90995,1.27833,0.00422903,0.00632863,-0.961577,1.91606,0.0,0.0057284,0.300246
1999713342,-4.91918,1.28443,0.00419156,0.00630944,-0.194473,1.9161,0.0,0.01587,0.30024
1999914942,-4.91689,1.28287,0.00415224,0.00629518,0.346651,1.91595,0.0,0.0480793,0.300253
2000115742,-4.90645,1.2776,0.00410837,0.00628492,0.768329,1.9153,0.0,0.0841096,0.300249
2000316542,-4.89257,1.27153,0.00406936,0.00628107,1.28333,1.91545,0.0,0.0847276,0.300232
2000517498,-4.86569,1.26226,0.00403022,0.0062824,1.53788,1.91548,0.0,0.130126,0.300244
2000719123,-4.84807,1.25662,0.0039916,0.00628611,0.696147,1.91541,0.0,0.0960966,0.300237
2000924542,-4.83737,1.25489,0.0039536,0.00629316,0.817228,1.91474,0.0,0.12119,0.300224
2001124542,-4.82682,1.25363,0.00391097,0.00630287,0.994826,1.91482,0.0,0.164822,0.300243
2001325342,-4.79458,1.25163,0.00387422,0.0063138,2.77293,1.91503,0.0,0.138435,0.300234
2001526942,-4.76192,1.25079,0.0038386,0.00632496,1.61096,1.91496,0.0,0.139068,0.30023
2001727742,-4.7545,1.25043,0.00380339,0.00633697,-0.644644,1.91453,0.0,0.148946,0.30024
2001933342,-4.77367,1.25206,0.00376936,0.00635003,-1.78325,1.91455,0.0,0.178463,0.300274
2002130162,-4.80265,1.25602,0.00373044,0.00636241,-1.67538,1.91405,0.0,0.183118,0.300281
2002338942,-4.8205,1.25946,0.0036969,0.00637424,-0.983737,1.9146,0.0,0.106268,0.300309
2002540542,-4.82246,1.26005,0.00366414,0.00638719,0.567429,1.91432,0.0,0.106859,0.300343
2002741377,-4.80944,1.25832,0.00363172,0.00640026,0.84881,1.91391,0.0,0.147872,0.300368
2002942142,-4.7899,1.25603,0.00359983,0.00641207,1.7222,1.91362,0.0,0.152832,0.300386
2003143744,-4.78503,1.25552,0.00356867,0.00642551,-0.486392,1.91306,0.0,0.164291,0.300422
2003343742,-4.7969,1.25739,0.00353422,0.00643864,-0.95049,1.91238,0.0,0.164598,0.300415
2003549342,-4.81052,1.25954,0.0035056,0.0064515,-0.598448,1.91268,0.0,0.185988,0.300401
2003750172,-4.8,1.25884,0.0034769,0.00646538,2.08859,1.91284,0.0,0.220521,0.300402
2003951742,-4.77184,1.2555,0.00344912,0.00648003,1.81328,1.91371,0.0,0.239339,0.300431
2006777342,-4.68386,1.25979,0.00312818,0.00670669,-1.75625,1.91382,0.0,0.236778,0.300323
2006974942,-4.70595,1.26012,0.00310854,0.00672294,-2.09472,1.91368,0.0,0.186939,0.300327
2007179742,-4.73703,1.26055,0.00308595,0.00673919,-2.45673,1.91357,0.0,0.178433,0.300353
2007380542,-4.75626,1.26131,0.00306617,0.00675253,-0.391076,1.9123,0.0,0.224701,0.30039
2007582142,-4.75181,1.26199,0.00304772,0.00676819,0.905961,1.91267,0.0,0.271197,0.300418
2007782942,-4.72931,1.26294,0.00303698,0.00678432,4.23732,1.91182,0.0,0.283394,0.300432
2007987752,-4.705,1.26445,0.00302199,0.00679957,0.460871,1.91101,0.0,0.194873,0.300401
2008189342,-4.71754,1.26419,0.00300781,0.00681657,-1.89563,1.91097,0.0,0.163695,0.300364
2008389342,-4.74338,1.26246,0.00299294,0.0068352,-1.54097,1.90991,0.0,0.236473,0.300361
2008590942,-4.76285,1.26355,0.00298115,0.00685285,-1.79847,1.91171,0.0,0.260569,0.300365
2008791742,-4.78855,1.26743,0.00296975,0.00687278,-2.3055,1.91185,0.0,0.254943,0.300368
2008992542,-4.81476,1.2724,0.00295946,0.00689279,-2.2933,1.91128,0.0,0.209748,0.300362
2009197342,-4.8436,1.27952,0.00294845,0.00691376,-1.82856,1.91193,0.0,0.133895,0.300375
2009394942,-4.85602,1.28393,0.00294132,0.00693003,-1.12334,1.9126,0.0,0.123367,0.300378
2009604542,-4.87894,1.29404,0.00293098,0.00694799,-2.37676,1.91334,0.0,0.0944996,0.300372
2009804546,-4.90336,1.30618,0.00292311,0.0069637,-1.47813,1.91367,0.0,0.052722,0.300387
2010006148,-4.91673,1.31291,0.00291638,0.00697744,-0.777386,1.91138,0.0,0.0258747,0.300384
2010207746,-4.91903,1.31396,0.00291139,0.00699457,0.715619,1.91072,0.0,0.00559165,0.300375
2010412577,-4.89456,1.303,0.00290612,0.00701474,2.26246,1.91066,0.0,-0.0200645,0.300379
2010613342,-4.87607,1.29644,0.00290121,0.00703429,1.05615,1.91101,0.0,-0.0998488,0.300342
2010814142,-4.86941,1.2946,0.00289756,0.0070588,0.271528,1.9112,0.0,-0.166063,0.300339
2011015742,-4.87119,1.29425,0.00289402,0.00708461,-0.175358,1.91147,0.0,-0.1779,0.300327
2011224685,-4.86968,1.29371,0.00288861,0.00711078,0.44027,1.91199,0.0,-0.0381231,0.30029
2011422146,-4.85232,1.29268,0.00288506,0.00713725,1.98742,1.91193,0.0,0.0281195,0.300286
2011630942,-4.83501,1.29062,0.00288211,0.00716379,1.27894,1.91187,0.0,0.0498854,0.300284
2011831746,-4.82615,1.28934,0.00287614,0.007188,0.503965,1.91225,0.0,0.0279703,0.300294
2012036542,-4.82307,1.28891,0.00287454,0.00721496,-0.0963907,1.91122,0.0,0.0361527,0.3003
2012237345,-4.82344,1.28912,0.00287122,0.00724007,-0.052742,1.91086,0.0,0.0970553,0.300305
2012438942,-4.81689,1.2889,0.0028694,0.00726462,0.929335,1.91113,0.0,0.186972,0.300348
2012639746,-4.79788,1.28545,0.0028679,0.00729085,2.08803,1.91139,0.0,0.203185,0.300349
2012840542,-4.78768,1.28367,0.00286328,0.00731642,-0.0582952,1.91179,0.0,0.19824,0.300347
2013042142,-4.79606,1.286,0.00286135,0.00734043,-1.10385,1.9119,0.0,0.206757,0.300371
2013242942,-4.80454,1.28803,0.00285955,0.0073665,-0.457563,1.912,0.0,0.306728,0.30041
2013439747,-4.80674,1.2893,0.00285757,0.00739177,-0.0215721,1.91127,0.0,0.352144,0.30044
2013640656,-4.80271,1.28899,0.00285493,0.00741574,0.925154,1.91128,0.0,0.252152,0.300398
2013850142,-4.78962,1.28683,0.00285187,0.00744032,0.710072,1.91162,0.0,0.136294,0.300368
2014050942,-4.78492,1.28641,0.00284983,0.00746604,0.284506,1.91192,0.0,0.149826,0.30036
2014251757,-4.78391,1.28663,0.0028477,0.00749203,0.0761328,1.91178,0.0,0.161309,0.300362
2014452542,-4.77695,1.28697,0.0028447,0.0075155,0.951898,1.91183,0.0,0.139317,0.300368
2014653342,-4.76412,1.28722,0.00284169,0.00754089,1.19459,1.91163,0.0,0.171685,0.300372
2014858942,-4.74794,1.28774,0.00283138,0.00756658,0.723744,1.91094,0.0,0.241823,0.300412
2015063742,-4.75521,1.29016,0.00282877,0.00758948,-1.44499,1.91181,0.0,0.306618,0.300466
2015261342,-4.77381,1.29255,0.00282951,0.00761242,-2.1418,1.91135,0.0,0.289696,0.300466
2015470142,-4.79654,1.29595,0.00282173,0.00763713,-1.94683,1.91073,0.0,0.270949,0.300483
2015670967,-4.80745,1.29927,0.00281631,0.00765793,-0.320672,1.90841,0.0,0.332244,0.300587
2015875742,-4.80987,1.30068,0.00281509,0.00768213,-0.479515,1.9096,0.0,0.336889,0.300596
2016077491,-4.80553,1.30219,0.00281268,0.00770693,2.03056,1.91147,0.0,0.352539,0.30051
2016278142,-4.77024,1.31486,0.00281597,0.00772787,2.82862,1.91307,0.0,0.487141,0.300518
2016478942,-4.74673,1.32392,0.00280817,0.00774966,2.01136,1.91377,0.0,0.367105,0.3004
2016684542,-4.72566,1.33113,0.00280468,0.00777113,1.46622,1.91287,0.0,0.271332,0.300334
2016885491,-4.71375,1.33706,0.00280089,0.00778794,1.06434,1.91256,0.0,0.46931,0.300448
2017082162,-4.69839,1.34722,0.00279455,0.00780104,1.64122,1.91236,0.0,0.869221,0.300984
2017283893,-4.68707,1.35791,0.00278637,0.00780985,0.718657,1.91246,0.0,1.16112,0.301944
2017492542,-4.6799,1.36575,0.00277591,0.00782109,0.761817,1.91121,0.0,1.11685,0.301951
2017693342,-4.6627,1.37524,0.00276727,0.0078314,2.30665,1.91145,0.0,0.715128,0.301005
2017898942,-4.62927,1.38064,0.00275978,0.00784945,3.34515,1.91108,0.0,0.61244,0.300857
2018099742,-4.5936,1.38389,0.00275138,0.00786656,3.54963,1.91203,0.0,0.619492,0.30085
2018299775,-4.55452,1.38215,0.00274378,0.0078819,3.54767,1.91285,0.0,0.474953,0.300616
2018502142,-4.51737,1.36534,0.00273473,0.00789407,2.27919,1.91424,0.0,0.364565,0.300491
2018702310,-4.50162,1.35219,0.00273003,0.00789704,1.61681,1.91434,0.0,0.208759,0.300465
2018907742,-4.485,1.33821,0.00272589,0.00789889,1.87815,1.91374,0.0,0.138107,0.300394
2019108542,-4.46343,1.32,0.00271845,0.00789966,2.63862,1.91342,0.0,0.193389,0.300427
2019313349,-4.43546,1.29575,0.00270925,0.00789752,2.67052,1.91357,0.0,0.247897,0.30048
2019514945,-4.41247,1.27893,0.00270071,0.0078969,1.61143,1.91251,0.0,0.291602,0.30051
2019715742,-4.40682,1.27612,0.00269259,0.0079033,-0.296699,1.91205,0.0,0.349364,0.300575
2019916542,-4.41483,1.28212,0.00268475,0.00790984,-0.974438,1.91252,0.0,0.376023,0.300595
2020114142,-4.41975,1.28683,0.00267764,0.00791151,0.261013,1.91236,0.0,0.122262,0.300491
2020314942,-4.40358,1.27493,0.00267039,0.00791444,2.55799,1.91222,0.0,0.0582245,0.300505
2020515742,-4.38151,1.2616,0.00266333,0.00792138,2.06406,1.91175,0.0,0.0408266,0.300509
2020724546,-4.36732,1.25548,0.00265463,0.00793033,0.3827,1.91241,0.0,0.130313,0.30049
2020925342,-4.365,1.25583,0.00264675,0.00794401,0.166844,1.91301,0.0,0.311876,0.300586
2021126942,-4.36758,1.25719,0.00263878,0.00795756,-0.288505,1.91179,0.0,0.333079,0.300637
2021327742,-4.36857,1.25799,0.00262885,0.00797177,-0.327169,1.91235,0.0,0.277609,0.300606
2021533342,-4.36752,1.25947,0.00262157,0.00798521,0.679811,1.91285,0.0,0.285081,0.300583
2021733342,-4.35372,1.26003,0.00261331,0.00799951,1.74409,1.91296,0.0,0.281663,0.300612
2021938942,-4.33289,1.25969,0.00260572,0.00801436,2.48106,1.91181,0.0,0.245705,0.300596
2022140542,-4.29779,1.258,0.0025965,0.00802758,3.90823,1.91105,0.0,0.0975174,0.300539
2022341342,-4.26106,1.25601,0.00259058,0.00804363,3.67281,1.91084,0.0,0.0266466,0.300531
2022542162,-4.23224,1.25568,0.00258548,0.00806042,2.42767,1.91091,0.0,0.00457134,0.300505
2022743905,-4.21059,1.25625,0.00258123,0.00807641,2.82166,1.91096,0.0,0.0243102,0.300462
2022943742,-4.19929,1.25667,0.00259138,0.00809525,4.66958,1.91036,0.0,0.0326804,0.300464
2023141342,-4.1788,1.25652,0.00259498,0.00811469,2.11754,1.91153,0.0,0.0299521,0.300452
2023342142,-4.16713,1.25644,0.00259205,0.00813293,0.766382,1.91161,0.0,0.0388196,0.300443
2023542942,-4.15557,1.25728,0.00258778,0.00815409,1.20101,1.91216,0.0,0.05671,0.300438
2023751766,-4.14181,1.2582,0.0025869,0.00817639,1.41806,1.91239,0.0,0.0762584,0.300455
2023953509,-4.1253,1.25896,0.00258506,0.00819608,2.15119,1.91233,0.0,0.10762,0.300479
2024158143,-4.09866,1.258,0.0025826,0.00821869,2.61565,1.91225,0.0,0.12638,0.300507
2024355742,-4.07044,1.25597,0.00258091,0.00823942,2.66246,1.91156,0.0,0.1496,0.300548
2024556542,-4.05646,1.25501,0.00258033,0.00826045,0.665398,1.9108,0.0,0.166693,0.300579
2024757342,-4.05071,1.25418,0.00258164,0.00828013,0.850677,1.91064,0.0,0.0525558,0.300556
2024958145,-4.03234,1.24769,0.00258434,0.00830121,2.73858,1.91053,0.0,0.045194,0.300583
2025163775,-4.00624,1.2367,0.00258714,0.00832286,2.20187,1.91069,0.0,0.0575027,0.30057
2025364575,-3.99334,1.23035,0.0025928,0.0083409,1.10512,1.9109,0.0,0.0478026,0.300549
2025565342,-3.98271,1.2251,0.00259605,0.00836138,1.05029,1.91052,0.0,0.048662,0.300548
2025767088,-3.97454,1.2224,0.00260081,0.00838529,0.718476,1.91103,0.0,0.0627086,0.300543
2025967742,-3.96535,1.22086,0.0026053,0.00840928,1.11033,1.91111,0.0,0.0763011,0.300548
2026164542,-3.95217,1.21928,0.00260907,0.00843516,1.69663,1.91105,0.0,0.0928744,0.300562
2026373342,-3.93211,1.21714,0.00261296,0.00846129,2.27769,1.91089,0.0,0.0961046,0.300596
2026574942,-3.90546,1.21732,0.00261341,0.00848487,2.42419,1.91127,0.0,0.105375,0.300589
2026775771,-3.88507,1.219,0.00261611,0.0085106,1.71786,1.91079,0.0,0.0528811,0.300577
2026976542,-3.864,1.22111,0.0026183,0.00853584,2.63007,1.91014,0.0,-0.00474579,0.300594
2027177342,-3.83534,1.22462,0.00262057,0.00855916,3.33446,1.90998,0.0,-0.0320703,0.300586
2027382942,-3.79742,1.22895,0.00262273,0.00858448,3.68037,1.91043,0.0,-0.0524617,0.300583
2027583749,-3.76659,1.2327,0.00262216,0.00860944,2.20241,1.91033,0.0,-0.0588304,0.30058
2027781342,-3.74367,1.23578,0.00262411,0.00863463,3.02493,1.90965,0.0,-0.060856,0.300586
2027990149,-3.73604,1.23648,0.00264268,0.00865819,6.01815,1.90923,0.0,-0.0578784,0.300566
2028190942,-3.73578,1.2364,0.00266634,0.00868371,4.95531,1.91059,0.0,-0.0492863,0.300538
2028395745,-3.70987,1.241,0.00267217,0.00870943,2.44716,1.90943,0.0,-0.149057,0.300548
2028597342,-3.68967,1.24441,0.00267098,0.00873127,1.57793,1.90893,0.0,-0.0647282,0.300527
2028797342,-3.6733,1.24512,0.00267156,0.00875713,1.65049,1.90898,0.0,-0.0721453,0.300531
2028994942,-3.65577,1.24411,0.00267142,0.00878203,1.54702,1.90874,0.0,-0.0985739,0.300529
2029203742,-3.6412,1.24081,0.00267173,0.00880679,1.00114,1.9096,0.0,-0.185879,0.300579
2029405344,-3.63365,1.23922,0.00267327,0.00883229,0.652514,1.90892,0.0,-0.174801,0.300595
2029610142,-3.61977,1.23815,0.00267318,0.00885937,1.17905,1.90911,0.0,-0.0804047,0.300586
2029811742,-3.6111,1.2369,0.00267358,0.00888187,0.731751,1.90976,0.0,-0.0705799,0.300607
2030011742,-3.60255,1.23512,0.00267506,0.00890659,1.18557,1.90919,0.0,-0.0765634,0.300647
2030217342,-3.57878,1.23005,0.00267742,0.0089317,3.24492,1.90823,0.0,0.000435465,0.300669
2030418942,-3.54566,1.22262,0.00267896,0.00895293,2.92834,1.90835,0.0,0.0984664,0.300685
2030619746,-3.52181,1.21336,0.00267976,0.00897533,1.81505,1.90936,0.0,-0.00661756,0.300639
2030819742,-3.49923,1.20271,0.00268298,0.00899677,2.37447,1.90945,0.0,-0.0976419,0.30064
2031021342,-3.47809,1.19291,0.00268593,0.0090165,1.91005,1.90925,0.0,-0.146877,0.300648
2031226142,-3.45329,1.18437,0.00268991,0.00904126,2.61133,1.90918,0.0,-0.165903,0.300654
2031427742,-3.42903,1.17722,0.00269118,0.00906425,2.32743,1.90875,0.0,-0.170955,0.300668
2031628542,-3.40352,1.17224,0.0026926,0.00908653,2.62931,1.90845,0.0,-0.11512,0.300682
2031829471,-3.36755,1.16919,0.00269111,0.00911138,3.56218,1.90843,0.0,-0.0959092,0.300681
2032030947,-3.33764,1.16767,0.00269723,0.00913677,4.21681,1.90752,0.0,-0.0951099,0.30068
2032231742,-3.33758,1.16737,0.00272098,0.0091623,4.19912,1.908,0.0,-0.108981,0.300679
2032432545,-3.29716,1.16602,0.00272215,0.00918624,3.78139,1.90785,0.0,-0.13376,0.300662
2032641471,-3.25716,1.16624,0.00272238,0.00921412,2.86534,1.90803,0.0,-0.133581,0.300653
2032838969,-3.2325,1.16823,0.00272445,0.0092415,2.089,1.90811,0.0,-0.0834371,0.300625
2033043743,-3.21031,1.17111,0.00272653,0.00926679,2.12895,1.90804,0.0,-0.0277206,0.300623
2033244713,-3.19483,1.17213,0.00272792,0.0092936,0.894659,1.90896,0.0,-0.0977344,0.300618
2033446142,-3.1861,1.17129,0.0027306,0.00932162,0.931405,1.90897,0.0,-0.135712,0.300639
2033647112,-3.17501,1.16991,0.00273245,0.00934657,1.27991,1.90892,0.0,-0.187013,0.300708
2033843742,-3.158,1.16903,0.00273127,0.00937311,1.62767,1.90886,0.0,-0.246932,0.300779
2034052542,-3.14037,1.16916,0.00273246,0.00939947,1.90484,1.90834,0.0,-0.275488,0.300834
2034253499,-3.11179,1.16956,0.0027338,0.00942311,3.25595,1.90803,0.0,-0.235616,0.300849
2034454942,-3.07698,1.17032,0.00273508,0.00944951,3.06187,1.90786,0.0,-0.156275,0.300811
2034651747,-3.04938,1.16963,0.00273654,0.00947606,2.58769,1.90796,0.0,-0.0962971,0.300791
2034860542,-3.01717,1.16813,0.00273089,0.00949999,3.00916,1.90905,0.0,-0.0731448,0.300796
2035061366,-2.98604,1.16704,0.00273187,0.00952596,2.95321,1.9089,0.0,-0.0918963,0.300802
2035262942,-2.94937,1.16776,0.00273248,0.00955157,3.65835,1.90894,0.0,-0.119063,0.300818
2035463745,-2.91724,1.17028,0.00273245,0.0095735,2.54087,1.9087,0.0,-0.150208,0.300867
2035664542,-2.89784,1.17411,0.00273129,0.00959644,1.60386,1.90856,0.0,-0.11011,0.300861
2035866295,-2.88253,1.1786,0.00273,0.00961824,1.55087,1.90815,0.0,-0.0464718,0.300862
2036075742,-2.85798,1.18705,0.00272858,0.00964149,2.83148,1.9079,0.0,0.00360705,0.300872
2036275889,-2.83749,1.1946,0.00273659,0.0096592,4.22544,1.90789,0.0,0.059179,0.300907
2036477342,-2.82005,1.20166,0.0027487,0.00968143,3.4068,1.90808,0.0,0.0474472,0.300883
2036678302,-2.78897,1.21353,0.00274738,0.00970223,2.30036,1.90812,0.0,-0.000363352,0.300877
2036883742,-2.77626,1.21816,0.00274428,0.00971963,0.367005,1.90737,0.0,-0.0808204,0.300915
2037084542,-2.77241,1.22018,0.00274177,0.00973481,0.645302,1.90741,0.0,-0.0494141,0.300927
2037285342,-2.75494,1.23119,0.00274032,0.00974844,2.6492,1.90788,0.0,-0.0261287,0.300936
2037486942,-2.72583,1.25448,0.00273917,0.00975214,2.36495,1.90863,0.0,-0.0537367,0.300938
2037695798,-2.69919,1.28033,0.00273694,0.00975059,2.30202,1.90894,0.0,-0.0726284,0.300932
2037896542,-2.67465,1.30647,0.00273659,0.0097463,2.76871,1.90842,0.0,-0.0343263,0.300909
2038097342,-2.65594,1.32674,0.00274669,0.00975013,3.90317,1.90935,0.0,0.0576669,0.300902
2038294942,-2.65604,1.32698,0.00277028,0.00977195,3.90317,1.90935,0.0,0.0854782,0.300914
2038503743,-2.6559,1.32758,0.00279536,0.00979501,3.90317,1.90935,0.0,0.122119,0.300873
2038700545,-2.65611,1.32805,0.00282097,0.00981565,3.90317,1.90935,0.0,0.0913875,0.300776
2038905504,-2.64591,1.33849,0.00284,0.00983263,3.69537,1.90853,0.0,0.0875806,0.300764
2039102942,-2.61669,1.36916,0.00284639,0.0098351,4.85195,1.90873,0.0,0.0475175,0.300728
2039311751,-2.61134,1.37576,0.00286974,0.00985225,4.13891,1.90827,0.0,0.00970361,0.300661
2039512542,-2.56988,1.42442,0.00286619,0.00983508,3.34839,1.90866,0.0,0.0109624,0.30069
2039713487,-2.53558,1.46767,0.00286353,0.00981361,2.54004,1.90835,0.0,0.0772614,0.300695
2039914942,-2.50723,1.50016,0.00286076,0.00979948,2.57512,1.90896,0.0,0.0321134,0.300677
2040119742,-2.47434,1.53211,0.00285546,0.00979077,2.58021,1.90829,0.0,0.0031095,0.300737
2040320542,-2.44149,1.56036,0.00285424,0.00979302,4.24763,1.90722,0.0,0.00826951,0.300802
2040521372,-2.44133,1.56045,0.00287872,0.00981468,4.50904,1.90812,0.0,-0.0138209,0.300814
2040722942,-2.44113,1.55994,0.00290365,0.00983407,4.80983,1.90751,0.0,-0.133022,0.30081
2040924542,-2.44082,1.55974,0.00292917,0.00985687,4.80983,1.90751,0.0,-0.160266,0.300828
2041124542,-2.44064,1.5594,0.00295487,0.00987988,4.80983,1.90751,0.0,-0.164344,0.300836
2041330142,-2.42903,1.56653,0.00297327,0.00989717,3.84625,1.90897,0.0,-0.0790672,0.300846
2041530942,-2.39628,1.58799,0.0029749,0.0099093,4.48054,1.90805,0.0,-0.0317842,0.300874
2041731742,-2.39621,1.58821,0.00300106,0.00993269,4.60523,1.90827,0.0,0.0471207,0.300908
2041940542,-2.39617,1.58909,0.00302837,0.00995391,4.60523,1.90827,0.0,0.144537,0.300922
2042142142,-2.39616,1.58974,0.00305555,0.00997817,4.60523,1.90827,0.0,0.188391,0.300911
2042343742,-2.39615,1.59049,0.00308319,0.0100028,4.99964,1.90956,0.0,0.226839,0.300925
2042543742,-2.37198,1.60142,0.00309233,0.0100218,3.63776,1.91082,0.0,0.150993,0.300811
2042749345,-2.32649,1.61127,0.00307938,0.0100431,3.59683,1.91226,0.0,-0.12496,0.301029
2042950318,-2.32074,1.61088,0.00310229,0.0100657,3.77862,1.9122,0.0,-0.334176,0.30134
2043155915,-2.32088,1.61106,0.00312992,0.0100932,3.77862,1.9122,0.0,-0.334176,0.30134
2043355742,-2.321,1.61114,0.00315702,0.0101196,3.77862,1.9122,0.0,-0.334176,0.30134
2043557342,-2.32109,1.6108,0.00318398,0.0101451,3.77862,1.9122,0.0,-0.334176,0.30134
2043762314,-2.32117,1.61059,0.00321117,0.0101701,3.77862,1.9122,0.0,-0.334176,0.30134
2043963744,-2.32125,1.61051,0.00323766,0.0101939,3.77862,1.9122,0.0,-0.334176,0.30134
2044164565,-2.32129,1.61034,0.003264,0.0102176,3.77862,1.9122,0.0,-0.334176,0.30134
2044365500,-2.3213,1.6102,0.0032901,0.0102416,3.77862,1.9122,0.0,-0.334176,0.30134
2044567098,-2.3213,1.61001,0.00331598,0.0102659,3.77862,1.9122,0.0,-0.334176,0.30134
2044763743,-2.3213,1.60989,0.00334186,0.0102905,3.77862,1.9122,0.0,-0.334176,0.30134
2044972542,-2.32128,1.60986,0.00336743,0.0103151,3.77862,1.9122,0.0,-0.334176,0.30134
2045174145,-2.32127,1.60975,0.00339282,0.0103397,3.77862,1.9122,0.0,-0.334176,0.30134
2045374942,-2.32126,1.60981,0.00341777,0.0103639,3.77862,1.9122,0.0,-0.334176,0.30134
2045571747,-2.32121,1.61198,0.0034425,0.0103869,3.77862,1.9122,0.0,-0.334176,0.30134
2045780542,-2.3212,1.6121,0.00346711,0.0104101,3.77862,1.9122,0.0,-0.334176,0.30134
2045981370,-2.3212,1.61183,0.00349138,0.0104331,3.77862,1.9122,0.0,-0.334176,0.30134
2046182942,-2.32118,1.61182,0.00351543,0.0104562,3.77862,1.9122,0.0,-0.334176,0.30134
2046379769,-2.32119,1.61195,0.00353948,0.0104791,3.77862,1.9122,0.0,-0.334176,0.30134
2046589342,-2.3212,1.61194,0.00356325,0.010502,3.77862,1.9122,0.0,-0.334176,0.30134
2046786306,-2.32119,1.61223,0.00358687,0.0105248,3.77862,1.9122,0.0,-0.334176,0.30134
2046994942,-2.32118,1.6123,0.00361024,0.0105474,3.77862,1.9122,0.0,-0.334176,0.30134
2047195742,-2.32118,1.61269,0.00363346,0.0105699,3.77862,1.9122,0.0,-0.334176,0.30134
2047396545,-2.32118,1.61273,0.00365612,0.0105918,3.77862,1.9122,0.0,-0.334176,0.30134
2047598312,-2.32117,1.61275,0.00367897,0.010614,3.77862,1.9122,0.0,-0.334176,0.30134
2047803742,-2.32118,1.61289,0.00370238,0.0106367,3.77862,1.9122,0.0,-0.334176,0.30134
2048004542,-2.32117,1.61319,0.00372407,0.0106578,3.77862,1.9122,0.0,-0.334176,0.30134
2048205342,-2.32117,1.6131,0.00374619,0.0106793,3.77862,1.9122,0.0,-0.334176,0.30134
2048406942,-2.32117,1.61322,0.00376814,0.0107007,3.77862,1.9122,0.0,-0.334176,0.30134
2048611742,-2.32117,1.6134,0.00379098,0.0107229,3.77862,1.9122,0.0,-0.334176,0.30134
2048812542,-2.32117,1.61338,0.00381187,0.0107433,3.77862,1.9122,0.0,-0.334176,0.30134
2049013342,-2.32117,1.6136,0.00383336,0.0107643,3.77862,1.9122,0.0,-0.334176,0.30134
2049214942,-2.32118,1.61362,0.00385469,0.0107851,3.77862,1.9122,0.0,-0.334176,0.30134
2049415742,-2.32118,1.61368,0.00387608,0.010806,3.77862,1.9122,0.0,-0.334176,0.30134
2049615742,-2.32118,1.61388,0.00389716,0.0108267,3.77862,1.9122,0.0,-0.334176,0.30134
2049821342,-2.32118,1.6138,0.00391894,0.010848,3.77862,1.9122,0.0,-0.334176,0.30134
2050027078,-2.32118,1.61378,0.00393989,0.0108685,3.77862,1.9122,0.0,-0.334176,0.30134
2050227771,-2.32118,1.61381,0.00396007,0.0108882,3.77862,1.9122,0.0,-0.334176,0.30134
2050428542,-2.32118,1.61385,0.00398066,0.0109085,3.77862,1.9122,0.0,-0.334176,0.30134
2050629342,-2.32118,1.61416,0.00400115,0.0109286,3.77862,1.9122,0.0,-0.334176,0.30134
2050830969,-2.32118,1.61411,0.00402154,0.0109486,3.77862,1.9122,0.0,-0.334176,0.30134
2051027759,-2.32118,1.61403,0.00404199,0.0109688,3.77862,1.9122,0.0,-0.334176,0.30134
2051236692,-2.32118,1.61392,0.00406231,0.0109888,3.77862,1.9122,0.0,-0.334176,0.30134
2051437342,-2.32118,1.61395,0.00408241,0.0110086,3.77862,1.9122,0.0,-0.334176,0.30134
2051634942,-2.32118,1.61392,0.00410243,0.0110284,3.77862,1.9122,0.0,-0.334176,0.30134
2051843747,-2.32118,1.61419,0.00412263,0.0110483,3.77862,1.9122,0.0,-0.334176,0.30134
2052044658,-2.32117,1.61417,0.00414247,0.0110679,3.77862,1.9122,0.0,-0.334176,0.30134
2052246311,-2.32118,1.61407,0.00416224,0.0110874,3.77862,1.9122,0.0,-0.334176,0.30134
2052446942,-2.32118,1.61406,0.00418209,0.0111071,3.77862,1.9122,0.0,-0.334176,0.30134
