timestamp,previous.timestamp,previous.lat,previous.lon,previous.x,previous.y,previous.z,previous.vx,previous.vy,previous.vz,previous.alt,previous.yaw,previous.yawspeed,previous.loiter_radius,previous.pitch_min,previous.a_x,previous.a_y,previous.a_z,previous.acceptance_radius,previous.cruising_speed,previous.cruising_throttle,previous.valid,previous.type,previous.position_valid,previous.velocity_valid,previous.velocity_frame,previous.alt_valid,previous.yaw_valid,previous.yawspeed_valid,previous.landing_gear,previous.loiter_direction,previous.acceleration_valid,previous.acceleration_is_force,previous.allow_weather_vane,previous._padding0[0],previous._padding0[1],previous._padding0[2],previous._padding0[3],previous._padding0[4],previous._padding0[5],previous._padding0[6],current.timestamp,current.lat,current.lon,current.x,current.y,current.z,current.vx,current.vy,current.vz,current.alt,current.yaw,current.yawspeed,current.loiter_radius,current.pitch_min,current.a_x,current.a_y,current.a_z,current.acceptance_radius,current.cruising_speed,current.cruising_throttle,current.valid,current.type,current.position_valid,current.velocity_valid,current.velocity_frame,current.alt_valid,current.yaw_valid,current.yawspeed_valid,current.landing_gear,current.loiter_direction,current.acceleration_valid,current.acceleration_is_force,current.allow_weather_vane,current._padding0[0],current._padding0[1],current._padding0[2],current._padding0[3],current._padding0[4],current._padding0[5],current._padding0[6],next.timestamp,next.lat,next.lon,next.x,next.y,next.z,next.vx,next.vy,next.vz,next.alt,next.yaw,next.yawspeed,next.loiter_radius,next.pitch_min,next.a_x,next.a_y,next.a_z,next.acceptance_radius,next.cruising_speed,next.cruising_throttle,next.valid,next.type,next.position_valid,next.velocity_valid,next.velocity_frame,next.alt_valid,next.yaw_valid,next.yawspeed_valid,next.landing_gear,next.loiter_direction,next.acceleration_valid,next.acceleration_is_force,next.allow_weather_vane,next._padding0[0],next._padding0[1],next._padding0[2],next._padding0[3],next._padding0[4],next._padding0[5],next._padding0[6]
911357834,0,0.0,0.0,0.0,0.0,0.0,0.0,0.0,0.0,0.0,0.0,0.0,0.0,0.0,0.0,0.0,0.0,0.0,0.0,0.0,0,0,0,0,0,0,0,0,0,0,0,0,0,0,0,0,0,0,0,0,0,40.4357907381,-86.8922576049,0.0,0.0,0.0,0.0,0.0,0.0,175.884,nan,0.0,75.0,0.0,0.0,0.0,0.0,124.451,-1.0,-1.0,0,5,0,0,0,0,0,0,0,1,0,0,0,0,0,0,0,0,0,0,0,0.0,0.0,0.0,0.0,0.0,0.0,0.0,0.0,0.0,0.0,0.0,0.0,0.0,0.0,0.0,0.0,0.0,0.0,0.0,0,0,0,0,0,0,0,0,0,0,0,0,0,0,0,0,0,0,0,0
1957268284,0,40.4357907381,-86.8922576049,0.0,0.0,0.0,0.0,0.0,0.0,175.884,nan,0.0,75.0,0.0,0.0,0.0,0.0,124.451,-1.0,-1.0,0,5,0,0,0,0,0,0,0,1,0,0,0,0,0,0,0,0,0,0,0,40.4364814758,-86.8931350708,0.0,0.0,0.0,0.0,0.0,0.0,185.537,nan,0.0,75.0,0.0,0.0,0.0,0.0,10.0,-1.0,-1.0,1,0,0,0,0,0,0,0,0,-1,0,0,1,0,0,0,0,0,0,0,0,40.4374580383,-86.8930892944,0.0,0.0,0.0,0.0,0.0,0.0,195.537,nan,0.0,75.0,0.0,0.0,0.0,0.0,10.0,-1.0,-1.0,1,0,0,0,0,0,0,0,0,-1,0,0,0,0,0,0,0,0,0,0
1958828152,0,40.4364814758,-86.8931350708,0.0,0.0,0.0,0.0,0.0,0.0,185.537,nan,0.0,75.0,0.0,0.0,0.0,0.0,10.0,-1.0,-1.0,1,0,0,0,0,0,0,0,0,-1,0,0,1,0,0,0,0,0,0,0,0,40.4374580383,-86.8930892944,0.0,0.0,0.0,0.0,0.0,0.0,195.537,nan,0.0,75.0,0.0,0.0,0.0,0.0,10.0,-1.0,-1.0,1,0,0,0,0,0,0,0,0,-1,0,0,1,0,0,0,0,0,0,0,0,40.4379768372,-86.8921661377,0.0,0.0,0.0,0.0,0.0,0.0,195.537,nan,0.0,75.0,0.0,0.0,0.0,0.0,10.0,-1.0,-1.0,1,0,0,0,0,0,0,0,0,-1,0,0,0,0,0,0,0,0,0,0
1958990056,0,40.4364814758,-86.8931350708,0.0,0.0,0.0,0.0,0.0,0.0,185.537,nan,0.0,75.0,0.0,0.0,0.0,0.0,10.0,-1.0,-1.0,1,0,0,0,0,0,0,0,0,-1,0,0,1,0,0,0,0,0,0,0,0,40.4374580383,-86.8930892944,0.0,0.0,0.0,0.0,0.0,0.0,185.537,nan,0.0,75.0,0.0,0.0,0.0,0.0,10.0,-1.0,-1.0,1,0,0,0,0,0,0,0,0,-1,0,0,1,0,0,0,0,0,0,0,0,40.4379768372,-86.8921661377,0.0,0.0,0.0,0.0,0.0,0.0,195.537,nan,0.0,75.0,0.0,0.0,0.0,0.0,10.0,-1.0,-1.0,1,0,0,0,0,0,0,0,0,-1,0,0,0,0,0,0,0,0,0,0
1959207335,0,40.4364814758,-86.8931350708,0.0,0.0,0.0,0.0,0.0,0.0,185.537,nan,0.0,75.0,0.0,0.0,0.0,0.0,10.0,-1.0,-1.0,1,0,0,0,0,0,0,0,0,-1,0,0,1,0,0,0,0,0,0,0,0,40.4374580383,-86.8930892944,0.0,0.0,0.0,0.0,0.0,0.0,185.537,nan,0.0,75.0,0.0,0.0,0.0,0.0,10.0,-1.0,-1.0,1,0,0,0,0,0,0,0,0,-1,0,0,1,0,0,0,0,0,0,0,0,40.4379768372,-86.8921661377,0.0,0.0,0.0,0.0,0.0,0.0,195.537,nan,0.0,75.0,0.0,0.0,0.0,0.0,10.0,-1.0,-1.0,1,0,0,0,0,0,0,0,0,-1,0,0,0,0,0,0,0,0,0,0
1959431698,0,40.4364814758,-86.8931350708,0.0,0.0,0.0,0.0,0.0,0.0,185.537,nan,0.0,75.0,0.0,0.0,0.0,0.0,10.0,-1.0,-1.0,1,0,0,0,0,0,0,0,0,-1,0,0,1,0,0,0,0,0,0,0,0,40.4374580383,-86.8930892944,0.0,0.0,0.0,0.0,0.0,0.0,185.537,nan,0.0,75.0,0.0,0.0,0.0,0.0,10.0,-1.0,-1.0,1,0,0,0,0,0,0,0,0,-1,0,0,1,0,0,0,0,0,0,0,0,40.4379768372,-86.8921661377,0.0,0.0,0.0,0.0,0.0,0.0,195.537,nan,0.0,75.0,0.0,0.0,0.0,0.0,10.0,-1.0,-1.0,1,0,0,0,0,0,0,0,0,-1,0,0,0,0,0,0,0,0,0,0
1959601623,0,40.4364814758,-86.8931350708,0.0,0.0,0.0,0.0,0.0,0.0,185.537,nan,0.0,75.0,0.0,0.0,0.0,0.0,10.0,-1.0,-1.0,1,0,0,0,0,0,0,0,0,-1,0,0,1,0,0,0,0,0,0,0,0,40.4374580383,-86.8930892944,0.0,0.0,0.0,0.0,0.0,0.0,185.537,nan,0.0,75.0,0.0,0.0,0.0,0.0,10.0,-1.0,-1.0,1,0,0,0,0,0,0,0,0,-1,0,0,1,0,0,0,0,0,0,0,0,40.4379768372,-86.8921661377,0.0,0.0,0.0,0.0,0.0,0.0,195.537,nan,0.0,75.0,0.0,0.0,0.0,0.0,10.0,-1.0,-1.0,1,0,0,0,0,0,0,0,0,-1,0,0,0,0,0,0,0,0,0,0
1959826011,0,40.4364814758,-86.8931350708,0.0,0.0,0.0,0.0,0.0,0.0,185.537,nan,0.0,75.0,0.0,0.0,0.0,0.0,10.0,-1.0,-1.0,1,0,0,0,0,0,0,0,0,-1,0,0,1,0,0,0,0,0,0,0,0,40.4374580383,-86.8930892944,0.0,0.0,0.0,0.0,0.0,0.0,185.537,nan,0.0,75.0,0.0,0.0,0.0,0.0,10.0,-1.0,-1.0,1,0,0,0,0,0,0,0,0,-1,0,0,1,0,0,0,0,0,0,0,0,40.4379768372,-86.8921661377,0.0,0.0,0.0,0.0,0.0,0.0,195.537,nan,0.0,75.0,0.0,0.0,0.0,0.0,10.0,-1.0,-1.0,1,0,0,0,0,0,0,0,0,-1,0,0,0,0,0,0,0,0,0,0
1959991241,0,40.4364814758,-86.8931350708,0.0,0.0,0.0,0.0,0.0,0.0,185.537,nan,0.0,75.0,0.0,0.0,0.0,0.0,10.0,-1.0,-1.0,1,0,0,0,0,0,0,0,0,-1,0,0,1,0,0,0,0,0,0,0,0,40.4374580383,-86.8930892944,0.0,0.0,0.0,0.0,0.0,0.0,185.537,nan,0.0,75.0,0.0,0.0,0.0,0.0,10.0,-1.0,-1.0,1,0,0,0,0,0,0,0,0,-1,0,0,1,0,0,0,0,0,0,0,0,40.4379768372,-86.8921661377,0.0,0.0,0.0,0.0,0.0,0.0,195.537,nan,0.0,75.0,0.0,0.0,0.0,0.0,10.0,-1.0,-1.0,1,0,0,0,0,0,0,0,0,-1,0,0,0,0,0,0,0,0,0,0
1960216139,0,40.4364814758,-86.8931350708,0.0,0.0,0.0,0.0,0.0,0.0,185.537,nan,0.0,75.0,0.0,0.0,0.0,0.0,10.0,-1.0,-1.0,1,0,0,0,0,0,0,0,0,-1,0,0,1,0,0,0,0,0,0,0,0,40.4374580383,-86.8930892944,0.0,0.0,0.0,0.0,0.0,0.0,185.537,nan,0.0,75.0,0.0,0.0,0.0,0.0,10.0,-1.0,-1.0,1,0,0,0,0,0,0,0,0,-1,0,0,1,0,0,0,0,0,0,0,0,40.4379768372,-86.8921661377,0.0,0.0,0.0,0.0,0.0,0.0,195.537,nan,0.0,75.0,0.0,0.0,0.0,0.0,10.0,-1.0,-1.0,1,0,0,0,0,0,0,0,0,-1,0,0,0,0,0,0,0,0,0,0
1960437180,0,40.4364814758,-86.8931350708,0.0,0.0,0.0,0.0,0.0,0.0,185.537,nan,0.0,75.0,0.0,0.0,0.0,0.0,10.0,-1.0,-1.0,1,0,0,0,0,0,0,0,0,-1,0,0,1,0,0,0,0,0,0,0,0,40.4374580383,-86.8930892944,0.0,0.0,0.0,0.0,0.0,0.0,185.537,nan,0.0,75.0,0.0,0.0,0.0,0.0,10.0,-1.0,-1.0,1,0,0,0,0,0,0,0,0,-1,0,0,1,0,0,0,0,0,0,0,0,40.4379768372,-86.8921661377,0.0,0.0,0.0,0.0,0.0,0.0,195.537,nan,0.0,75.0,0.0,0.0,0.0,0.0,10.0,-1.0,-1.0,1,0,0,0,0,0,0,0,0,-1,0,0,0,0,0,0,0,0,0,0
1960605991,0,40.4364814758,-86.8931350708,0.0,0.0,0.0,0.0,0.0,0.0,185.537,nan,0.0,75.0,0.0,0.0,0.0,0.0,10.0,-1.0,-1.0,1,0,0,0,0,0,0,0,0,-1,0,0,1,0,0,0,0,0,0,0,0,40.4374580383,-86.8930892944,0.0,0.0,0.0,0.0,0.0,0.0,185.537,nan,0.0,75.0,0.0,0.0,0.0,0.0,10.0,-1.0,-1.0,1,0,0,0,0,0,0,0,0,-1,0,0,1,0,0,0,0,0,0,0,0,40.4379768372,-86.8921661377,0.0,0.0,0.0,0.0,0.0,0.0,195.537,nan,0.0,75.0,0.0,0.0,0.0,0.0,10.0,-1.0,-1.0,1,0,0,0,0,0,0,0,0,-1,0,0,0,0,0,0,0,0,0,0
1960831370,0,40.4364814758,-86.8931350708,0.0,0.0,0.0,0.0,0.0,0.0,185.537,nan,0.0,75.0,0.0,0.0,0.0,0.0,10.0,-1.0,-1.0,1,0,0,0,0,0,0,0,0,-1,0,0,1,0,0,0,0,0,0,0,0,40.4374580383,-86.8930892944,0.0,0.0,0.0,0.0,0.0,0.0,185.537,nan,0.0,75.0,0.0,0.0,0.0,0.0,10.0,-1.0,-1.0,1,0,0,0,0,0,0,0,0,-1,0,0,1,0,0,0,0,0,0,0,0,40.4379768372,-86.8921661377,0.0,0.0,0.0,0.0,0.0,0.0,195.537,nan,0.0,75.0,0.0,0.0,0.0,0.0,10.0,-1.0,-1.0,1,0,0,0,0,0,0,0,0,-1,0,0,0,0,0,0,0,0,0,0
1961000994,0,40.4364814758,-86.8931350708,0.0,0.0,0.0,0.0,0.0,0.0,185.537,nan,0.0,75.0,0.0,0.0,0.0,0.0,10.0,-1.0,-1.0,1,0,0,0,0,0,0,0,0,-1,0,0,1,0,0,0,0,0,0,0,0,40.4374580383,-86.8930892944,0.0,0.0,0.0,0.0,0.0,0.0,185.537,nan,0.0,75.0,0.0,0.0,0.0,0.0,10.0,-1.0,-1.0,1,0,0,0,0,0,0,0,0,-1,0,0,1,0,0,0,0,0,0,0,0,40.4379768372,-86.8921661377,0.0,0.0,0.0,0.0,0.0,0.0,195.537,nan,0.0,75.0,0.0,0.0,0.0,0.0,10.0,-1.0,-1.0,1,0,0,0,0,0,0,0,0,-1,0,0,0,0,0,0,0,0,0,0
1961237976,0,40.4364814758,-86.8931350708,0.0,0.0,0.0,0.0,0.0,0.0,185.537,nan,0.0,75.0,0.0,0.0,0.0,0.0,10.0,-1.0,-1.0,1,0,0,0,0,0,0,0,0,-1,0,0,1,0,0,0,0,0,0,0,0,40.4374580383,-86.8930892944,0.0,0.0,0.0,0.0,0.0,0.0,185.537,nan,0.0,75.0,0.0,0.0,0.0,0.0,10.0,-1.0,-1.0,1,0,0,0,0,0,0,0,0,-1,0,0,1,0,0,0,0,0,0,0,0,40.4379768372,-86.8921661377,0.0,0.0,0.0,0.0,0.0,0.0,195.537,nan,0.0,75.0,0.0,0.0,0.0,0.0,10.0,-1.0,-1.0,1,0,0,0,0,0,0,0,0,-1,0,0,0,0,0,0,0,0,0,0
1961450903,0,40.4364814758,-86.8931350708,0.0,0.0,0.0,0.0,0.0,0.0,185.537,nan,0.0,75.0,0.0,0.0,0.0,0.0,10.0,-1.0,-1.0,1,0,0,0,0,0,0,0,0,-1,0,0,1,0,0,0,0,0,0,0,0,40.4374580383,-86.8930892944,0.0,0.0,0.0,0.0,0.0,0.0,185.537,nan,0.0,75.0,0.0,0.0,0.0,0.0,10.0,-1.0,-1.0,1,0,0,0,0,0,0,0,0,-1,0,0,1,0,0,0,0,0,0,0,0,40.4379768372,-86.8921661377,0.0,0.0,0.0,0.0,0.0,0.0,195.537,nan,0.0,75.0,0.0,0.0,0.0,0.0,10.0,-1.0,-1.0,1,0,0,0,0,0,0,0,0,-1,0,0,0,0,0,0,0,0,0,0
1961618801,0,40.4364814758,-86.8931350708,0.0,0.0,0.0,0.0,0.0,0.0,185.537,nan,0.0,75.0,0.0,0.0,0.0,0.0,10.0,-1.0,-1.0,1,0,0,0,0,0,0,0,0,-1,0,0,1,0,0,0,0,0,0,0,0,40.4374580383,-86.8930892944,0.0,0.0,0.0,0.0,0.0,0.0,185.537,nan,0.0,75.0,0.0,0.0,0.0,0.0,10.0,-1.0,-1.0,1,0,0,0,0,0,0,0,0,-1,0,0,1,0,0,0,0,0,0,0,0,40.4379768372,-86.8921661377,0.0,0.0,0.0,0.0,0.0,0.0,195.537,nan,0.0,75.0,0.0,0.0,0.0,0.0,10.0,-1.0,-1.0,1,0,0,0,0,0,0,0,0,-1,0,0,0,0,0,0,0,0,0,0
1961840314,0,40.4364814758,-86.8931350708,0.0,0.0,0.0,0.0,0.0,0.0,185.537,nan,0.0,75.0,0.0,0.0,0.0,0.0,10.0,-1.0,-1.0,1,0,0,0,0,0,0,0,0,-1,0,0,1,0,0,0,0,0,0,0,0,40.4374580383,-86.8930892944,0.0,0.0,0.0,0.0,0.0,0.0,185.537,nan,0.0,75.0,0.0,0.0,0.0,0.0,10.0,-1.0,-1.0,1,0,0,0,0,0,0,0,0,-1,0,0,1,0,0,0,0,0,0,0,0,40.4379768372,-86.8921661377,0.0,0.0,0.0,0.0,0.0,0.0,195.537,nan,0.0,75.0,0.0,0.0,0.0,0.0,10.0,-1.0,-1.0,1,0,0,0,0,0,0,0,0,-1,0,0,0,0,0,0,0,0,0,0
1962008894,0,40.4364814758,-86.8931350708,0.0,0.0,0.0,0.0,0.0,0.0,185.537,nan,0.0,75.0,0.0,0.0,0.0,0.0,10.0,-1.0,-1.0,1,0,0,0,0,0,0,0,0,-1,0,0,1,0,0,0,0,0,0,0,0,40.4374580383,-86.8930892944,0.0,0.0,0.0,0.0,0.0,0.0,185.537,nan,0.0,75.0,0.0,0.0,0.0,0.0,10.0,-1.0,-1.0,1,0,0,0,0,0,0,0,0,-1,0,0,1,0,0,0,0,0,0,0,0,40.4379768372,-86.8921661377,0.0,0.0,0.0,0.0,0.0,0.0,195.537,nan,0.0,75.0,0.0,0.0,0.0,0.0,10.0,-1.0,-1.0,1,0,0,0,0,0,0,0,0,-1,0,0,0,0,0,0,0,0,0,0
1962234900,0,40.4364814758,-86.8931350708,0.0,0.0,0.0,0.0,0.0,0.0,185.537,nan,0.0,75.0,0.0,0.0,0.0,0.0,10.0,-1.0,-1.0,1,0,0,0,0,0,0,0,0,-1,0,0,1,0,0,0,0,0,0,0,0,40.4374580383,-86.8930892944,0.0,0.0,0.0,0.0,0.0,0.0,185.537,nan,0.0,75.0,0.0,0.0,0.0,0.0,10.0,-1.0,-1.0,1,0,0,0,0,0,0,0,0,-1,0,0,1,0,0,0,0,0,0,0,0,40.4379768372,-86.8921661377,0.0,0.0,0.0,0.0,0.0,0.0,195.537,nan,0.0,75.0,0.0,0.0,0.0,0.0,10.0,-1.0,-1.0,1,0,0,0,0,0,0,0,0,-1,0,0,0,0,0,0,0,0,0,0
1962454857,0,40.4364814758,-86.8931350708,0.0,0.0,0.0,0.0,0.0,0.0,185.537,nan,0.0,75.0,0.0,0.0,0.0,0.0,10.0,-1.0,-1.0,1,0,0,0,0,0,0,0,0,-1,0,0,1,0,0,0,0,0,0,0,0,40.4374580383,-86.8930892944,0.0,0.0,0.0,0.0,0.0,0.0,185.537,nan,0.0,75.0,0.0,0.0,0.0,0.0,10.0,-1.0,-1.0,1,0,0,0,0,0,0,0,0,-1,0,0,1,0,0,0,0,0,0,0,0,40.4379768372,-86.8921661377,0.0,0.0,0.0,0.0,0.0,0.0,195.537,nan,0.0,75.0,0.0,0.0,0.0,0.0,10.0,-1.0,-1.0,1,0,0,0,0,0,0,0,0,-1,0,0,0,0,0,0,0,0,0,0
1962624170,0,40.4364814758,-86.8931350708,0.0,0.0,0.0,0.0,0.0,0.0,185.537,nan,0.0,75.0,0.0,0.0,0.0,0.0,10.0,-1.0,-1.0,1,0,0,0,0,0,0,0,0,-1,0,0,1,0,0,0,0,0,0,0,0,40.4374580383,-86.8930892944,0.0,0.0,0.0,0.0,0.0,0.0,185.655,nan,0.0,75.0,0.0,0.0,0.0,0.0,10.0,-1.0,-1.0,1,0,0,0,0,0,0,0,0,-1,0,0,1,0,0,0,0,0,0,0,0,40.4379768372,-86.8921661377,0.0,0.0,0.0,0.0,0.0,0.0,195.537,nan,0.0,75.0,0.0,0.0,0.0,0.0,10.0,-1.0,-1.0,1,0,0,0,0,0,0,0,0,-1,0,0,0,0,0,0,0,0,0,0
1962845236,0,40.4364814758,-86.8931350708,0.0,0.0,0.0,0.0,0.0,0.0,185.537,nan,0.0,75.0,0.0,0.0,0.0,0.0,10.0,-1.0,-1.0,1,0,0,0,0,0,0,0,0,-1,0,0,1,0,0,0,0,0,0,0,0,40.4374580383,-86.8930892944,0.0,0.0,0.0,0.0,0.0,0.0,186.039,nan,0.0,75.0,0.0,0.0,0.0,0.0,10.0,-1.0,-1.0,1,0,0,0,0,0,0,0,0,-1,0,0,1,0,0,0,0,0,0,0,0,40.4379768372,-86.8921661377,0.0,0.0,0.0,0.0,0.0,0.0,195.537,nan,0.0,75.0,0.0,0.0,0.0,0.0,10.0,-1.0,-1.0,1,0,0,0,0,0,0,0,0,-1,0,0,0,0,0,0,0,0,0,0
1963070810,0,40.4364814758,-86.8931350708,0.0,0.0,0.0,0.0,0.0,0.0,185.537,nan,0.0,75.0,0.0,0.0,0.0,0.0,10.0,-1.0,-1.0,1,0,0,0,0,0,0,0,0,-1,0,0,1,0,0,0,0,0,0,0,0,40.4374580383,-86.8930892944,0.0,0.0,0.0,0.0,0.0,0.0,186.423,nan,0.0,75.0,0.0,0.0,0.0,0.0,10.0,-1.0,-1.0,1,0,0,0,0,0,0,0,0,-1,0,0,1,0,0,0,0,0,0,0,0,40.4379768372,-86.8921661377,0.0,0.0,0.0,0.0,0.0,0.0,195.537,nan,0.0,75.0,0.0,0.0,0.0,0.0,10.0,-1.0,-1.0,1,0,0,0,0,0,0,0,0,-1,0,0,0,0,0,0,0,0,0,0
1963239401,0,40.4364814758,-86.8931350708,0.0,0.0,0.0,0.0,0.0,0.0,185.537,nan,0.0,75.0,0.0,0.0,0.0,0.0,10.0,-1.0,-1.0,1,0,0,0,0,0,0,0,0,-1,0,0,1,0,0,0,0,0,0,0,0,40.4374580383,-86.8930892944,0.0,0.0,0.0,0.0,0.0,0.0,186.708,nan,0.0,75.0,0.0,0.0,0.0,0.0,10.0,-1.0,-1.0,1,0,0,0,0,0,0,0,0,-1,0,0,1,0,0,0,0,0,0,0,0,40.4379768372,-86.8921661377,0.0,0.0,0.0,0.0,0.0,0.0,195.537,nan,0.0,75.0,0.0,0.0,0.0,0.0,10.0,-1.0,-1.0,1,0,0,0,0,0,0,0,0,-1,0,0,0,0,0,0,0,0,0,0
1963466758,0,40.4364814758,-86.8931350708,0.0,0.0,0.0,0.0,0.0,0.0,185.537,nan,0.0,75.0,0.0,0.0,0.0,0.0,10.0,-1.0,-1.0,1,0,0,0,0,0,0,0,0,-1,0,0,1,0,0,0,0,0,0,0,0,40.4374580383,-86.8930892944,0.0,0.0,0.0,0.0,0.0,0.0,187.082,nan,0.0,75.0,0.0,0.0,0.0,0.0,10.0,-1.0,-1.0,1,0,0,0,0,0,0,0,0,-1,0,0,1,0,0,0,0,0,0,0,0,40.4379768372,-86.8921661377,0.0,0.0,0.0,0.0,0.0,0.0,195.537,nan,0.0,75.0,0.0,0.0,0.0,0.0,10.0,-1.0,-1.0,1,0,0,0,0,0,0,0,0,-1,0,0,0,0,0,0,0,0,0,0
1963632512,0,40.4364814758,-86.8931350708,0.0,0.0,0.0,0.0,0.0,0.0,185.537,nan,0.0,75.0,0.0,0.0,0.0,0.0,10.0,-1.0,-1.0,1,0,0,0,0,0,0,0,0,-1,0,0,1,0,0,0,0,0,0,0,0,40.4374580383,-86.8930892944,0.0,0.0,0.0,0.0,0.0,0.0,187.352,nan,0.0,75.0,0.0,0.0,0.0,0.0,10.0,-1.0,-1.0,1,0,0,0,0,0,0,0,0,-1,0,0,1,0,0,0,0,0,0,0,0,40.4379768372,-86.8921661377,0.0,0.0,0.0,0.0,0.0,0.0,195.537,nan,0.0,75.0,0.0,0.0,0.0,0.0,10.0,-1.0,-1.0,1,0,0,0,0,0,0,0,0,-1,0,0,0,0,0,0,0,0,0,0
1963854680,0,40.4364814758,-86.8931350708,0.0,0.0,0.0,0.0,0.0,0.0,185.537,nan,0.0,75.0,0.0,0.0,0.0,0.0,10.0,-1.0,-1.0,1,0,0,0,0,0,0,0,0,-1,0,0,1,0,0,0,0,0,0,0,0,40.4374580383,-86.8930892944,0.0,0.0,0.0,0.0,0.0,0.0,187.721,nan,0.0,75.0,0.0,0.0,0.0,0.0,10.0,-1.0,-1.0,1,0,0,0,0,0,0,0,0,-1,0,0,1,0,0,0,0,0,0,0,0,40.4379768372,-86.8921661377,0.0,0.0,0.0,0.0,0.0,0.0,195.537,nan,0.0,75.0,0.0,0.0,0.0,0.0,10.0,-1.0,-1.0,1,0,0,0,0,0,0,0,0,-1,0,0,0,0,0,0,0,0,0,0
1964079631,0,40.4364814758,-86.8931350708,0.0,0.0,0.0,0.0,0.0,0.0,185.537,nan,0.0,75.0,0.0,0.0,0.0,0.0,10.0,-1.0,-1.0,1,0,0,0,0,0,0,0,0,-1,0,0,1,0,0,0,0,0,0,0,0,40.4374580383,-86.8930892944,0.0,0.0,0.0,0.0,0.0,0.0,188.103,nan,0.0,75.0,0.0,0.0,0.0,0.0,10.0,-1.0,-1.0,1,0,0,0,0,0,0,0,0,-1,0,0,1,0,0,0,0,0,0,0,0,40.4379768372,-86.8921661377,0.0,0.0,0.0,0.0,0.0,0.0,195.537,nan,0.0,75.0,0.0,0.0,0.0,0.0,10.0,-1.0,-1.0,1,0,0,0,0,0,0,0,0,-1,0,0,0,0,0,0,0,0,0,0
1964248856,0,40.4364814758,-86.8931350708,0.0,0.0,0.0,0.0,0.0,0.0,185.537,nan,0.0,75.0,0.0,0.0,0.0,0.0,10.0,-1.0,-1.0,1,0,0,0,0,0,0,0,0,-1,0,0,1,0,0,0,0,0,0,0,0,40.4374580383,-86.8930892944,0.0,0.0,0.0,0.0,0.0,0.0,188.394,nan,0.0,75.0,0.0,0.0,0.0,0.0,10.0,-1.0,-1.0,1,0,0,0,0,0,0,0,0,-1,0,0,1,0,0,0,0,0,0,0,0,40.4379768372,-86.8921661377,0.0,0.0,0.0,0.0,0.0,0.0,195.537,nan,0.0,75.0,0.0,0.0,0.0,0.0,10.0,-1.0,-1.0,1,0,0,0,0,0,0,0,0,-1,0,0,0,0,0,0,0,0,0,0
1964474620,0,40.4364814758,-86.8931350708,0.0,0.0,0.0,0.0,0.0,0.0,185.537,nan,0.0,75.0,0.0,0.0,0.0,0.0,10.0,-1.0,-1.0,1,0,0,0,0,0,0,0,0,-1,0,0,1,0,0,0,0,0,0,0,0,40.4374580383,-86.8930892944,0.0,0.0,0.0,0.0,0.0,0.0,188.805,nan,0.0,75.0,0.0,0.0,0.0,0.0,10.0,-1.0,-1.0,1,0,0,0,0,0,0,0,0,-1,0,0,1,0,0,0,0,0,0,0,0,40.4379768372,-86.8921661377,0.0,0.0,0.0,0.0,0.0,0.0,195.537,nan,0.0,75.0,0.0,0.0,0.0,0.0,10.0,-1.0,-1.0,1,0,0,0,0,0,0,0,0,-1,0,0,0,0,0,0,0,0,0,0
1964639314,0,40.4364814758,-86.8931350708,0.0,0.0,0.0,0.0,0.0,0.0,185.537,nan,0.0,75.0,0.0,0.0,0.0,0.0,10.0,-1.0,-1.0,1,0,0,0,0,0,0,0,0,-1,0,0,1,0,0,0,0,0,0,0,0,40.4374580383,-86.8930892944,0.0,0.0,0.0,0.0,0.0,0.0,189.091,nan,0.0,75.0,0.0,0.0,0.0,0.0,10.0,-1.0,-1.0,1,0,0,0,0,0,0,0,0,-1,0,0,1,0,0,0,0,0,0,0,0,40.4379768372,-86.8921661377,0.0,0.0,0.0,0.0,0.0,0.0,195.537,nan,0.0,75.0,0.0,0.0,0.0,0.0,10.0,-1.0,-1.0,1,0,0,0,0,0,0,0,0,-1,0,0,0,0,0,0,0,0,0,0
1964864196,0,40.4364814758,-86.8931350708,0.0,0.0,0.0,0.0,0.0,0.0,185.537,nan,0.0,75.0,0.0,0.0,0.0,0.0,10.0,-1.0,-1.0,1,0,0,0,0,0,0,0,0,-1,0,0,1,0,0,0,0,0,0,0,0,40.4374580383,-86.8930892944,0.0,0.0,0.0,0.0,0.0,0.0,189.459,nan,0.0,75.0,0.0,0.0,0.0,0.0,10.0,-1.0,-1.0,1,0,0,0,0,0,0,0,0,-1,0,0,1,0,0,0,0,0,0,0,0,40.4379768372,-86.8921661377,0.0,0.0,0.0,0.0,0.0,0.0,195.537,nan,0.0,75.0,0.0,0.0,0.0,0.0,10.0,-1.0,-1.0,1,0,0,0,0,0,0,0,0,-1,0,0,0,0,0,0,0,0,0,0
1965088042,0,40.4364814758,-86.8931350708,0.0,0.0,0.0,0.0,0.0,0.0,185.537,nan,0.0,75.0,0.0,0.0,0.0,0.0,10.0,-1.0,-1.0,1,0,0,0,0,0,0,0,0,-1,0,0,1,0,0,0,0,0,0,0,0,40.4374580383,-86.8930892944,0.0,0.0,0.0,0.0,0.0,0.0,189.83,nan,0.0,75.0,0.0,0.0,0.0,0.0,10.0,-1.0,-1.0,1,0,0,0,0,0,0,0,0,-1,0,0,1,0,0,0,0,0,0,0,0,40.4379768372,-86.8921661377,0.0,0.0,0.0,0.0,0.0,0.0,195.537,nan,0.0,75.0,0.0,0.0,0.0,0.0,10.0,-1.0,-1.0,1,0,0,0,0,0,0,0,0,-1,0,0,0,0,0,0,0,0,0,0
1965258799,0,40.4364814758,-86.8931350708,0.0,0.0,0.0,0.0,0.0,0.0,185.537,nan,0.0,75.0,0.0,0.0,0.0,0.0,10.0,-1.0,-1.0,1,0,0,0,0,0,0,0,0,-1,0,0,1,0,0,0,0,0,0,0,0,40.4374580383,-86.8930892944,0.0,0.0,0.0,0.0,0.0,0.0,190.124,nan,0.0,75.0,0.0,0.0,0.0,0.0,10.0,-1.0,-1.0,1,0,0,0,0,0,0,0,0,-1,0,0,1,0,0,0,0,0,0,0,0,40.4379768372,-86.8921661377,0.0,0.0,0.0,0.0,0.0,0.0,195.537,nan,0.0,75.0,0.0,0.0,0.0,0.0,10.0,-1.0,-1.0,1,0,0,0,0,0,0,0,0,-1,0,0,0,0,0,0,0,0,0,0
1965478476,0,40.4364814758,-86.8931350708,0.0,0.0,0.0,0.0,0.0,0.0,185.537,nan,0.0,75.0,0.0,0.0,0.0,0.0,10.0,-1.0,-1.0,1,0,0,0,0,0,0,0,0,-1,0,0,1,0,0,0,0,0,0,0,0,40.4374580383,-86.8930892944,0.0,0.0,0.0,0.0,0.0,0.0,190.53,nan,0.0,75.0,0.0,0.0,0.0,0.0,10.0,-1.0,-1.0,1,0,0,0,0,0,0,0,0,-1,0,0,1,0,0,0,0,0,0,0,0,40.4379768372,-86.8921661377,0.0,0.0,0.0,0.0,0.0,0.0,195.537,nan,0.0,75.0,0.0,0.0,0.0,0.0,10.0,-1.0,-1.0,1,0,0,0,0,0,0,0,0,-1,0,0,0,0,0,0,0,0,0,0
1965647458,0,40.4364814758,-86.8931350708,0.0,0.0,0.0,0.0,0.0,0.0,185.537,nan,0.0,75.0,0.0,0.0,0.0,0.0,10.0,-1.0,-1.0,1,0,0,0,0,0,0,0,0,-1,0,0,1,0,0,0,0,0,0,0,0,40.4374580383,-86.8930892944,0.0,0.0,0.0,0.0,0.0,0.0,190.833,nan,0.0,75.0,0.0,0.0,0.0,0.0,10.0,-1.0,-1.0,1,0,0,0,0,0,0,0,0,-1,0,0,1,0,0,0,0,0,0,0,0,40.4379768372,-86.8921661377,0.0,0.0,0.0,0.0,0.0,0.0,195.537,nan,0.0,75.0,0.0,0.0,0.0,0.0,10.0,-1.0,-1.0,1,0,0,0,0,0,0,0,0,-1,0,0,0,0,0,0,0,0,0,0
1965873040,0,40.4364814758,-86.8931350708,0.0,0.0,0.0,0.0,0.0,0.0,185.537,nan,0.0,75.0,0.0,0.0,0.0,0.0,10.0,-1.0,-1.0,1,0,0,0,0,0,0,0,0,-1,0,0,1,0,0,0,0,0,0,0,0,40.4374580383,-86.8930892944,0.0,0.0,0.0,0.0,0.0,0.0,191.245,nan,0.0,75.0,0.0,0.0,0.0,0.0,10.0,-1.0,-1.0,1,0,0,0,0,0,0,0,0,-1,0,0,1,0,0,0,0,0,0,0,0,40.4379768372,-86.8921661377,0.0,0.0,0.0,0.0,0.0,0.0,195.537,nan,0.0,75.0,0.0,0.0,0.0,0.0,10.0,-1.0,-1.0,1,0,0,0,0,0,0,0,0,-1,0,0,0,0,0,0,0,0,0,0
1966097736,0,40.4364814758,-86.8931350708,0.0,0.0,0.0,0.0,0.0,0.0,185.537,nan,0.0,75.0,0.0,0.0,0.0,0.0,10.0,-1.0,-1.0,1,0,0,0,0,0,0,0,0,-1,0,0,1,0,0,0,0,0,0,0,0,40.4374580383,-86.8930892944,0.0,0.0,0.0,0.0,0.0,0.0,191.603,nan,0.0,75.0,0.0,0.0,0.0,0.0,10.0,-1.0,-1.0,1,0,0,0,0,0,0,0,0,-1,0,0,1,0,0,0,0,0,0,0,0,40.4379768372,-86.8921661377,0.0,0.0,0.0,0.0,0.0,0.0,195.537,nan,0.0,75.0,0.0,0.0,0.0,0.0,10.0,-1.0,-1.0,1,0,0,0,0,0,0,0,0,-1,0,0,0,0,0,0,0,0,0,0
1966263504,0,40.4364814758,-86.8931350708,0.0,0.0,0.0,0.0,0.0,0.0,185.537,nan,0.0,75.0,0.0,0.0,0.0,0.0,10.0,-1.0,-1.0,1,0,0,0,0,0,0,0,0,-1,0,0,1,0,0,0,0,0,0,0,0,40.4374580383,-86.8930892944,0.0,0.0,0.0,0.0,0.0,0.0,191.881,nan,0.0,75.0,0.0,0.0,0.0,0.0,10.0,-1.0,-1.0,1,0,0,0,0,0,0,0,0,-1,0,0,1,0,0,0,0,0,0,0,0,40.4379768372,-86.8921661377,0.0,0.0,0.0,0.0,0.0,0.0,195.537,nan,0.0,75.0,0.0,0.0,0.0,0.0,10.0,-1.0,-1.0,1,0,0,0,0,0,0,0,0,-1,0,0,0,0,0,0,0,0,0,0
1966488152,0,40.4364814758,-86.8931350708,0.0,0.0,0.0,0.0,0.0,0.0,185.537,nan,0.0,75.0,0.0,0.0,0.0,0.0,10.0,-1.0,-1.0,1,0,0,0,0,0,0,0,0,-1,0,0,1,0,0,0,0,0,0,0,0,40.4374580383,-86.8930892944,0.0,0.0,0.0,0.0,0.0,0.0,192.19,nan,0.0,75.0,0.0,0.0,0.0,0.0,10.0,-1.0,-1.0,1,0,0,0,0,0,0,0,0,-1,0,0,1,0,0,0,0,0,0,0,0,40.4379768372,-86.8921661377,0.0,0.0,0.0,0.0,0.0,0.0,195.537,nan,0.0,75.0,0.0,0.0,0.0,0.0,10.0,-1.0,-1.0,1,0,0,0,0,0,0,0,0,-1,0,0,0,0,0,0,0,0,0,0
1966656274,0,40.4364814758,-86.8931350708,0.0,0.0,0.0,0.0,0.0,0.0,185.537,nan,0.0,75.0,0.0,0.0,0.0,0.0,10.0,-1.0,-1.0,1,0,0,0,0,0,0,0,0,-1,0,0,1,0,0,0,0,0,0,0,0,40.4374580383,-86.8930892944,0.0,0.0,0.0,0.0,0.0,0.0,192.373,nan,0.0,75.0,0.0,0.0,0.0,0.0,10.0,-1.0,-1.0,1,0,0,0,0,0,0,0,0,-1,0,0,1,0,0,0,0,0,0,0,0,40.4379768372,-86.8921661377,0.0,0.0,0.0,0.0,0.0,0.0,195.537,nan,0.0,75.0,0.0,0.0,0.0,0.0,10.0,-1.0,-1.0,1,0,0,0,0,0,0,0,0,-1,0,0,0,0,0,0,0,0,0,0
1966881678,0,40.4364814758,-86.8931350708,0.0,0.0,0.0,0.0,0.0,0.0,185.537,nan,0.0,75.0,0.0,0.0,0.0,0.0,10.0,-1.0,-1.0,1,0,0,0,0,0,0,0,0,-1,0,0,1,0,0,0,0,0,0,0,0,40.4374580383,-86.8930892944,0.0,0.0,0.0,0.0,0.0,0.0,192.677,nan,0.0,75.0,0.0,0.0,0.0,0.0,10.0,-1.0,-1.0,1,0,0,0,0,0,0,0,0,-1,0,0,1,0,0,0,0,0,0,0,0,40.4379768372,-86.8921661377,0.0,0.0,0.0,0.0,0.0,0.0,195.537,nan,0.0,75.0,0.0,0.0,0.0,0.0,10.0,-1.0,-1.0,1,0,0,0,0,0,0,0,0,-1,0,0,0,0,0,0,0,0,0,0
1967106886,0,40.4364814758,-86.8931350708,0.0,0.0,0.0,0.0,0.0,0.0,185.537,nan,0.0,75.0,0.0,0.0,0.0,0.0,10.0,-1.0,-1.0,1,0,0,0,0,0,0,0,0,-1,0,0,1,0,0,0,0,0,0,0,0,40.4374580383,-86.8930892944,0.0,0.0,0.0,0.0,0.0,0.0,193.058,nan,0.0,75.0,0.0,0.0,0.0,0.0,10.0,-1.0,-1.0,1,0,0,0,0,0,0,0,0,-1,0,0,1,0,0,0,0,0,0,0,0,40.4379768372,-86.8921661377,0.0,0.0,0.0,0.0,0.0,0.0,195.537,nan,0.0,75.0,0.0,0.0,0.0,0.0,10.0,-1.0,-1.0,1,0,0,0,0,0,0,0,0,-1,0,0,0,0,0,0,0,0,0,0
1967278910,0,40.4364814758,-86.8931350708,0.0,0.0,0.0,0.0,0.0,0.0,185.537,nan,0.0,75.0,0.0,0.0,0.0,0.0,10.0,-1.0,-1.0,1,0,0,0,0,0,0,0,0,-1,0,0,1,0,0,0,0,0,0,0,0,40.4374580383,-86.8930892944,0.0,0.0,0.0,0.0,0.0,0.0,193.283,nan,0.0,75.0,0.0,0.0,0.0,0.0,10.0,-1.0,-1.0,1,0,0,0,0,0,0,0,0,-1,0,0,1,0,0,0,0,0,0,0,0,40.4379768372,-86.8921661377,0.0,0.0,0.0,0.0,0.0,0.0,195.537,nan,0.0,75.0,0.0,0.0,0.0,0.0,10.0,-1.0,-1.0,1,0,0,0,0,0,0,0,0,-1,0,0,0,0,0,0,0,0,0,0
1967500501,0,40.4364814758,-86.8931350708,0.0,0.0,0.0,0.0,0.0,0.0,185.537,nan,0.0,75.0,0.0,0.0,0.0,0.0,10.0,-1.0,-1.0,1,0,0,0,0,0,0,0,0,-1,0,0,1,0,0,0,0,0,0,0,0,40.4374580383,-86.8930892944,0.0,0.0,0.0,0.0,0.0,0.0,193.674,nan,0.0,75.0,0.0,0.0,0.0,0.0,10.0,-1.0,-1.0,1,0,0,0,0,0,0,0,0,-1,0,0,1,0,0,0,0,0,0,0,0,40.4379768372,-86.8921661377,0.0,0.0,0.0,0.0,0.0,0.0,195.537,nan,0.0,75.0,0.0,0.0,0.0,0.0,10.0,-1.0,-1.0,1,0,0,0,0,0,0,0,0,-1,0,0,0,0,0,0,0,0,0,0
1967668273,0,40.4364814758,-86.8931350708,0.0,0.0,0.0,0.0,0.0,0.0,185.537,nan,0.0,75.0,0.0,0.0,0.0,0.0,10.0,-1.0,-1.0,1,0,0,0,0,0,0,0,0,-1,0,0,1,0,0,0,0,0,0,0,0,40.4374580383,-86.8930892944,0.0,0.0,0.0,0.0,0.0,0.0,193.974,nan,0.0,75.0,0.0,0.0,0.0,0.0,10.0,-1.0,-1.0,1,0,0,0,0,0,0,0,0,-1,0,0,1,0,0,0,0,0,0,0,0,40.4379768372,-86.8921661377,0.0,0.0,0.0,0.0,0.0,0.0,195.537,nan,0.0,75.0,0.0,0.0,0.0,0.0,10.0,-1.0,-1.0,1,0,0,0,0,0,0,0,0,-1,0,0,0,0,0,0,0,0,0,0
1967891184,0,40.4364814758,-86.8931350708,0.0,0.0,0.0,0.0,0.0,0.0,185.537,nan,0.0,75.0,0.0,0.0,0.0,0.0,10.0,-1.0,-1.0,1,0,0,0,0,0,0,0,0,-1,0,0,1,0,0,0,0,0,0,0,0,40.4374580383,-86.8930892944,0.0,0.0,0.0,0.0,0.0,0.0,194.338,nan,0.0,75.0,0.0,0.0,0.0,0.0,10.0,-1.0,-1.0,1,0,0,0,0,0,0,0,0,-1,0,0,1,0,0,0,0,0,0,0,0,40.4379768372,-86.8921661377,0.0,0.0,0.0,0.0,0.0,0.0,195.537,nan,0.0,75.0,0.0,0.0,0.0,0.0,10.0,-1.0,-1.0,1,0,0,0,0,0,0,0,0,-1,0,0,0,0,0,0,0,0,0,0
1968111473,0,40.4364814758,-86.8931350708,0.0,0.0,0.0,0.0,0.0,0.0,185.537,nan,0.0,75.0,0.0,0.0,0.0,0.0,10.0,-1.0,-1.0,1,0,0,0,0,0,0,0,0,-1,0,0,1,0,0,0,0,0,0,0,0,40.4374580383,-86.8930892944,0.0,0.0,0.0,0.0,0.0,0.0,194.743,nan,0.0,75.0,0.0,0.0,0.0,0.0,10.0,-1.0,-1.0,1,0,0,0,0,0,0,0,0,-1,0,0,1,0,0,0,0,0,0,0,0,40.4379768372,-86.8921661377,0.0,0.0,0.0,0.0,0.0,0.0,195.537,nan,0.0,75.0,0.0,0.0,0.0,0.0,10.0,-1.0,-1.0,1,0,0,0,0,0,0,0,0,-1,0,0,0,0,0,0,0,0,0,0
1968281051,0,40.4364814758,-86.8931350708,0.0,0.0,0.0,0.0,0.0,0.0,185.537,nan,0.0,75.0,0.0,0.0,0.0,0.0,10.0,-1.0,-1.0,1,0,0,0,0,0,0,0,0,-1,0,0,1,0,0,0,0,0,0,0,0,40.4374580383,-86.8930892944,0.0,0.0,0.0,0.0,0.0,0.0,195.016,nan,0.0,75.0,0.0,0.0,0.0,0.0,10.0,-1.0,-1.0,1,0,0,0,0,0,0,0,0,-1,0,0,1,0,0,0,0,0,0,0,0,40.4379768372,-86.8921661377,0.0,0.0,0.0,0.0,0.0,0.0,195.537,nan,0.0,75.0,0.0,0.0,0.0,0.0,10.0,-1.0,-1.0,1,0,0,0,0,0,0,0,0,-1,0,0,0,0,0,0,0,0,0,0
1968506824,0,40.4364814758,-86.8931350708,0.0,0.0,0.0,0.0,0.0,0.0,185.537,nan,0.0,75.0,0.0,0.0,0.0,0.0,10.0,-1.0,-1.0,1,0,0,0,0,0,0,0,0,-1,0,0,1,0,0,0,0,0,0,0,0,40.4374580383,-86.8930892944,0.0,0.0,0.0,0.0,0.0,0.0,195.418,nan,0.0,75.0,0.0,0.0,0.0,0.0,10.0,-1.0,-1.0,1,0,0,0,0,0,0,0,0,-1,0,0,1,0,0,0,0,0,0,0,0,40.4379768372,-86.8921661377,0.0,0.0,0.0,0.0,0.0,0.0,195.537,nan,0.0,75.0,0.0,0.0,0.0,0.0,10.0,-1.0,-1.0,1,0,0,0,0,0,0,0,0,-1,0,0,0,0,0,0,0,0,0,0
1968730477,0,40.4374580383,-86.8930892944,0.0,0.0,0.0,0.0,0.0,0.0,195.513,nan,0.0,75.0,0.0,0.0,0.0,0.0,10.0,-1.0,-1.0,1,0,0,0,0,0,0,0,0,-1,0,0,1,0,0,0,0,0,0,0,0,40.4379768372,-86.8921661377,0.0,0.0,0.0,0.0,0.0,0.0,195.513,nan,0.0,75.0,0.0,0.0,0.0,0.0,10.0,-1.0,-1.0,1,0,0,0,0,0,0,0,0,-1,0,0,1,0,0,0,0,0,0,0,0,40.43724823,-86.8919067383,0.0,0.0,0.0,0.0,0.0,0.0,195.537,nan,0.0,75.0,0.0,0.0,0.0,0.0,10.0,-1.0,-1.0,1,0,0,0,0,0,0,0,0,-1,0,0,0,0,0,0,0,0,0,0
1968899434,0,40.4374580383,-86.8930892944,0.0,0.0,0.0,0.0,0.0,0.0,195.513,nan,0.0,75.0,0.0,0.0,0.0,0.0,10.0,-1.0,-1.0,1,0,0,0,0,0,0,0,0,-1,0,0,1,0,0,0,0,0,0,0,0,40.4379768372,-86.8921661377,0.0,0.0,0.0,0.0,0.0,0.0,195.513,nan,0.0,75.0,0.0,0.0,0.0,0.0,10.0,-1.0,-1.0,1,0,0,0,0,0,0,0,0,-1,0,0,1,0,0,0,0,0,0,0,0,40.43724823,-86.8919067383,0.0,0.0,0.0,0.0,0.0,0.0,195.537,nan,0.0,75.0,0.0,0.0,0.0,0.0,10.0,-1.0,-1.0,1,0,0,0,0,0,0,0,0,-1,0,0,0,0,0,0,0,0,0,0
1969120889,0,40.4374580383,-86.8930892944,0.0,0.0,0.0,0.0,0.0,0.0,195.513,nan,0.0,75.0,0.0,0.0,0.0,0.0,10.0,-1.0,-1.0,1,0,0,0,0,0,0,0,0,-1,0,0,1,0,0,0,0,0,0,0,0,40.4379768372,-86.8921661377,0.0,0.0,0.0,0.0,0.0,0.0,195.513,nan,0.0,75.0,0.0,0.0,0.0,0.0,10.0,-1.0,-1.0,1,0,0,0,0,0,0,0,0,-1,0,0,1,0,0,0,0,0,0,0,0,40.43724823,-86.8919067383,0.0,0.0,0.0,0.0,0.0,0.0,195.537,nan,0.0,75.0,0.0,0.0,0.0,0.0,10.0,-1.0,-1.0,1,0,0,0,0,0,0,0,0,-1,0,0,0,0,0,0,0,0,0,0
1969290631,0,40.4374580383,-86.8930892944,0.0,0.0,0.0,0.0,0.0,0.0,195.513,nan,0.0,75.0,0.0,0.0,0.0,0.0,10.0,-1.0,-1.0,1,0,0,0,0,0,0,0,0,-1,0,0,1,0,0,0,0,0,0,0,0,40.4379768372,-86.8921661377,0.0,0.0,0.0,0.0,0.0,0.0,195.513,nan,0.0,75.0,0.0,0.0,0.0,0.0,10.0,-1.0,-1.0,1,0,0,0,0,0,0,0,0,-1,0,0,1,0,0,0,0,0,0,0,0,40.43724823,-86.8919067383,0.0,0.0,0.0,0.0,0.0,0.0,195.537,nan,0.0,75.0,0.0,0.0,0.0,0.0,10.0,-1.0,-1.0,1,0,0,0,0,0,0,0,0,-1,0,0,0,0,0,0,0,0,0,0
1969515601,0,40.4374580383,-86.8930892944,0.0,0.0,0.0,0.0,0.0,0.0,195.513,nan,0.0,75.0,0.0,0.0,0.0,0.0,10.0,-1.0,-1.0,1,0,0,0,0,0,0,0,0,-1,0,0,1,0,0,0,0,0,0,0,0,40.4379768372,-86.8921661377,0.0,0.0,0.0,0.0,0.0,0.0,195.513,nan,0.0,75.0,0.0,0.0,0.0,0.0,10.0,-1.0,-1.0,1,0,0,0,0,0,0,0,0,-1,0,0,1,0,0,0,0,0,0,0,0,40.43724823,-86.8919067383,0.0,0.0,0.0,0.0,0.0,0.0,195.537,nan,0.0,75.0,0.0,0.0,0.0,0.0,10.0,-1.0,-1.0,1,0,0,0,0,0,0,0,0,-1,0,0,0,0,0,0,0,0,0,0
1969740449,0,40.4374580383,-86.8930892944,0.0,0.0,0.0,0.0,0.0,0.0,195.513,nan,0.0,75.0,0.0,0.0,0.0,0.0,10.0,-1.0,-1.0,1,0,0,0,0,0,0,0,0,-1,0,0,1,0,0,0,0,0,0,0,0,40.4379768372,-86.8921661377,0.0,0.0,0.0,0.0,0.0,0.0,195.513,nan,0.0,75.0,0.0,0.0,0.0,0.0,10.0,-1.0,-1.0,1,0,0,0,0,0,0,0,0,-1,0,0,1,0,0,0,0,0,0,0,0,40.43724823,-86.8919067383,0.0,0.0,0.0,0.0,0.0,0.0,195.537,nan,0.0,75.0,0.0,0.0,0.0,0.0,10.0,-1.0,-1.0,1,0,0,0,0,0,0,0,0,-1,0,0,0,0,0,0,0,0,0,0
1969908440,0,40.4374580383,-86.8930892944,0.0,0.0,0.0,0.0,0.0,0.0,195.513,nan,0.0,75.0,0.0,0.0,0.0,0.0,10.0,-1.0,-1.0,1,0,0,0,0,0,0,0,0,-1,0,0,1,0,0,0,0,0,0,0,0,40.4379768372,-86.8921661377,0.0,0.0,0.0,0.0,0.0,0.0,195.513,nan,0.0,75.0,0.0,0.0,0.0,0.0,10.0,-1.0,-1.0,1,0,0,0,0,0,0,0,0,-1,0,0,1,0,0,0,0,0,0,0,0,40.43724823,-86.8919067383,0.0,0.0,0.0,0.0,0.0,0.0,195.537,nan,0.0,75.0,0.0,0.0,0.0,0.0,10.0,-1.0,-1.0,1,0,0,0,0,0,0,0,0,-1,0,0,0,0,0,0,0,0,0,0
1970130088,0,40.4374580383,-86.8930892944,0.0,0.0,0.0,0.0,0.0,0.0,195.513,nan,0.0,75.0,0.0,0.0,0.0,0.0,10.0,-1.0,-1.0,1,0,0,0,0,0,0,0,0,-1,0,0,1,0,0,0,0,0,0,0,0,40.4379768372,-86.8921661377,0.0,0.0,0.0,0.0,0.0,0.0,195.513,nan,0.0,75.0,0.0,0.0,0.0,0.0,10.0,-1.0,-1.0,1,0,0,0,0,0,0,0,0,-1,0,0,1,0,0,0,0,0,0,0,0,40.43724823,-86.8919067383,0.0,0.0,0.0,0.0,0.0,0.0,195.537,nan,0.0,75.0,0.0,0.0,0.0,0.0,10.0,-1.0,-1.0,1,0,0,0,0,0,0,0,0,-1,0,0,0,0,0,0,0,0,0,0
1970295528,0,40.4374580383,-86.8930892944,0.0,0.0,0.0,0.0,0.0,0.0,195.513,nan,0.0,75.0,0.0,0.0,0.0,0.0,10.0,-1.0,-1.0,1,0,0,0,0,0,0,0,0,-1,0,0,1,0,0,0,0,0,0,0,0,40.4379768372,-86.8921661377,0.0,0.0,0.0,0.0,0.0,0.0,195.513,nan,0.0,75.0,0.0,0.0,0.0,0.0,10.0,-1.0,-1.0,1,0,0,0,0,0,0,0,0,-1,0,0,1,0,0,0,0,0,0,0,0,40.43724823,-86.8919067383,0.0,0.0,0.0,0.0,0.0,0.0,195.537,nan,0.0,75.0,0.0,0.0,0.0,0.0,10.0,-1.0,-1.0,1,0,0,0,0,0,0,0,0,-1,0,0,0,0,0,0,0,0,0,0
1970520499,0,40.4374580383,-86.8930892944,0.0,0.0,0.0,0.0,0.0,0.0,195.513,nan,0.0,75.0,0.0,0.0,0.0,0.0,10.0,-1.0,-1.0,1,0,0,0,0,0,0,0,0,-1,0,0,1,0,0,0,0,0,0,0,0,40.4379768372,-86.8921661377,0.0,0.0,0.0,0.0,0.0,0.0,195.513,nan,0.0,75.0,0.0,0.0,0.0,0.0,10.0,-1.0,-1.0,1,0,0,0,0,0,0,0,0,-1,0,0,1,0,0,0,0,0,0,0,0,40.43724823,-86.8919067383,0.0,0.0,0.0,0.0,0.0,0.0,195.537,nan,0.0,75.0,0.0,0.0,0.0,0.0,10.0,-1.0,-1.0,1,0,0,0,0,0,0,0,0,-1,0,0,0,0,0,0,0,0,0,0
1970745918,0,40.4374580383,-86.8930892944,0.0,0.0,0.0,0.0,0.0,0.0,195.513,nan,0.0,75.0,0.0,0.0,0.0,0.0,10.0,-1.0,-1.0,1,0,0,0,0,0,0,0,0,-1,0,0,1,0,0,0,0,0,0,0,0,40.4379768372,-86.8921661377,0.0,0.0,0.0,0.0,0.0,0.0,195.513,nan,0.0,75.0,0.0,0.0,0.0,0.0,10.0,-1.0,-1.0,1,0,0,0,0,0,0,0,0,-1,0,0,1,0,0,0,0,0,0,0,0,40.43724823,-86.8919067383,0.0,0.0,0.0,0.0,0.0,0.0,195.537,nan,0.0,75.0,0.0,0.0,0.0,0.0,10.0,-1.0,-1.0,1,0,0,0,0,0,0,0,0,-1,0,0,0,0,0,0,0,0,0,0
1970915270,0,40.4374580383,-86.8930892944,0.0,0.0,0.0,0.0,0.0,0.0,195.513,nan,0.0,75.0,0.0,0.0,0.0,0.0,10.0,-1.0,-1.0,1,0,0,0,0,0,0,0,0,-1,0,0,1,0,0,0,0,0,0,0,0,40.4379768372,-86.8921661377,0.0,0.0,0.0,0.0,0.0,0.0,195.513,nan,0.0,75.0,0.0,0.0,0.0,0.0,10.0,-1.0,-1.0,1,0,0,0,0,0,0,0,0,-1,0,0,1,0,0,0,0,0,0,0,0,40.43724823,-86.8919067383,0.0,0.0,0.0,0.0,0.0,0.0,195.537,nan,0.0,75.0,0.0,0.0,0.0,0.0,10.0,-1.0,-1.0,1,0,0,0,0,0,0,0,0,-1,0,0,0,0,0,0,0,0,0,0
1971138923,0,40.4374580383,-86.8930892944,0.0,0.0,0.0,0.0,0.0,0.0,195.513,nan,0.0,75.0,0.0,0.0,0.0,0.0,10.0,-1.0,-1.0,1,0,0,0,0,0,0,0,0,-1,0,0,1,0,0,0,0,0,0,0,0,40.4379768372,-86.8921661377,0.0,0.0,0.0,0.0,0.0,0.0,195.513,nan,0.0,75.0,0.0,0.0,0.0,0.0,10.0,-1.0,-1.0,1,0,0,0,0,0,0,0,0,-1,0,0,1,0,0,0,0,0,0,0,0,40.43724823,-86.8919067383,0.0,0.0,0.0,0.0,0.0,0.0,195.537,nan,0.0,75.0,0.0,0.0,0.0,0.0,10.0,-1.0,-1.0,1,0,0,0,0,0,0,0,0,-1,0,0,0,0,0,0,0,0,0,0
1971364190,0,40.4374580383,-86.8930892944,0.0,0.0,0.0,0.0,0.0,0.0,195.513,nan,0.0,75.0,0.0,0.0,0.0,0.0,10.0,-1.0,-1.0,1,0,0,0,0,0,0,0,0,-1,0,0,1,0,0,0,0,0,0,0,0,40.4379768372,-86.8921661377,0.0,0.0,0.0,0.0,0.0,0.0,195.513,nan,0.0,75.0,0.0,0.0,0.0,0.0,10.0,-1.0,-1.0,1,0,0,0,0,0,0,0,0,-1,0,0,1,0,0,0,0,0,0,0,0,40.43724823,-86.8919067383,0.0,0.0,0.0,0.0,0.0,0.0,195.537,nan,0.0,75.0,0.0,0.0,0.0,0.0,10.0,-1.0,-1.0,1,0,0,0,0,0,0,0,0,-1,0,0,0,0,0,0,0,0,0,0
1971533184,0,40.4374580383,-86.8930892944,0.0,0.0,0.0,0.0,0.0,0.0,195.513,nan,0.0,75.0,0.0,0.0,0.0,0.0,10.0,-1.0,-1.0,1,0,0,0,0,0,0,0,0,-1,0,0,1,0,0,0,0,0,0,0,0,40.4379768372,-86.8921661377,0.0,0.0,0.0,0.0,0.0,0.0,195.513,nan,0.0,75.0,0.0,0.0,0.0,0.0,10.0,-1.0,-1.0,1,0,0,0,0,0,0,0,0,-1,0,0,1,0,0,0,0,0,0,0,0,40.43724823,-86.8919067383,0.0,0.0,0.0,0.0,0.0,0.0,195.537,nan,0.0,75.0,0.0,0.0,0.0,0.0,10.0,-1.0,-1.0,1,0,0,0,0,0,0,0,0,-1,0,0,0,0,0,0,0,0,0,0
1971754880,0,40.4374580383,-86.8930892944,0.0,0.0,0.0,0.0,0.0,0.0,195.513,nan,0.0,75.0,0.0,0.0,0.0,0.0,10.0,-1.0,-1.0,1,0,0,0,0,0,0,0,0,-1,0,0,1,0,0,0,0,0,0,0,0,40.4379768372,-86.8921661377,0.0,0.0,0.0,0.0,0.0,0.0,195.513,nan,0.0,75.0,0.0,0.0,0.0,0.0,10.0,-1.0,-1.0,1,0,0,0,0,0,0,0,0,-1,0,0,1,0,0,0,0,0,0,0,0,40.43724823,-86.8919067383,0.0,0.0,0.0,0.0,0.0,0.0,195.537,nan,0.0,75.0,0.0,0.0,0.0,0.0,10.0,-1.0,-1.0,1,0,0,0,0,0,0,0,0,-1,0,0,0,0,0,0,0,0,0,0
1971923460,0,40.4374580383,-86.8930892944,0.0,0.0,0.0,0.0,0.0,0.0,195.513,nan,0.0,75.0,0.0,0.0,0.0,0.0,10.0,-1.0,-1.0,1,0,0,0,0,0,0,0,0,-1,0,0,1,0,0,0,0,0,0,0,0,40.4379768372,-86.8921661377,0.0,0.0,0.0,0.0,0.0,0.0,195.513,nan,0.0,75.0,0.0,0.0,0.0,0.0,10.0,-1.0,-1.0,1,0,0,0,0,0,0,0,0,-1,0,0,1,0,0,0,0,0,0,0,0,40.43724823,-86.8919067383,0.0,0.0,0.0,0.0,0.0,0.0,195.537,nan,0.0,75.0,0.0,0.0,0.0,0.0,10.0,-1.0,-1.0,1,0,0,0,0,0,0,0,0,-1,0,0,0,0,0,0,0,0,0,0
1972148274,0,40.4374580383,-86.8930892944,0.0,0.0,0.0,0.0,0.0,0.0,195.513,nan,0.0,75.0,0.0,0.0,0.0,0.0,10.0,-1.0,-1.0,1,0,0,0,0,0,0,0,0,-1,0,0,1,0,0,0,0,0,0,0,0,40.4379768372,-86.8921661377,0.0,0.0,0.0,0.0,0.0,0.0,195.513,nan,0.0,75.0,0.0,0.0,0.0,0.0,10.0,-1.0,-1.0,1,0,0,0,0,0,0,0,0,-1,0,0,1,0,0,0,0,0,0,0,0,40.43724823,-86.8919067383,0.0,0.0,0.0,0.0,0.0,0.0,195.537,nan,0.0,75.0,0.0,0.0,0.0,0.0,10.0,-1.0,-1.0,1,0,0,0,0,0,0,0,0,-1,0,0,0,0,0,0,0,0,0,0
1972369634,0,40.4374580383,-86.8930892944,0.0,0.0,0.0,0.0,0.0,0.0,195.513,nan,0.0,75.0,0.0,0.0,0.0,0.0,10.0,-1.0,-1.0,1,0,0,0,0,0,0,0,0,-1,0,0,1,0,0,0,0,0,0,0,0,40.4379768372,-86.8921661377,0.0,0.0,0.0,0.0,0.0,0.0,195.513,nan,0.0,75.0,0.0,0.0,0.0,0.0,10.0,-1.0,-1.0,1,0,0,0,0,0,0,0,0,-1,0,0,1,0,0,0,0,0,0,0,0,40.43724823,-86.8919067383,0.0,0.0,0.0,0.0,0.0,0.0,195.537,nan,0.0,75.0,0.0,0.0,0.0,0.0,10.0,-1.0,-1.0,1,0,0,0,0,0,0,0,0,-1,0,0,0,0,0,0,0,0,0,0
1972538647,0,40.4374580383,-86.8930892944,0.0,0.0,0.0,0.0,0.0,0.0,195.513,nan,0.0,75.0,0.0,0.0,0.0,0.0,10.0,-1.0,-1.0,1,0,0,0,0,0,0,0,0,-1,0,0,1,0,0,0,0,0,0,0,0,40.4379768372,-86.8921661377,0.0,0.0,0.0,0.0,0.0,0.0,195.513,nan,0.0,75.0,0.0,0.0,0.0,0.0,10.0,-1.0,-1.0,1,0,0,0,0,0,0,0,0,-1,0,0,1,0,0,0,0,0,0,0,0,40.43724823,-86.8919067383,0.0,0.0,0.0,0.0,0.0,0.0,195.537,nan,0.0,75.0,0.0,0.0,0.0,0.0,10.0,-1.0,-1.0,1,0,0,0,0,0,0,0,0,-1,0,0,0,0,0,0,0,0,0,0
1972760192,0,40.4374580383,-86.8930892944,0.0,0.0,0.0,0.0,0.0,0.0,195.513,nan,0.0,75.0,0.0,0.0,0.0,0.0,10.0,-1.0,-1.0,1,0,0,0,0,0,0,0,0,-1,0,0,1,0,0,0,0,0,0,0,0,40.4379768372,-86.8921661377,0.0,0.0,0.0,0.0,0.0,0.0,195.513,nan,0.0,75.0,0.0,0.0,0.0,0.0,10.0,-1.0,-1.0,1,0,0,0,0,0,0,0,0,-1,0,0,1,0,0,0,0,0,0,0,0,40.43724823,-86.8919067383,0.0,0.0,0.0,0.0,0.0,0.0,195.537,nan,0.0,75.0,0.0,0.0,0.0,0.0,10.0,-1.0,-1.0,1,0,0,0,0,0,0,0,0,-1,0,0,0,0,0,0,0,0,0,0
1972928834,0,40.4374580383,-86.8930892944,0.0,0.0,0.0,0.0,0.0,0.0,195.513,nan,0.0,75.0,0.0,0.0,0.0,0.0,10.0,-1.0,-1.0,1,0,0,0,0,0,0,0,0,-1,0,0,1,0,0,0,0,0,0,0,0,40.4379768372,-86.8921661377,0.0,0.0,0.0,0.0,0.0,0.0,195.516,nan,0.0,75.0,0.0,0.0,0.0,0.0,10.0,-1.0,-1.0,1,0,0,0,0,0,0,0,0,-1,0,0,1,0,0,0,0,0,0,0,0,40.43724823,-86.8919067383,0.0,0.0,0.0,0.0,0.0,0.0,195.537,nan,0.0,75.0,0.0,0.0,0.0,0.0,10.0,-1.0,-1.0,1,0,0,0,0,0,0,0,0,-1,0,0,0,0,0,0,0,0,0,0
1973153833,0,40.4374580383,-86.8930892944,0.0,0.0,0.0,0.0,0.0,0.0,195.513,nan,0.0,75.0,0.0,0.0,0.0,0.0,10.0,-1.0,-1.0,1,0,0,0,0,0,0,0,0,-1,0,0,1,0,0,0,0,0,0,0,0,40.4379768372,-86.8921661377,0.0,0.0,0.0,0.0,0.0,0.0,195.518,nan,0.0,75.0,0.0,0.0,0.0,0.0,10.0,-1.0,-1.0,1,0,0,0,0,0,0,0,0,-1,0,0,1,0,0,0,0,0,0,0,0,40.43724823,-86.8919067383,0.0,0.0,0.0,0.0,0.0,0.0,195.537,nan,0.0,75.0,0.0,0.0,0.0,0.0,10.0,-1.0,-1.0,1,0,0,0,0,0,0,0,0,-1,0,0,0,0,0,0,0,0,0,0
1973378712,0,40.4374580383,-86.8930892944,0.0,0.0,0.0,0.0,0.0,0.0,195.513,nan,0.0,75.0,0.0,0.0,0.0,0.0,10.0,-1.0,-1.0,1,0,0,0,0,0,0,0,0,-1,0,0,1,0,0,0,0,0,0,0,0,40.4379768372,-86.8921661377,0.0,0.0,0.0,0.0,0.0,0.0,195.521,nan,0.0,75.0,0.0,0.0,0.0,0.0,10.0,-1.0,-1.0,1,0,0,0,0,0,0,0,0,-1,0,0,1,0,0,0,0,0,0,0,0,40.43724823,-86.8919067383,0.0,0.0,0.0,0.0,0.0,0.0,195.537,nan,0.0,75.0,0.0,0.0,0.0,0.0,10.0,-1.0,-1.0,1,0,0,0,0,0,0,0,0,-1,0,0,0,0,0,0,0,0,0,0
1973547441,0,40.4374580383,-86.8930892944,0.0,0.0,0.0,0.0,0.0,0.0,195.513,nan,0.0,75.0,0.0,0.0,0.0,0.0,10.0,-1.0,-1.0,1,0,0,0,0,0,0,0,0,-1,0,0,1,0,0,0,0,0,0,0,0,40.4379768372,-86.8921661377,0.0,0.0,0.0,0.0,0.0,0.0,195.523,nan,0.0,75.0,0.0,0.0,0.0,0.0,10.0,-1.0,-1.0,1,0,0,0,0,0,0,0,0,-1,0,0,1,0,0,0,0,0,0,0,0,40.43724823,-86.8919067383,0.0,0.0,0.0,0.0,0.0,0.0,195.537,nan,0.0,75.0,0.0,0.0,0.0,0.0,10.0,-1.0,-1.0,1,0,0,0,0,0,0,0,0,-1,0,0,0,0,0,0,0,0,0,0
1973773873,0,40.4374580383,-86.8930892944,0.0,0.0,0.0,0.0,0.0,0.0,195.513,nan,0.0,75.0,0.0,0.0,0.0,0.0,10.0,-1.0,-1.0,1,0,0,0,0,0,0,0,0,-1,0,0,1,0,0,0,0,0,0,0,0,40.4379768372,-86.8921661377,0.0,0.0,0.0,0.0,0.0,0.0,195.525,nan,0.0,75.0,0.0,0.0,0.0,0.0,10.0,-1.0,-1.0,1,0,0,0,0,0,0,0,0,-1,0,0,1,0,0,0,0,0,0,0,0,40.43724823,-86.8919067383,0.0,0.0,0.0,0.0,0.0,0.0,195.537,nan,0.0,75.0,0.0,0.0,0.0,0.0,10.0,-1.0,-1.0,1,0,0,0,0,0,0,0,0,-1,0,0,0,0,0,0,0,0,0,0
1973997290,0,40.4374580383,-86.8930892944,0.0,0.0,0.0,0.0,0.0,0.0,195.513,nan,0.0,75.0,0.0,0.0,0.0,0.0,10.0,-1.0,-1.0,1,0,0,0,0,0,0,0,0,-1,0,0,1,0,0,0,0,0,0,0,0,40.4379768372,-86.8921661377,0.0,0.0,0.0,0.0,0.0,0.0,195.526,nan,0.0,75.0,0.0,0.0,0.0,0.0,10.0,-1.0,-1.0,1,0,0,0,0,0,0,0,0,-1,0,0,1,0,0,0,0,0,0,0,0,40.43724823,-86.8919067383,0.0,0.0,0.0,0.0,0.0,0.0,195.537,nan,0.0,75.0,0.0,0.0,0.0,0.0,10.0,-1.0,-1.0,1,0,0,0,0,0,0,0,0,-1,0,0,0,0,0,0,0,0,0,0
1974166732,0,40.4374580383,-86.8930892944,0.0,0.0,0.0,0.0,0.0,0.0,195.513,nan,0.0,75.0,0.0,0.0,0.0,0.0,10.0,-1.0,-1.0,1,0,0,0,0,0,0,0,0,-1,0,0,1,0,0,0,0,0,0,0,0,40.4379768372,-86.8921661377,0.0,0.0,0.0,0.0,0.0,0.0,195.527,nan,0.0,75.0,0.0,0.0,0.0,0.0,10.0,-1.0,-1.0,1,0,0,0,0,0,0,0,0,-1,0,0,1,0,0,0,0,0,0,0,0,40.43724823,-86.8919067383,0.0,0.0,0.0,0.0,0.0,0.0,195.537,nan,0.0,75.0,0.0,0.0,0.0,0.0,10.0,-1.0,-1.0,1,0,0,0,0,0,0,0,0,-1,0,0,0,0,0,0,0,0,0,0
1974386920,0,40.4374580383,-86.8930892944,0.0,0.0,0.0,0.0,0.0,0.0,195.513,nan,0.0,75.0,0.0,0.0,0.0,0.0,10.0,-1.0,-1.0,1,0,0,0,0,0,0,0,0,-1,0,0,1,0,0,0,0,0,0,0,0,40.4379768372,-86.8921661377,0.0,0.0,0.0,0.0,0.0,0.0,195.529,nan,0.0,75.0,0.0,0.0,0.0,0.0,10.0,-1.0,-1.0,1,0,0,0,0,0,0,0,0,-1,0,0,1,0,0,0,0,0,0,0,0,40.43724823,-86.8919067383,0.0,0.0,0.0,0.0,0.0,0.0,195.537,nan,0.0,75.0,0.0,0.0,0.0,0.0,10.0,-1.0,-1.0,1,0,0,0,0,0,0,0,0,-1,0,0,0,0,0,0,0,0,0,0
1974609075,0,40.4374580383,-86.8930892944,0.0,0.0,0.0,0.0,0.0,0.0,195.513,nan,0.0,75.0,0.0,0.0,0.0,0.0,10.0,-1.0,-1.0,1,0,0,0,0,0,0,0,0,-1,0,0,1,0,0,0,0,0,0,0,0,40.4379768372,-86.8921661377,0.0,0.0,0.0,0.0,0.0,0.0,195.53,nan,0.0,75.0,0.0,0.0,0.0,0.0,10.0,-1.0,-1.0,1,0,0,0,0,0,0,0,0,-1,0,0,1,0,0,0,0,0,0,0,0,40.43724823,-86.8919067383,0.0,0.0,0.0,0.0,0.0,0.0,195.537,nan,0.0,75.0,0.0,0.0,0.0,0.0,10.0,-1.0,-1.0,1,0,0,0,0,0,0,0,0,-1,0,0,0,0,0,0,0,0,0,0
1974778428,0,40.4374580383,-86.8930892944,0.0,0.0,0.0,0.0,0.0,0.0,195.513,nan,0.0,75.0,0.0,0.0,0.0,0.0,10.0,-1.0,-1.0,1,0,0,0,0,0,0,0,0,-1,0,0,1,0,0,0,0,0,0,0,0,40.4379768372,-86.8921661377,0.0,0.0,0.0,0.0,0.0,0.0,195.531,nan,0.0,75.0,0.0,0.0,0.0,0.0,10.0,-1.0,-1.0,1,0,0,0,0,0,0,0,0,-1,0,0,1,0,0,0,0,0,0,0,0,40.43724823,-86.8919067383,0.0,0.0,0.0,0.0,0.0,0.0,195.537,nan,0.0,75.0,0.0,0.0,0.0,0.0,10.0,-1.0,-1.0,1,0,0,0,0,0,0,0,0,-1,0,0,0,0,0,0,0,0,0,0
1974998582,0,40.4374580383,-86.8930892944,0.0,0.0,0.0,0.0,0.0,0.0,195.513,nan,0.0,75.0,0.0,0.0,0.0,0.0,10.0,-1.0,-1.0,1,0,0,0,0,0,0,0,0,-1,0,0,1,0,0,0,0,0,0,0,0,40.4379768372,-86.8921661377,0.0,0.0,0.0,0.0,0.0,0.0,195.532,nan,0.0,75.0,0.0,0.0,0.0,0.0,10.0,-1.0,-1.0,1,0,0,0,0,0,0,0,0,-1,0,0,1,0,0,0,0,0,0,0,0,40.43724823,-86.8919067383,0.0,0.0,0.0,0.0,0.0,0.0,195.537,nan,0.0,75.0,0.0,0.0,0.0,0.0,10.0,-1.0,-1.0,1,0,0,0,0,0,0,0,0,-1,0,0,0,0,0,0,0,0,0,0
1975167495,0,40.4374580383,-86.8930892944,0.0,0.0,0.0,0.0,0.0,0.0,195.513,nan,0.0,75.0,0.0,0.0,0.0,0.0,10.0,-1.0,-1.0,1,0,0,0,0,0,0,0,0,-1,0,0,1,0,0,0,0,0,0,0,0,40.4379768372,-86.8921661377,0.0,0.0,0.0,0.0,0.0,0.0,195.534,nan,0.0,75.0,0.0,0.0,0.0,0.0,10.0,-1.0,-1.0,1,0,0,0,0,0,0,0,0,-1,0,0,1,0,0,0,0,0,0,0,0,40.43724823,-86.8919067383,0.0,0.0,0.0,0.0,0.0,0.0,195.537,nan,0.0,75.0,0.0,0.0,0.0,0.0,10.0,-1.0,-1.0,1,0,0,0,0,0,0,0,0,-1,0,0,0,0,0,0,0,0,0,0
1975389127,0,40.4374580383,-86.8930892944,0.0,0.0,0.0,0.0,0.0,0.0,195.513,nan,0.0,75.0,0.0,0.0,0.0,0.0,10.0,-1.0,-1.0,1,0,0,0,0,0,0,0,0,-1,0,0,1,0,0,0,0,0,0,0,0,40.4379768372,-86.8921661377,0.0,0.0,0.0,0.0,0.0,0.0,195.536,nan,0.0,75.0,0.0,0.0,0.0,0.0,10.0,-1.0,-1.0,1,0,0,0,0,0,0,0,0,-1,0,0,1,0,0,0,0,0,0,0,0,40.43724823,-86.8919067383,0.0,0.0,0.0,0.0,0.0,0.0,195.537,nan,0.0,75.0,0.0,0.0,0.0,0.0,10.0,-1.0,-1.0,1,0,0,0,0,0,0,0,0,-1,0,0,0,0,0,0,0,0,0,0
1975615379,0,40.4379768372,-86.8921661377,0.0,0.0,0.0,0.0,0.0,0.0,195.537,nan,0.0,75.0,0.0,0.0,0.0,0.0,10.0,-1.0,-1.0,1,0,0,0,0,0,0,0,0,-1,0,0,1,0,0,0,0,0,0,0,0,40.43724823,-86.8919067383,0.0,0.0,0.0,0.0,0.0,0.0,195.537,nan,0.0,75.0,0.0,0.0,0.0,0.0,10.0,-1.0,-1.0,1,0,0,0,0,0,0,0,0,-1,0,0,1,0,0,0,0,0,0,0,0,40.436164856,-86.8922424316,0.0,0.0,0.0,0.0,0.0,0.0,185.537,nan,0.0,75.0,0.0,0.0,0.0,0.0,10.0,-1.0,-1.0,1,0,0,0,0,0,0,0,0,-1,0,0,0,0,0,0,0,0,0,0
1975786732,0,40.4379768372,-86.8921661377,0.0,0.0,0.0,0.0,0.0,0.0,195.537,nan,0.0,75.0,0.0,0.0,0.0,0.0,10.0,-1.0,-1.0,1,0,0,0,0,0,0,0,0,-1,0,0,1,0,0,0,0,0,0,0,0,40.43724823,-86.8919067383,0.0,0.0,0.0,0.0,0.0,0.0,195.537,nan,0.0,75.0,0.0,0.0,0.0,0.0,10.0,-1.0,-1.0,1,0,0,0,0,0,0,0,0,-1,0,0,1,0,0,0,0,0,0,0,0,40.436164856,-86.8922424316,0.0,0.0,0.0,0.0,0.0,0.0,185.537,nan,0.0,75.0,0.0,0.0,0.0,0.0,10.0,-1.0,-1.0,1,0,0,0,0,0,0,0,0,-1,0,0,0,0,0,0,0,0,0,0
1976008325,0,40.4379768372,-86.8921661377,0.0,0.0,0.0,0.0,0.0,0.0,195.537,nan,0.0,75.0,0.0,0.0,0.0,0.0,10.0,-1.0,-1.0,1,0,0,0,0,0,0,0,0,-1,0,0,1,0,0,0,0,0,0,0,0,40.43724823,-86.8919067383,0.0,0.0,0.0,0.0,0.0,0.0,195.537,nan,0.0,75.0,0.0,0.0,0.0,0.0,10.0,-1.0,-1.0,1,0,0,0,0,0,0,0,0,-1,0,0,1,0,0,0,0,0,0,0,0,40.436164856,-86.8922424316,0.0,0.0,0.0,0.0,0.0,0.0,185.537,nan,0.0,75.0,0.0,0.0,0.0,0.0,10.0,-1.0,-1.0,1,0,0,0,0,0,0,0,0,-1,0,0,0,0,0,0,0,0,0,0
1976176315,0,40.4379768372,-86.8921661377,0.0,0.0,0.0,0.0,0.0,0.0,195.537,nan,0.0,75.0,0.0,0.0,0.0,0.0,10.0,-1.0,-1.0,1,0,0,0,0,0,0,0,0,-1,0,0,1,0,0,0,0,0,0,0,0,40.43724823,-86.8919067383,0.0,0.0,0.0,0.0,0.0,0.0,195.537,nan,0.0,75.0,0.0,0.0,0.0,0.0,10.0,-1.0,-1.0,1,0,0,0,0,0,0,0,0,-1,0,0,1,0,0,0,0,0,0,0,0,40.436164856,-86.8922424316,0.0,0.0,0.0,0.0,0.0,0.0,185.537,nan,0.0,75.0,0.0,0.0,0.0,0.0,10.0,-1.0,-1.0,1,0,0,0,0,0,0,0,0,-1,0,0,0,0,0,0,0,0,0,0
1976398676,0,40.4379768372,-86.8921661377,0.0,0.0,0.0,0.0,0.0,0.0,195.537,nan,0.0,75.0,0.0,0.0,0.0,0.0,10.0,-1.0,-1.0,1,0,0,0,0,0,0,0,0,-1,0,0,1,0,0,0,0,0,0,0,0,40.43724823,-86.8919067383,0.0,0.0,0.0,0.0,0.0,0.0,195.537,nan,0.0,75.0,0.0,0.0,0.0,0.0,10.0,-1.0,-1.0,1,0,0,0,0,0,0,0,0,-1,0,0,1,0,0,0,0,0,0,0,0,40.436164856,-86.8922424316,0.0,0.0,0.0,0.0,0.0,0.0,185.537,nan,0.0,75.0,0.0,0.0,0.0,0.0,10.0,-1.0,-1.0,1,0,0,0,0,0,0,0,0,-1,0,0,0,0,0,0,0,0,0,0
1976622728,0,40.4379768372,-86.8921661377,0.0,0.0,0.0,0.0,0.0,0.0,195.537,nan,0.0,75.0,0.0,0.0,0.0,0.0,10.0,-1.0,-1.0,1,0,0,0,0,0,0,0,0,-1,0,0,1,0,0,0,0,0,0,0,0,40.43724823,-86.8919067383,0.0,0.0,0.0,0.0,0.0,0.0,195.537,nan,0.0,75.0,0.0,0.0,0.0,0.0,10.0,-1.0,-1.0,1,0,0,0,0,0,0,0,0,-1,0,0,1,0,0,0,0,0,0,0,0,40.436164856,-86.8922424316,0.0,0.0,0.0,0.0,0.0,0.0,185.537,nan,0.0,75.0,0.0,0.0,0.0,0.0,10.0,-1.0,-1.0,1,0,0,0,0,0,0,0,0,-1,0,0,0,0,0,0,0,0,0,0
1976792318,0,40.4379768372,-86.8921661377,0.0,0.0,0.0,0.0,0.0,0.0,195.537,nan,0.0,75.0,0.0,0.0,0.0,0.0,10.0,-1.0,-1.0,1,0,0,0,0,0,0,0,0,-1,0,0,1,0,0,0,0,0,0,0,0,40.43724823,-86.8919067383,0.0,0.0,0.0,0.0,0.0,0.0,195.537,nan,0.0,75.0,0.0,0.0,0.0,0.0,10.0,-1.0,-1.0,1,0,0,0,0,0,0,0,0,-1,0,0,1,0,0,0,0,0,0,0,0,40.436164856,-86.8922424316,0.0,0.0,0.0,0.0,0.0,0.0,185.537,nan,0.0,75.0,0.0,0.0,0.0,0.0,10.0,-1.0,-1.0,1,0,0,0,0,0,0,0,0,-1,0,0,0,0,0,0,0,0,0,0
1977018455,0,40.4379768372,-86.8921661377,0.0,0.0,0.0,0.0,0.0,0.0,195.537,nan,0.0,75.0,0.0,0.0,0.0,0.0,10.0,-1.0,-1.0,1,0,0,0,0,0,0,0,0,-1,0,0,1,0,0,0,0,0,0,0,0,40.43724823,-86.8919067383,0.0,0.0,0.0,0.0,0.0,0.0,195.537,nan,0.0,75.0,0.0,0.0,0.0,0.0,10.0,-1.0,-1.0,1,0,0,0,0,0,0,0,0,-1,0,0,1,0,0,0,0,0,0,0,0,40.436164856,-86.8922424316,0.0,0.0,0.0,0.0,0.0,0.0,185.537,nan,0.0,75.0,0.0,0.0,0.0,0.0,10.0,-1.0,-1.0,1,0,0,0,0,0,0,0,0,-1,0,0,0,0,0,0,0,0,0,0
1977186014,0,40.4379768372,-86.8921661377,0.0,0.0,0.0,0.0,0.0,0.0,195.537,nan,0.0,75.0,0.0,0.0,0.0,0.0,10.0,-1.0,-1.0,1,0,0,0,0,0,0,0,0,-1,0,0,1,0,0,0,0,0,0,0,0,40.43724823,-86.8919067383,0.0,0.0,0.0,0.0,0.0,0.0,195.537,nan,0.0,75.0,0.0,0.0,0.0,0.0,10.0,-1.0,-1.0,1,0,0,0,0,0,0,0,0,-1,0,0,1,0,0,0,0,0,0,0,0,40.436164856,-86.8922424316,0.0,0.0,0.0,0.0,0.0,0.0,185.537,nan,0.0,75.0,0.0,0.0,0.0,0.0,10.0,-1.0,-1.0,1,0,0,0,0,0,0,0,0,-1,0,0,0,0,0,0,0,0,0,0
1977407427,0,40.43724823,-86.8919067383,0.0,0.0,0.0,0.0,0.0,0.0,195.537,nan,0.0,75.0,0.0,0.0,0.0,0.0,10.0,-1.0,-1.0,1,0,0,0,0,0,0,0,0,-1,0,0,1,0,0,0,0,0,0,0,0,40.436164856,-86.8922424316,0.0,0.0,0.0,0.0,0.0,0.0,195.537,nan,0.0,75.0,0.0,0.0,0.0,0.0,10.0,-1.0,-1.0,1,0,0,0,0,0,0,0,0,-1,0,0,1,0,0,0,0,0,0,0,0,40.4354362488,-86.892288208,0.0,0.0,0.0,0.0,0.0,0.0,165.537,nan,0.0,75.0,0.0,0.0,0.0,0.0,10.0,-1.0,-1.0,1,0,0,0,0,0,0,0,0,-1,0,0,0,0,0,0,0,0,0,0
1977632840,0,40.43724823,-86.8919067383,0.0,0.0,0.0,0.0,0.0,0.0,195.537,nan,0.0,75.0,0.0,0.0,0.0,0.0,10.0,-1.0,-1.0,1,0,0,0,0,0,0,0,0,-1,0,0,1,0,0,0,0,0,0,0,0,40.436164856,-86.8922424316,0.0,0.0,0.0,0.0,0.0,0.0,195.537,nan,0.0,75.0,0.0,0.0,0.0,0.0,10.0,-1.0,-1.0,1,0,0,0,0,0,0,0,0,-1,0,0,1,0,0,0,0,0,0,0,0,40.4354362488,-86.892288208,0.0,0.0,0.0,0.0,0.0,0.0,165.537,nan,0.0,75.0,0.0,0.0,0.0,0.0,10.0,-1.0,-1.0,1,0,0,0,0,0,0,0,0,-1,0,0,0,0,0,0,0,0,0,0
1977798094,0,40.43724823,-86.8919067383,0.0,0.0,0.0,0.0,0.0,0.0,195.537,nan,0.0,75.0,0.0,0.0,0.0,0.0,10.0,-1.0,-1.0,1,0,0,0,0,0,0,0,0,-1,0,0,1,0,0,0,0,0,0,0,0,40.436164856,-86.8922424316,0.0,0.0,0.0,0.0,0.0,0.0,195.537,nan,0.0,75.0,0.0,0.0,0.0,0.0,10.0,-1.0,-1.0,1,0,0,0,0,0,0,0,0,-1,0,0,1,0,0,0,0,0,0,0,0,40.4354362488,-86.892288208,0.0,0.0,0.0,0.0,0.0,0.0,165.537,nan,0.0,75.0,0.0,0.0,0.0,0.0,10.0,-1.0,-1.0,1,0,0,0,0,0,0,0,0,-1,0,0,0,0,0,0,0,0,0,0
1978022819,0,40.43724823,-86.8919067383,0.0,0.0,0.0,0.0,0.0,0.0,195.537,nan,0.0,75.0,0.0,0.0,0.0,0.0,10.0,-1.0,-1.0,1,0,0,0,0,0,0,0,0,-1,0,0,1,0,0,0,0,0,0,0,0,40.436164856,-86.8922424316,0.0,0.0,0.0,0.0,0.0,0.0,195.537,nan,0.0,75.0,0.0,0.0,0.0,0.0,10.0,-1.0,-1.0,1,0,0,0,0,0,0,0,0,-1,0,0,1,0,0,0,0,0,0,0,0,40.4354362488,-86.892288208,0.0,0.0,0.0,0.0,0.0,0.0,165.537,nan,0.0,75.0,0.0,0.0,0.0,0.0,10.0,-1.0,-1.0,1,0,0,0,0,0,0,0,0,-1,0,0,0,0,0,0,0,0,0,0
1978191561,0,40.43724823,-86.8919067383,0.0,0.0,0.0,0.0,0.0,0.0,195.537,nan,0.0,75.0,0.0,0.0,0.0,0.0,10.0,-1.0,-1.0,1,0,0,0,0,0,0,0,0,-1,0,0,1,0,0,0,0,0,0,0,0,40.436164856,-86.8922424316,0.0,0.0,0.0,0.0,0.0,0.0,195.537,nan,0.0,75.0,0.0,0.0,0.0,0.0,10.0,-1.0,-1.0,1,0,0,0,0,0,0,0,0,-1,0,0,1,0,0,0,0,0,0,0,0,40.4354362488,-86.892288208,0.0,0.0,0.0,0.0,0.0,0.0,165.537,nan,0.0,75.0,0.0,0.0,0.0,0.0,10.0,-1.0,-1.0,1,0,0,0,0,0,0,0,0,-1,0,0,0,0,0,0,0,0,0,0
1978416173,0,40.43724823,-86.8919067383,0.0,0.0,0.0,0.0,0.0,0.0,195.537,nan,0.0,75.0,0.0,0.0,0.0,0.0,10.0,-1.0,-1.0,1,0,0,0,0,0,0,0,0,-1,0,0,1,0,0,0,0,0,0,0,0,40.436164856,-86.8922424316,0.0,0.0,0.0,0.0,0.0,0.0,195.537,nan,0.0,75.0,0.0,0.0,0.0,0.0,10.0,-1.0,-1.0,1,0,0,0,0,0,0,0,0,-1,0,0,1,0,0,0,0,0,0,0,0,40.4354362488,-86.892288208,0.0,0.0,0.0,0.0,0.0,0.0,165.537,nan,0.0,75.0,0.0,0.0,0.0,0.0,10.0,-1.0,-1.0,1,0,0,0,0,0,0,0,0,-1,0,0,0,0,0,0,0,0,0,0
1978642433,0,40.43724823,-86.8919067383,0.0,0.0,0.0,0.0,0.0,0.0,195.537,nan,0.0,75.0,0.0,0.0,0.0,0.0,10.0,-1.0,-1.0,1,0,0,0,0,0,0,0,0,-1,0,0,1,0,0,0,0,0,0,0,0,40.436164856,-86.8922424316,0.0,0.0,0.0,0.0,0.0,0.0,195.537,nan,0.0,75.0,0.0,0.0,0.0,0.0,10.0,-1.0,-1.0,1,0,0,0,0,0,0,0,0,-1,0,0,1,0,0,0,0,0,0,0,0,40.4354362488,-86.892288208,0.0,0.0,0.0,0.0,0.0,0.0,165.537,nan,0.0,75.0,0.0,0.0,0.0,0.0,10.0,-1.0,-1.0,1,0,0,0,0,0,0,0,0,-1,0,0,0,0,0,0,0,0,0,0
1978807421,0,40.43724823,-86.8919067383,0.0,0.0,0.0,0.0,0.0,0.0,195.537,nan,0.0,75.0,0.0,0.0,0.0,0.0,10.0,-1.0,-1.0,1,0,0,0,0,0,0,0,0,-1,0,0,1,0,0,0,0,0,0,0,0,40.436164856,-86.8922424316,0.0,0.0,0.0,0.0,0.0,0.0,195.537,nan,0.0,75.0,0.0,0.0,0.0,0.0,10.0,-1.0,-1.0,1,0,0,0,0,0,0,0,0,-1,0,0,1,0,0,0,0,0,0,0,0,40.4354362488,-86.892288208,0.0,0.0,0.0,0.0,0.0,0.0,165.537,nan,0.0,75.0,0.0,0.0,0.0,0.0,10.0,-1.0,-1.0,1,0,0,0,0,0,0,0,0,-1,0,0,0,0,0,0,0,0,0,0
1979031422,0,40.43724823,-86.8919067383,0.0,0.0,0.0,0.0,0.0,0.0,195.537,nan,0.0,75.0,0.0,0.0,0.0,0.0,10.0,-1.0,-1.0,1,0,0,0,0,0,0,0,0,-1,0,0,1,0,0,0,0,0,0,0,0,40.436164856,-86.8922424316,0.0,0.0,0.0,0.0,0.0,0.0,195.537,nan,0.0,75.0,0.0,0.0,0.0,0.0,10.0,-1.0,-1.0,1,0,0,0,0,0,0,0,0,-1,0,0,1,0,0,0,0,0,0,0,0,40.4354362488,-86.892288208,0.0,0.0,0.0,0.0,0.0,0.0,165.537,nan,0.0,75.0,0.0,0.0,0.0,0.0,10.0,-1.0,-1.0,1,0,0,0,0,0,0,0,0,-1,0,0,0,0,0,0,0,0,0,0
1979256359,0,40.43724823,-86.8919067383,0.0,0.0,0.0,0.0,0.0,0.0,195.537,nan,0.0,75.0,0.0,0.0,0.0,0.0,10.0,-1.0,-1.0,1,0,0,0,0,0,0,0,0,-1,0,0,1,0,0,0,0,0,0,0,0,40.436164856,-86.8922424316,0.0,0.0,0.0,0.0,0.0,0.0,195.537,nan,0.0,75.0,0.0,0.0,0.0,0.0,10.0,-1.0,-1.0,1,0,0,0,0,0,0,0,0,-1,0,0,1,0,0,0,0,0,0,0,0,40.4354362488,-86.892288208,0.0,0.0,0.0,0.0,0.0,0.0,165.537,nan,0.0,75.0,0.0,0.0,0.0,0.0,10.0,-1.0,-1.0,1,0,0,0,0,0,0,0,0,-1,0,0,0,0,0,0,0,0,0,0
1979426366,0,40.43724823,-86.8919067383,0.0,0.0,0.0,0.0,0.0,0.0,195.537,nan,0.0,75.0,0.0,0.0,0.0,0.0,10.0,-1.0,-1.0,1,0,0,0,0,0,0,0,0,-1,0,0,1,0,0,0,0,0,0,0,0,40.436164856,-86.8922424316,0.0,0.0,0.0,0.0,0.0,0.0,195.537,nan,0.0,75.0,0.0,0.0,0.0,0.0,10.0,-1.0,-1.0,1,0,0,0,0,0,0,0,0,-1,0,0,1,0,0,0,0,0,0,0,0,40.4354362488,-86.892288208,0.0,0.0,0.0,0.0,0.0,0.0,165.537,nan,0.0,75.0,0.0,0.0,0.0,0.0,10.0,-1.0,-1.0,1,0,0,0,0,0,0,0,0,-1,0,0,0,0,0,0,0,0,0,0
1979646669,0,40.43724823,-86.8919067383,0.0,0.0,0.0,0.0,0.0,0.0,195.537,nan,0.0,75.0,0.0,0.0,0.0,0.0,10.0,-1.0,-1.0,1,0,0,0,0,0,0,0,0,-1,0,0,1,0,0,0,0,0,0,0,0,40.436164856,-86.8922424316,0.0,0.0,0.0,0.0,0.0,0.0,195.537,nan,0.0,75.0,0.0,0.0,0.0,0.0,10.0,-1.0,-1.0,1,0,0,0,0,0,0,0,0,-1,0,0,1,0,0,0,0,0,0,0,0,40.4354362488,-86.892288208,0.0,0.0,0.0,0.0,0.0,0.0,165.537,nan,0.0,75.0,0.0,0.0,0.0,0.0,10.0,-1.0,-1.0,1,0,0,0,0,0,0,0,0,-1,0,0,0,0,0,0,0,0,0,0
1979823972,0,40.43724823,-86.8919067383,0.0,0.0,0.0,0.0,0.0,0.0,195.537,nan,0.0,75.0,0.0,0.0,0.0,0.0,10.0,-1.0,-1.0,1,0,0,0,0,0,0,0,0,-1,0,0,1,0,0,0,0,0,0,0,0,40.436164856,-86.8922424316,0.0,0.0,0.0,0.0,0.0,0.0,195.537,nan,0.0,75.0,0.0,0.0,0.0,0.0,10.0,-1.0,-1.0,1,0,0,0,0,0,0,0,0,-1,0,0,1,0,0,0,0,0,0,0,0,40.4354362488,-86.892288208,0.0,0.0,0.0,0.0,0.0,0.0,165.537,nan,0.0,75.0,0.0,0.0,0.0,0.0,10.0,-1.0,-1.0,1,0,0,0,0,0,0,0,0,-1,0,0,0,0,0,0,0,0,0,0
1980040012,0,40.43724823,-86.8919067383,0.0,0.0,0.0,0.0,0.0,0.0,195.537,nan,0.0,75.0,0.0,0.0,0.0,0.0,10.0,-1.0,-1.0,1,0,0,0,0,0,0,0,0,-1,0,0,1,0,0,0,0,0,0,0,0,40.436164856,-86.8922424316,0.0,0.0,0.0,0.0,0.0,0.0,195.537,nan,0.0,75.0,0.0,0.0,0.0,0.0,10.0,-1.0,-1.0,1,0,0,0,0,0,0,0,0,-1,0,0,1,0,0,0,0,0,0,0,0,40.4354362488,-86.892288208,0.0,0.0,0.0,0.0,0.0,0.0,165.537,nan,0.0,75.0,0.0,0.0,0.0,0.0,10.0,-1.0,-1.0,1,0,0,0,0,0,0,0,0,-1,0,0,0,0,0,0,0,0,0,0
1980261221,0,40.43724823,-86.8919067383,0.0,0.0,0.0,0.0,0.0,0.0,195.537,nan,0.0,75.0,0.0,0.0,0.0,0.0,10.0,-1.0,-1.0,1,0,0,0,0,0,0,0,0,-1,0,0,1,0,0,0,0,0,0,0,0,40.436164856,-86.8922424316,0.0,0.0,0.0,0.0,0.0,0.0,195.537,nan,0.0,75.0,0.0,0.0,0.0,0.0,10.0,-1.0,-1.0,1,0,0,0,0,0,0,0,0,-1,0,0,1,0,0,0,0,0,0,0,0,40.4354362488,-86.892288208,0.0,0.0,0.0,0.0,0.0,0.0,165.537,nan,0.0,75.0,0.0,0.0,0.0,0.0,10.0,-1.0,-1.0,1,0,0,0,0,0,0,0,0,-1,0,0,0,0,0,0,0,0,0,0
1980430039,0,40.43724823,-86.8919067383,0.0,0.0,0.0,0.0,0.0,0.0,195.537,nan,0.0,75.0,0.0,0.0,0.0,0.0,10.0,-1.0,-1.0,1,0,0,0,0,0,0,0,0,-1,0,0,1,0,0,0,0,0,0,0,0,40.436164856,-86.8922424316,0.0,0.0,0.0,0.0,0.0,0.0,195.537,nan,0.0,75.0,0.0,0.0,0.0,0.0,10.0,-1.0,-1.0,1,0,0,0,0,0,0,0,0,-1,0,0,1,0,0,0,0,0,0,0,0,40.4354362488,-86.892288208,0.0,0.0,0.0,0.0,0.0,0.0,165.537,nan,0.0,75.0,0.0,0.0,0.0,0.0,10.0,-1.0,-1.0,1,0,0,0,0,0,0,0,0,-1,0,0,0,0,0,0,0,0,0,0
1980655686,0,40.43724823,-86.8919067383,0.0,0.0,0.0,0.0,0.0,0.0,195.537,nan,0.0,75.0,0.0,0.0,0.0,0.0,10.0,-1.0,-1.0,1,0,0,0,0,0,0,0,0,-1,0,0,1,0,0,0,0,0,0,0,0,40.436164856,-86.8922424316,0.0,0.0,0.0,0.0,0.0,0.0,195.537,nan,0.0,75.0,0.0,0.0,0.0,0.0,10.0,-1.0,-1.0,1,0,0,0,0,0,0,0,0,-1,0,0,1,0,0,0,0,0,0,0,0,40.4354362488,-86.892288208,0.0,0.0,0.0,0.0,0.0,0.0,165.537,nan,0.0,75.0,0.0,0.0,0.0,0.0,10.0,-1.0,-1.0,1,0,0,0,0,0,0,0,0,-1,0,0,0,0,0,0,0,0,0,0
1980824928,0,40.43724823,-86.8919067383,0.0,0.0,0.0,0.0,0.0,0.0,195.537,nan,0.0,75.0,0.0,0.0,0.0,0.0,10.0,-1.0,-1.0,1,0,0,0,0,0,0,0,0,-1,0,0,1,0,0,0,0,0,0,0,0,40.436164856,-86.8922424316,0.0,0.0,0.0,0.0,0.0,0.0,195.537,nan,0.0,75.0,0.0,0.0,0.0,0.0,10.0,-1.0,-1.0,1,0,0,0,0,0,0,0,0,-1,0,0,1,0,0,0,0,0,0,0,0,40.4354362488,-86.892288208,0.0,0.0,0.0,0.0,0.0,0.0,165.537,nan,0.0,75.0,0.0,0.0,0.0,0.0,10.0,-1.0,-1.0,1,0,0,0,0,0,0,0,0,-1,0,0,0,0,0,0,0,0,0,0
1981045865,0,40.43724823,-86.8919067383,0.0,0.0,0.0,0.0,0.0,0.0,195.537,nan,0.0,75.0,0.0,0.0,0.0,0.0,10.0,-1.0,-1.0,1,0,0,0,0,0,0,0,0,-1,0,0,1,0,0,0,0,0,0,0,0,40.436164856,-86.8922424316,0.0,0.0,0.0,0.0,0.0,0.0,195.537,nan,0.0,75.0,0.0,0.0,0.0,0.0,10.0,-1.0,-1.0,1,0,0,0,0,0,0,0,0,-1,0,0,1,0,0,0,0,0,0,0,0,40.4354362488,-86.892288208,0.0,0.0,0.0,0.0,0.0,0.0,165.537,nan,0.0,75.0,0.0,0.0,0.0,0.0,10.0,-1.0,-1.0,1,0,0,0,0,0,0,0,0,-1,0,0,0,0,0,0,0,0,0,0
1981271663,0,40.43724823,-86.8919067383,0.0,0.0,0.0,0.0,0.0,0.0,195.537,nan,0.0,75.0,0.0,0.0,0.0,0.0,10.0,-1.0,-1.0,1,0,0,0,0,0,0,0,0,-1,0,0,1,0,0,0,0,0,0,0,0,40.436164856,-86.8922424316,0.0,0.0,0.0,0.0,0.0,0.0,195.537,nan,0.0,75.0,0.0,0.0,0.0,0.0,10.0,-1.0,-1.0,1,0,0,0,0,0,0,0,0,-1,0,0,1,0,0,0,0,0,0,0,0,40.4354362488,-86.892288208,0.0,0.0,0.0,0.0,0.0,0.0,165.537,nan,0.0,75.0,0.0,0.0,0.0,0.0,10.0,-1.0,-1.0,1,0,0,0,0,0,0,0,0,-1,0,0,0,0,0,0,0,0,0,0
1981440026,0,40.43724823,-86.8919067383,0.0,0.0,0.0,0.0,0.0,0.0,195.537,nan,0.0,75.0,0.0,0.0,0.0,0.0,10.0,-1.0,-1.0,1,0,0,0,0,0,0,0,0,-1,0,0,1,0,0,0,0,0,0,0,0,40.436164856,-86.8922424316,0.0,0.0,0.0,0.0,0.0,0.0,195.537,nan,0.0,75.0,0.0,0.0,0.0,0.0,10.0,-1.0,-1.0,1,0,0,0,0,0,0,0,0,-1,0,0,1,0,0,0,0,0,0,0,0,40.4354362488,-86.892288208,0.0,0.0,0.0,0.0,0.0,0.0,165.537,nan,0.0,75.0,0.0,0.0,0.0,0.0,10.0,-1.0,-1.0,1,0,0,0,0,0,0,0,0,-1,0,0,0,0,0,0,0,0,0,0
1981665859,0,40.43724823,-86.8919067383,0.0,0.0,0.0,0.0,0.0,0.0,195.537,nan,0.0,75.0,0.0,0.0,0.0,0.0,10.0,-1.0,-1.0,1,0,0,0,0,0,0,0,0,-1,0,0,1,0,0,0,0,0,0,0,0,40.436164856,-86.8922424316,0.0,0.0,0.0,0.0,0.0,0.0,195.537,nan,0.0,75.0,0.0,0.0,0.0,0.0,10.0,-1.0,-1.0,1,0,0,0,0,0,0,0,0,-1,0,0,1,0,0,0,0,0,0,0,0,40.4354362488,-86.892288208,0.0,0.0,0.0,0.0,0.0,0.0,165.537,nan,0.0,75.0,0.0,0.0,0.0,0.0,10.0,-1.0,-1.0,1,0,0,0,0,0,0,0,0,-1,0,0,0,0,0,0,0,0,0,0
1981834403,0,40.43724823,-86.8919067383,0.0,0.0,0.0,0.0,0.0,0.0,195.537,nan,0.0,75.0,0.0,0.0,0.0,0.0,10.0,-1.0,-1.0,1,0,0,0,0,0,0,0,0,-1,0,0,1,0,0,0,0,0,0,0,0,40.436164856,-86.8922424316,0.0,0.0,0.0,0.0,0.0,0.0,195.537,nan,0.0,75.0,0.0,0.0,0.0,0.0,10.0,-1.0,-1.0,1,0,0,0,0,0,0,0,0,-1,0,0,1,0,0,0,0,0,0,0,0,40.4354362488,-86.892288208,0.0,0.0,0.0,0.0,0.0,0.0,165.537,nan,0.0,75.0,0.0,0.0,0.0,0.0,10.0,-1.0,-1.0,1,0,0,0,0,0,0,0,0,-1,0,0,0,0,0,0,0,0,0,0
1982058585,0,40.43724823,-86.8919067383,0.0,0.0,0.0,0.0,0.0,0.0,195.537,nan,0.0,75.0,0.0,0.0,0.0,0.0,10.0,-1.0,-1.0,1,0,0,0,0,0,0,0,0,-1,0,0,1,0,0,0,0,0,0,0,0,40.436164856,-86.8922424316,0.0,0.0,0.0,0.0,0.0,0.0,188.686,nan,0.0,75.0,0.0,0.0,0.0,0.0,10.0,-1.0,-1.0,1,0,0,0,0,0,0,0,0,-1,0,0,1,0,0,0,0,0,0,0,0,40.4354362488,-86.892288208,0.0,0.0,0.0,0.0,0.0,0.0,165.537,nan,0.0,75.0,0.0,0.0,0.0,0.0,10.0,-1.0,-1.0,1,0,0,0,0,0,0,0,0,-1,0,0,0,0,0,0,0,0,0,0
1982250609,0,40.436164856,-86.8922424316,0.0,0.0,0.0,0.0,0.0,0.0,185.577,nan,0.0,75.0,0.0,0.0,0.0,0.0,10.0,-1.0,-1.0,1,0,0,0,0,0,0,0,0,-1,0,0,1,0,0,0,0,0,0,0,0,40.4354362488,-86.892288208,0.0,0.0,0.0,0.0,0.0,0.0,165.537,nan,0.0,75.0,0.0,0.0,0.0,0.0,10.0,-1.0,-1.0,1,0,0,0,0,0,0,0,0,-1,0,0,1,0,0,0,0,0,0,0,0,40.4351997375,-86.8929138184,0.0,0.0,0.0,0.0,0.0,0.0,194.014,0.0,0.0,30.0,0.0,0.0,0.0,0.0,10.0,-1.0,-1.0,1,2,0,0,0,0,1,0,0,1,0,0,0,0,0,0,0,0,0,0
1987104790,0,40.436164856,-86.8922424316,0.0,0.0,0.0,0.0,0.0,0.0,185.577,nan,0.0,75.0,0.0,0.0,0.0,0.0,10.0,-1.0,-1.0,1,0,0,0,0,0,0,0,0,-1,0,0,1,0,0,0,0,0,0,0,0,40.4354362488,-86.892288208,0.0,0.0,0.0,0.0,0.0,0.0,165.537,nan,0.0,75.0,0.0,0.0,0.0,0.0,10.0,-1.0,-1.0,1,0,0,0,0,0,0,0,0,-1,0,0,1,0,0,0,0,0,0,0,0,40.4351997375,-86.8929138184,0.0,0.0,0.0,0.0,0.0,0.0,175.537,0.0,0.0,30.0,0.0,0.0,0.0,0.0,10.0,-1.0,-1.0,1,2,0,0,0,0,1,0,0,1,0,0,0,0,0,0,0,0,0,0
1987266617,0,40.436164856,-86.8922424316,0.0,0.0,0.0,0.0,0.0,0.0,185.577,nan,0.0,75.0,0.0,0.0,0.0,0.0,10.0,-1.0,-1.0,1,0,0,0,0,0,0,0,0,-1,0,0,1,0,0,0,0,0,0,0,0,40.4354362488,-86.892288208,0.0,0.0,0.0,0.0,0.0,0.0,165.537,nan,0.0,75.0,0.0,0.0,0.0,0.0,10.0,-1.0,-1.0,1,0,0,0,0,0,0,0,0,-1,0,0,1,0,0,0,0,0,0,0,0,40.4351997375,-86.8929138184,0.0,0.0,0.0,0.0,0.0,0.0,175.537,0.0,0.0,30.0,0.0,0.0,0.0,0.0,10.0,-1.0,-1.0,1,2,0,0,0,0,1,0,0,1,0,0,0,0,0,0,0,0,0,0
1987328946,0,40.4354362488,-86.892288208,0.0,0.0,0.0,0.0,0.0,0.0,165.537,nan,0.0,75.0,0.0,0.0,0.0,0.0,10.0,-1.0,-1.0,1,0,0,0,0,0,0,0,0,-1,0,0,1,0,0,0,0,0,0,0,0,40.4351997375,-86.8929138184,0.0,0.0,0.0,0.0,0.0,0.0,175.537,0.0,0.0,30.0,0.0,0.0,0.0,0.0,10.0,-1.0,-1.0,1,2,0,0,0,0,1,0,0,1,0,0,1,0,0,0,0,0,0,0,0,40.4374809265,-86.8930053711,0.0,0.0,0.0,0.0,0.0,0.0,155.537,0.0,0.0,75.0,0.0,0.0,0.0,0.0,10.0,-1.0,-1.0,1,4,0,0,0,0,1,0,0,-1,0,0,0,0,0,0,0,0,0,0
2000716416,0,40.4352234365,-86.893266912,0.0,0.0,0.0,0.0,0.0,0.0,175.537,0.0,0.0,30.0,0.0,0.0,0.0,0.0,10.0,-1.0,-1.0,1,2,0,0,0,0,1,0,0,1,0,0,1,0,0,0,0,0,0,0,0,40.4374809265,-86.8930053711,0.0,0.0,0.0,0.0,0.0,0.0,155.537,nan,0.0,75.0,0.0,0.0,0.0,0.0,10.0,-1.0,-1.0,1,4,0,0,0,0,0,0,0,-1,0,0,1,0,0,0,0,0,0,0,0,40.4374809265,-86.8930053711,0.0,0.0,0.0,0.0,0.0,0.0,155.537,0.0,0.0,75.0,0.0,0.0,0.0,0.0,10.0,-1.0,-1.0,0,4,0,0,0,0,1,0,0,-1,0,0,0,0,0,0,0,0,0,0
2045385177,0,40.4352234365,-86.893266912,0.0,0.0,0.0,0.0,0.0,0.0,175.537,0.0,0.0,30.0,0.0,0.0,0.0,0.0,10.0,-1.0,-1.0,0,2,0,0,0,0,1,0,0,1,0,0,1,0,0,0,0,0,0,0,0,40.4374809265,-86.8930053711,0.0,0.0,0.0,0.0,0.0,0.0,155.537,nan,0.0,75.0,0.0,0.0,0.0,0.0,10.0,-1.0,-1.0,1,4,0,0,0,0,0,0,0,-1,0,0,1,0,0,0,0,0,0,0,0,40.4374809265,-86.8930053711,0.0,0.0,0.0,0.0,0.0,0.0,155.537,0.0,0.0,75.0,0.0,0.0,0.0,0.0,10.0,-1.0,-1.0,0,4,0,0,0,0,1,0,0,-1,0,0,0,0,0,0,0,0,0,0
2051581585,0,40.4374809265,-86.8930053711,0.0,0.0,0.0,0.0,0.0,0.0,155.537,nan,0.0,75.0,0.0,0.0,0.0,0.0,10.0,-1.0,-1.0,0,4,0,0,0,0,0,0,0,-1,0,0,1,0,0,0,0,0,0,0,0,40.4364814758,-86.8931350708,0.0,0.0,0.0,0.0,0.0,0.0,183.801,nan,0.0,75.0,15.0,0.0,0.0,0.0,10.0,-1.0,-1.0,1,3,0,0,0,0,0,0,0,-1,0,0,1,0,0,0,0,0,0,0,0,40.4374580383,-86.8930892944,0.0,0.0,0.0,0.0,0.0,0.0,193.801,nan,0.0,75.0,0.0,0.0,0.0,0.0,10.0,-1.0,-1.0,1,0,0,0,0,0,0,0,0,-1,0,0,0,0,0,0,0,0,0,0
