timestamp,condition_calibration_enabled,condition_system_sensors_initialized,condition_system_hotplug_timeout,condition_system_returned_to_home,condition_auto_mission_available,condition_global_position_valid,condition_home_position_valid,condition_local_position_valid,condition_local_velocity_valid,condition_local_altitude_valid,condition_power_input_valid,condition_battery_healthy,condition_escs_error,circuit_breaker_engaged_power_check,circuit_breaker_engaged_airspd_check,circuit_breaker_engaged_enginefailure_check,circuit_breaker_engaged_gpsfailure_check,circuit_breaker_flight_termination_disabled,circuit_breaker_engaged_usb_check,circuit_breaker_engaged_posfailure_check,offboard_control_signal_found_once,offboard_control_signal_lost,offboard_control_set_by_command,offboard_control_loss_timeout,rc_signal_found_once,rc_input_blocked,rc_calibration_valid,vtol_transition_failure,usb_connected,avoidance_system_required,avoidance_system_valid
1816469970,0,1,1,0,1,1,1,1,1,1,1,1,0,0,0,1,0,1,0,0,0,1,0,0,1,0,1,0,0,0,0
1817479274,0,1,1,0,1,1,1,1,1,1,1,1,0,0,0,1,0,1,0,0,0,1,0,0,1,0,1,0,0,0,0
1818480184,0,1,1,0,1,1,1,1,1,1,1,1,0,0,0,1,0,1,0,0,0,1,0,0,1,0,1,0,0,0,0
1819484129,0,1,1,0,1,1,1,1,1,1,1,1,0,0,0,1,0,1,0,0,0,1,0,0,1,0,1,0,0,0,0
1820489963,0,1,1,0,1,1,1,1,1,1,1,1,0,0,0,1,0,1,0,0,0,1,0,0,1,0,1,0,0,0,0
1821500101,0,1,1,0,1,1,1,1,1,1,1,1,0,0,0,1,0,1,0,0,0,1,0,0,1,0,1,0,0,0,0
1822504231,0,1,1,0,1,1,1,1,1,1,1,1,0,0,0,1,0,1,0,0,0,1,0,0,1,0,1,0,0,0,0
1823508840,0,1,1,0,1,1,1,1,1,1,1,1,0,0,0,1,0,1,0,0,0,1,0,0,1,0,1,0,0,0,0
1824517124,0,1,1,0,1,1,1,1,1,1,1,1,0,0,0,1,0,1,0,0,0,1,0,0,1,0,1,0,0,0,0
1825523457,0,1,1,0,1,1,1,1,1,1,1,1,0,0,0,1,0,1,0,0,0,1,0,0,1,0,1,0,0,0,0
1826526301,0,1,1,0,1,1,1,1,1,1,1,1,0,0,0,1,0,1,0,0,0,1,0,0,1,0,1,0,0,0,0
1827533310,0,1,1,0,1,1,1,1,1,1,1,1,0,0,0,1,0,1,0,0,0,1,0,0,1,0,1,0,0,0,0
1828535376,0,1,1,0,1,1,1,1,1,1,1,1,0,0,0,1,0,1,0,0,0,1,0,0,1,0,1,0,0,0,0
1829542086,0,1,1,0,1,1,1,1,1,1,1,1,0,0,0,1,0,1,0,0,0,1,0,0,1,0,1,0,0,0,0
1830544932,0,1,1,0,1,1,1,1,1,1,1,1,0,0,0,1,0,1,0,0,0,1,0,0,1,0,1,0,0,0,0
1831553158,0,1,1,0,1,1,1,1,1,1,1,1,0,0,0,1,0,1,0,0,0,1,0,0,1,0,1,0,0,0,0
1832563233,0,1,1,0,1,1,1,1,1,1,1,1,0,0,0,1,0,1,0,0,0,1,0,0,1,0,1,0,0,0,0
1833572075,0,1,1,0,1,1,1,1,1,1,1,1,0,0,0,1,0,1,0,0,0,1,0,0,1,0,1,0,0,0,0
1834573826,0,1,1,0,1,1,1,1,1,1,1,1,0,0,0,1,0,1,0,0,0,1,0,0,1,0,1,0,0,0,0
1835574115,0,1,1,0,1,1,1,1,1,1,1,1,0,0,0,1,0,1,0,0,0,1,0,0,1,0,1,0,0,0,0
1836577036,0,1,1,0,1,1,1,1,1,1,1,1,0,0,0,1,0,1,0,0,0,1,0,0,1,0,1,0,0,0,0
1837588290,0,1,1,0,1,1,1,1,1,1,1,1,0,0,0,1,0,1,0,0,0,1,0,0,1,0,1,0,0,0,0
1838593129,0,1,1,0,1,1,1,1,1,1,1,1,0,0,0,1,0,1,0,0,0,1,0,0,1,0,1,0,0,0,0
1839599671,0,1,1,0,1,1,1,1,1,1,1,1,0,0,0,1,0,1,0,0,0,1,0,0,1,0,1,0,0,0,0
1840600320,0,1,1,0,1,1,1,1,1,1,1,1,0,0,0,1,0,1,0,0,0,1,0,0,1,0,1,0,0,0,0
1841601177,0,1,1,0,1,1,1,1,1,1,1,1,0,0,0,1,0,1,0,0,0,1,0,0,1,0,1,0,0,0,0
1842610459,0,1,1,0,1,1,1,1,1,1,1,1,0,0,0,1,0,1,0,0,0,1,0,0,1,0,1,0,0,0,0
1843615360,0,1,1,0,1,1,1,1,1,1,1,1,0,0,0,1,0,1,0,0,0,1,0,0,1,0,1,0,0,0,0
1844618032,0,1,1,0,1,1,1,1,1,1,1,1,0,0,0,1,0,1,0,0,0,1,0,0,1,0,1,0,0,0,0
1845622500,0,1,1,0,1,1,1,1,1,1,1,1,0,0,0,1,0,1,0,0,0,1,0,0,1,0,1,0,0,0,0
1846625201,0,1,1,0,1,1,1,1,1,1,1,1,0,0,0,1,0,1,0,0,0,1,0,0,1,0,1,0,0,0,0
1847629720,0,1,1,0,1,1,1,1,1,1,1,1,0,0,0,1,0,1,0,0,0,1,0,0,1,0,1,0,0,0,0
1848639388,0,1,1,0,1,1,1,1,1,1,1,1,0,0,0,1,0,1,0,0,0,1,0,0,1,0,1,0,0,0,0
1849646006,0,1,1,0,1,1,1,1,1,1,1,1,0,0,0,1,0,1,0,0,0,1,0,0,1,0,1,0,0,0,0
1850651380,0,1,1,0,1,1,1,1,1,1,1,1,0,0,0,1,0,1,0,0,0,1,0,0,1,0,1,0,0,0,0
1851661922,0,1,1,0,1,1,1,1,1,1,1,1,0,0,0,1,0,1,0,0,0,1,0,0,1,0,1,0,0,0,0
1852663182,0,1,1,0,1,1,1,1,1,1,1,1,0,0,0,1,0,1,0,0,0,1,0,0,1,0,1,0,0,0,0
1853673044,0,1,1,0,1,1,1,1,1,1,1,1,0,0,0,1,0,1,0,0,0,1,0,0,1,0,1,0,0,0,0
1854681247,0,1,1,0,1,1,1,1,1,1,1,1,0,0,0,1,0,1,0,0,0,1,0,0,1,0,1,0,0,0,0
1855685707,0,1,1,0,1,1,1,1,1,1,1,1,0,0,0,1,0,1,0,0,0,1,0,0,1,0,1,0,0,0,0
1856691218,0,1,1,0,1,1,1,1,1,1,1,1,0,0,0,1,0,1,0,0,0,1,0,0,1,0,1,0,0,0,0
1857699590,0,1,1,0,1,1,1,1,1,1,1,1,0,0,0,1,0,1,0,0,0,1,0,0,1,0,1,0,0,0,0
1858709931,0,1,1,0,1,1,1,1,1,1,1,1,0,0,0,1,0,1,0,0,0,1,0,0,1,0,1,0,0,0,0
1859713156,0,1,1,0,1,1,1,1,1,1,1,1,0,0,0,1,0,1,0,0,0,1,0,0,1,0,1,0,0,0,0
1860722119,0,1,1,0,1,1,1,1,1,1,1,1,0,0,0,1,0,1,0,0,0,1,0,0,1,0,1,0,0,0,0
1861724845,0,1,1,0,1,1,1,1,1,1,1,1,0,0,0,1,0,1,0,0,0,1,0,0,1,0,1,0,0,0,0
1862725735,0,1,1,0,1,1,1,1,1,1,1,1,0,0,0,1,0,1,0,0,0,1,0,0,1,0,1,0,0,0,0
1863730604,0,1,1,0,1,1,1,1,1,1,1,1,0,0,0,1,0,1,0,0,0,1,0,0,1,0,1,0,0,0,0
1864736326,0,1,1,0,1,1,1,1,1,1,1,1,0,0,0,1,0,1,0,0,0,1,0,0,1,0,1,0,0,0,0
1865737069,0,1,1,0,1,1,1,1,1,1,1,1,0,0,0,1,0,1,0,0,0,1,0,0,1,0,1,0,0,0,0
1866737620,0,1,1,0,1,1,1,1,1,1,1,1,0,0,0,1,0,1,0,0,0,1,0,0,1,0,1,0,0,0,0
1867738711,0,1,1,0,1,1,1,1,1,1,1,1,0,0,0,1,0,1,0,0,0,1,0,0,1,0,1,0,0,0,0
1868740991,0,1,1,0,1,1,1,1,1,1,1,1,0,0,0,1,0,1,0,0,0,1,0,0,1,0,1,0,0,0,0
1869749721,0,1,1,0,1,1,1,1,1,1,1,1,0,0,0,1,0,1,0,0,0,1,0,0,1,0,1,0,0,0,0
1870755357,0,1,1,0,1,1,1,1,1,1,1,1,0,0,0,1,0,1,0,0,0,1,0,0,1,0,1,0,0,0,0
1871766036,0,1,1,0,1,1,1,1,1,1,1,1,0,0,0,1,0,1,0,0,0,1,0,0,1,0,1,0,0,0,0
1872773727,0,1,1,0,1,1,1,1,1,1,1,1,0,0,0,1,0,1,0,0,0,1,0,0,1,0,1,0,0,0,0
1873783324,0,1,1,0,1,1,1,1,1,1,1,1,0,0,0,1,0,1,0,0,0,1,0,0,1,0,1,0,0,0,0
1874790871,0,1,1,0,1,1,1,1,1,1,1,1,0,0,0,1,0,1,0,0,0,1,0,0,1,0,1,0,0,0,0
1875801641,0,1,1,0,1,1,1,1,1,1,1,1,0,0,0,1,0,1,0,0,0,1,0,0,1,0,1,0,0,0,0
1876809187,0,1,1,0,1,1,1,1,1,1,1,1,0,0,0,1,0,1,0,0,0,1,0,0,1,0,1,0,0,0,0
1877819320,0,1,1,0,1,1,1,1,1,1,1,1,0,0,0,1,0,1,0,0,0,1,0,0,1,0,1,0,0,0,0
1878824507,0,1,1,0,1,1,1,1,1,1,1,1,0,0,0,1,0,1,0,0,0,1,0,0,1,0,1,0,0,0,0
1879830018,0,1,1,0,1,1,1,1,1,1,1,1,0,0,0,1,0,1,0,0,0,1,0,0,1,0,1,0,0,0,0
1880831334,0,1,1,0,1,1,1,1,1,1,1,1,0,0,0,1,0,1,0,0,0,1,0,0,1,0,1,0,0,0,0
1881832508,0,1,1,0,1,1,1,1,1,1,1,1,0,0,0,1,0,1,0,0,0,1,0,0,1,0,1,0,0,0,0
1882837072,0,1,1,0,1,1,1,1,1,1,1,1,0,0,0,1,0,1,0,0,0,1,0,0,1,0,1,0,0,0,0
1883838079,0,1,1,0,1,1,1,1,1,1,1,1,0,0,0,1,0,1,0,0,0,1,0,0,1,0,1,0,0,0,0
1884838853,0,1,1,0,1,1,1,1,1,1,1,1,0,0,0,1,0,1,0,0,0,1,0,0,1,0,1,0,0,0,0
1885849039,0,1,1,0,1,1,1,1,1,1,1,1,0,0,0,1,0,1,0,0,0,1,0,0,1,0,1,0,0,0,0
1886857687,0,1,1,0,1,1,1,1,1,1,1,1,0,0,0,1,0,1,0,0,0,1,0,0,1,0,1,0,0,0,0
1887859315,0,1,1,0,1,1,1,1,1,1,1,1,0,0,0,1,0,1,0,0,0,1,0,0,1,0,1,0,0,0,0
1890875415,0,1,1,0,1,1,1,1,1,1,1,1,0,0,0,1,0,1,0,0,0,1,0,0,1,0,1,0,0,0,0
1891882092,0,1,1,0,1,1,1,1,1,1,1,1,0,0,0,1,0,1,0,0,0,1,0,0,1,0,1,0,0,0,0
1892887314,0,1,1,0,1,1,1,1,1,1,1,1,0,0,0,1,0,1,0,0,0,1,0,0,1,0,1,0,0,0,0
1893894611,0,1,1,0,1,1,1,1,1,1,1,1,0,0,0,1,0,1,0,0,0,1,0,0,1,0,1,0,0,0,0
1894899315,0,1,1,0,1,1,1,1,1,1,1,1,0,0,0,1,0,1,0,0,0,1,0,0,1,0,1,0,0,0,0
1895905046,0,1,1,0,1,1,1,1,1,1,1,1,0,0,0,1,0,1,0,0,0,1,0,0,1,0,1,0,0,0,0
1896917077,0,1,1,0,1,1,1,1,1,1,1,1,0,0,0,1,0,1,0,0,0,1,0,0,1,0,1,0,0,0,0
1897918103,0,1,1,0,1,1,1,1,1,1,1,1,0,0,0,1,0,1,0,0,0,1,0,0,1,0,1,0,0,0,0
1898927350,0,1,1,0,1,1,1,1,1,1,1,1,0,0,0,1,0,1,0,0,0,1,0,0,1,0,1,0,0,0,0
1899932192,0,1,1,0,1,1,1,1,1,1,1,1,0,0,0,1,0,1,0,0,0,1,0,0,1,0,1,0,0,0,0
1900935263,0,1,1,0,1,1,1,1,1,1,1,1,0,0,0,1,0,1,0,0,0,1,0,0,1,0,1,0,0,0,0
1901946098,0,1,1,0,1,1,1,1,1,1,1,1,0,0,0,1,0,1,0,0,0,1,0,0,1,0,1,0,0,0,0
1902949067,0,1,1,0,1,1,1,1,1,1,1,1,0,0,0,1,0,1,0,0,0,1,0,0,1,0,1,0,0,0,0
1903956389,0,1,1,0,1,1,1,1,1,1,1,1,0,0,0,1,0,1,0,0,0,1,0,0,1,0,1,0,0,0,0
1904961245,0,1,1,0,1,1,1,1,1,1,1,1,0,0,0,1,0,1,0,0,0,1,0,0,1,0,1,0,0,0,0
1905961811,0,1,1,0,1,1,1,1,1,1,1,1,0,0,0,1,0,1,0,0,0,1,0,0,1,0,1,0,0,0,0
1906964186,0,1,1,0,1,1,1,1,1,1,1,1,0,0,0,1,0,1,0,0,0,1,0,0,1,0,1,0,0,0,0
1907964968,0,1,1,0,1,1,1,1,1,1,1,1,0,0,0,1,0,1,0,0,0,1,0,0,1,0,1,0,0,0,0
1908973935,0,1,1,0,1,1,1,1,1,1,1,1,0,0,0,1,0,1,0,0,0,1,0,0,1,0,1,0,0,0,0
1909983393,0,1,1,0,1,1,1,1,1,1,1,1,0,0,0,1,0,1,0,0,0,1,0,0,1,0,1,0,0,0,0
1910992917,0,1,1,0,1,1,1,1,1,1,1,1,0,0,0,1,0,1,0,0,0,1,0,0,1,0,1,0,0,0,0
1911993751,0,1,1,0,1,1,1,1,1,1,1,1,0,0,0,1,0,1,0,0,0,1,0,0,1,0,1,0,0,0,0
1912997977,0,1,1,0,1,1,1,1,1,1,1,1,0,0,0,1,0,1,0,0,0,1,0,0,1,0,1,0,0,0,0
1914002876,0,1,1,0,1,1,1,1,1,1,1,1,0,0,0,1,0,1,0,0,0,1,0,0,1,0,1,0,0,0,0
1915005669,0,1,1,0,1,1,1,1,1,1,1,1,0,0,0,1,0,1,0,0,0,1,0,0,1,0,1,0,0,0,0
1916010471,0,1,1,0,1,1,1,1,1,1,1,1,0,0,0,1,0,1,0,0,0,1,0,0,1,0,1,0,0,0,0
1917012050,0,1,1,0,1,1,1,1,1,1,1,1,0,0,0,1,0,1,0,0,0,1,0,0,1,0,1,0,0,0,0
1918020384,0,1,1,0,1,1,1,1,1,1,1,1,0,0,0,1,0,1,0,0,0,1,0,0,1,0,1,0,0,0,0
1919024969,0,1,1,0,1,1,1,1,1,1,1,1,0,0,0,1,0,1,0,0,0,1,0,0,1,0,1,0,0,0,0
1920027237,0,1,1,0,1,1,1,1,1,1,1,1,0,0,0,1,0,1,0,0,0,1,0,0,1,0,1,0,0,0,0
1921034808,0,1,1,0,1,1,1,1,1,1,1,1,0,0,0,1,0,1,0,0,0,1,0,0,1,0,1,0,0,0,0
1922040974,0,1,1,0,1,1,1,1,1,1,1,1,0,0,0,1,0,1,0,0,0,1,0,0,1,0,1,0,0,0,0
1923049243,0,1,1,0,1,1,1,1,1,1,1,1,0,0,0,1,0,1,0,0,0,1,0,0,1,0,1,0,0,0,0
1924055522,0,1,1,0,1,1,1,1,1,1,1,1,0,0,0,1,0,1,0,0,0,1,0,0,1,0,1,0,0,0,0
1925055560,0,1,1,0,1,1,1,1,1,1,1,1,0,0,0,1,0,1,0,0,0,1,0,0,1,0,1,0,0,0,0
1926062818,0,1,1,0,1,1,1,1,1,1,1,1,0,0,0,1,0,1,0,0,0,1,0,0,1,0,1,0,0,0,0
1927073806,0,1,1,0,1,1,1,1,1,1,1,1,0,0,0,1,0,1,0,0,0,1,0,0,1,0,1,0,0,0,0
1928080496,0,1,1,0,1,1,1,1,1,1,1,1,0,0,0,1,0,1,0,0,0,1,0,0,1,0,1,0,0,0,0
1929084345,0,1,1,0,1,1,1,1,1,1,1,1,0,0,0,1,0,1,0,0,0,1,0,0,1,0,1,0,0,0,0
1930086084,0,1,1,0,1,1,1,1,1,1,1,1,0,0,0,1,0,1,0,0,0,1,0,0,1,0,1,0,0,0,0
1931090043,0,1,1,0,1,1,1,1,1,1,1,1,0,0,0,1,0,1,0,0,0,1,0,0,1,0,1,0,0,0,0
1932095333,0,1,1,0,1,1,1,1,1,1,1,1,0,0,0,1,0,1,0,0,0,1,0,0,1,0,1,0,0,0,0
1933104409,0,1,1,0,1,1,1,1,1,1,1,1,0,0,0,1,0,1,0,0,0,1,0,0,1,0,1,0,0,0,0
1934108089,0,1,1,0,1,1,1,1,1,1,1,1,0,0,0,1,0,1,0,0,0,1,0,0,1,0,1,0,0,0,0
1935112240,0,1,1,0,1,1,1,1,1,1,1,1,0,0,0,1,0,1,0,0,0,1,0,0,1,0,1,0,0,0,0
1936118035,0,1,1,0,1,1,1,1,1,1,1,1,0,0,0,1,0,1,0,0,0,1,0,0,1,0,1,0,0,0,0
1937125222,0,1,1,0,1,1,1,1,1,1,1,1,0,0,0,1,0,1,0,0,0,1,0,0,1,0,1,0,0,0,0
1938133138,0,1,1,0,1,1,1,1,1,1,1,1,0,0,0,1,0,1,0,0,0,1,0,0,1,0,1,0,0,0,0
1939142036,0,1,1,0,1,1,1,1,1,1,1,1,0,0,0,1,0,1,0,0,0,1,0,0,1,0,1,0,0,0,0
1940148519,0,1,1,0,1,1,1,1,1,1,1,1,0,0,0,1,0,1,0,0,0,1,0,0,1,0,1,0,0,0,0
1941157301,0,1,1,0,1,1,1,1,1,1,1,1,0,0,0,1,0,1,0,0,0,1,0,0,1,0,1,0,0,0,0
1942164409,0,1,1,0,1,1,1,1,1,1,1,1,0,0,0,1,0,1,0,0,0,1,0,0,1,0,1,0,0,0,0
1943168281,0,1,1,0,1,1,1,1,1,1,1,1,0,0,0,1,0,1,0,0,0,1,0,0,1,0,1,0,0,0,0
1944169204,0,1,1,0,1,1,1,1,1,1,1,1,0,0,0,1,0,1,0,0,0,1,0,0,1,0,1,0,0,0,0
1945170499,0,1,1,0,1,1,1,1,1,1,1,1,0,0,0,1,0,1,0,0,0,1,0,0,1,0,1,0,0,0,0
1946179460,0,1,1,0,1,1,1,1,1,1,1,1,0,0,0,1,0,1,0,0,0,1,0,0,1,0,1,0,0,0,0
1947180520,0,1,1,0,1,1,1,1,1,1,1,1,0,0,0,1,0,1,0,0,0,1,0,0,1,0,1,0,0,0,0
1948189775,0,1,1,0,1,1,1,1,1,1,1,1,0,0,0,1,0,1,0,0,0,1,0,0,1,0,1,0,0,0,0
1949194487,0,1,1,0,1,1,1,1,1,1,1,1,0,0,0,1,0,1,0,0,0,1,0,0,1,0,1,0,0,0,0
1950200310,0,1,1,0,1,1,1,1,1,1,1,1,0,0,0,1,0,1,0,0,0,1,0,0,1,0,1,0,0,0,0
1951208398,0,1,1,0,1,1,1,1,1,1,1,1,0,0,0,1,0,1,0,0,0,1,0,0,1,0,1,0,0,0,0
1952209740,0,1,1,0,1,1,1,1,1,1,1,1,0,0,0,1,0,1,0,0,0,1,0,0,1,0,1,0,0,0,0
1953212370,0,1,1,0,1,1,1,1,1,1,1,1,0,0,0,1,0,1,0,0,0,1,0,0,1,0,1,0,0,0,0
1954221194,0,1,1,0,1,1,1,1,1,1,1,1,0,0,0,1,0,1,0,0,0,1,0,0,1,0,1,0,0,0,0
1955221234,0,1,1,0,1,1,1,1,1,1,1,1,0,0,0,1,0,1,0,0,0,1,0,0,1,0,1,0,0,0,0
1956227446,0,1,1,0,1,1,1,1,1,1,1,1,0,0,0,1,0,1,0,0,0,1,0,0,1,0,1,0,0,0,0
1957210538,0,1,1,0,1,1,1,1,1,1,1,1,0,0,0,1,0,1,0,0,0,1,0,0,1,0,1,0,0,0,0
1957232448,0,1,1,0,1,1,1,1,1,1,1,1,0,0,0,1,0,1,0,0,0,1,0,0,1,0,1,0,0,0,0
1957278882,0,1,1,0,1,1,1,1,1,1,1,1,0,0,0,1,0,1,0,0,0,1,0,0,1,0,1,0,0,0,0
1958290725,0,1,1,0,1,1,1,1,1,1,1,1,0,0,0,1,0,1,0,0,0,1,0,0,1,0,1,0,0,0,0
1959294874,0,1,1,0,1,1,1,1,1,1,1,1,0,0,0,1,0,1,0,0,0,1,0,0,1,0,1,0,0,0,0
1960299317,0,1,1,0,1,1,1,1,1,1,1,1,0,0,0,1,0,1,0,0,0,1,0,0,1,0,1,0,0,0,0
1961306047,0,1,1,0,1,1,1,1,1,1,1,1,0,0,0,1,0,1,0,0,0,1,0,0,1,0,1,0,0,0,0
1962306085,0,1,1,0,1,1,1,1,1,1,1,1,0,0,0,1,0,1,0,0,0,1,0,0,1,0,1,0,0,0,0
1963310842,0,1,1,0,1,1,1,1,1,1,1,1,0,0,0,1,0,1,0,0,0,1,0,0,1,0,1,0,0,0,0
1964320304,0,1,1,0,1,1,1,1,1,1,1,1,0,0,0,1,0,1,0,0,0,1,0,0,1,0,1,0,0,0,0
1965329642,0,1,1,0,1,1,1,1,1,1,1,1,0,0,0,1,0,1,0,0,0,1,0,0,1,0,1,0,0,0,0
1966341728,0,1,1,0,1,1,1,1,1,1,1,1,0,0,0,1,0,1,0,0,0,1,0,0,1,0,1,0,0,0,0
1967351266,0,1,1,0,1,1,1,1,1,1,1,1,0,0,0,1,0,1,0,0,0,1,0,0,1,0,1,0,0,0,0
1968361820,0,1,1,0,1,1,1,1,1,1,1,1,0,0,0,1,0,1,0,0,0,1,0,0,1,0,1,0,0,0,0
1969365689,0,1,1,0,1,1,1,1,1,1,1,1,0,0,0,1,0,1,0,0,0,1,0,0,1,0,1,0,0,0,0
1970375377,0,1,1,0,1,1,1,1,1,1,1,1,0,0,0,1,0,1,0,0,0,1,0,0,1,0,1,0,0,0,0
1971380301,0,1,1,0,1,1,1,1,1,1,1,1,0,0,0,1,0,1,0,0,0,1,0,0,1,0,1,0,0,0,0
1971830753,0,1,1,0,1,1,1,1,1,1,1,1,0,0,0,1,0,1,0,0,0,1,0,0,1,0,1,0,0,0,0
1972839645,0,1,1,0,1,1,1,1,1,1,1,1,0,0,0,1,0,1,0,0,0,1,0,0,1,0,1,0,0,0,0
1973780269,0,1,1,0,1,1,1,1,1,1,1,1,0,0,0,1,0,1,0,0,0,1,0,0,1,0,1,0,0,0,0
1974785724,0,1,1,0,1,1,1,1,1,1,1,1,0,0,0,1,0,1,0,0,0,1,0,0,1,0,1,0,0,0,0
1975797758,0,1,1,0,1,1,1,1,1,1,1,1,0,0,0,1,0,1,0,0,0,1,0,0,1,0,1,0,0,0,0
1976808443,0,1,1,0,1,1,1,1,1,1,1,1,0,0,0,1,0,1,0,0,0,1,0,0,1,0,1,0,0,0,0
1977618775,0,1,1,0,1,1,1,1,1,1,1,1,0,0,0,1,0,1,0,0,0,1,0,0,1,0,1,0,0,0,0
1978620393,0,1,1,0,1,1,1,1,1,1,1,1,0,0,0,1,0,1,0,0,0,1,0,0,1,0,1,0,0,0,0
1979625772,0,1,1,0,1,1,1,1,1,1,1,1,0,0,0,1,0,1,0,0,0,1,0,0,1,0,1,0,0,0,0
1980628048,0,1,1,0,1,1,1,1,1,1,1,1,0,0,0,1,0,1,0,0,0,1,0,0,1,0,1,0,0,0,0
1981638048,0,1,1,0,1,1,1,1,1,1,1,1,0,0,0,1,0,1,0,0,0,1,0,0,1,0,1,0,0,0,0
1982646094,0,1,1,0,1,1,1,1,1,1,1,1,0,0,0,1,0,1,0,0,0,1,0,0,1,0,1,0,0,0,0
1983649121,0,1,1,0,1,1,1,1,1,1,1,1,0,0,0,1,0,1,0,0,0,1,0,0,1,0,1,0,0,0,0
1984659365,0,1,1,0,1,1,1,1,1,1,1,1,0,0,0,1,0,1,0,0,0,1,0,0,1,0,1,0,0,0,0
1985665981,0,1,1,0,1,1,1,1,1,1,1,1,0,0,0,1,0,1,0,0,0,1,0,0,1,0,1,0,0,0,0
1986673163,0,1,1,0,1,1,1,1,1,1,1,1,0,0,0,1,0,1,0,0,0,1,0,0,1,0,1,0,0,0,0
1987161117,0,1,1,0,1,1,1,1,1,1,1,1,0,0,0,1,0,1,0,0,0,1,0,0,1,0,1,0,0,0,0
1988173868,0,1,1,0,1,1,1,1,1,1,1,1,0,0,0,1,0,1,0,0,0,1,0,0,1,0,1,0,0,0,0
1989181777,0,1,1,0,1,1,1,1,1,1,1,1,0,0,0,1,0,1,0,0,0,1,0,0,1,0,1,0,0,0,0
1990185051,0,1,1,0,1,1,1,1,1,1,1,1,0,0,0,1,0,1,0,0,0,1,0,0,1,0,1,0,0,0,0
1991193270,0,1,1,0,1,1,1,1,1,1,1,1,0,0,0,1,0,1,0,0,0,1,0,0,1,0,1,0,0,0,0
1992194603,0,1,1,0,1,1,1,1,1,1,1,1,0,0,0,1,0,1,0,0,0,1,0,0,1,0,1,0,0,0,0
1993203372,0,1,1,0,1,1,1,1,1,1,1,1,0,0,0,1,0,1,0,0,0,1,0,0,1,0,1,0,0,0,0
1994211513,0,1,1,0,1,1,1,1,1,1,1,1,0,0,0,1,0,1,0,0,0,1,0,0,1,0,1,0,0,0,0
1995221963,0,1,1,0,1,1,1,1,1,1,1,1,0,0,0,1,0,1,0,0,0,1,0,0,1,0,1,0,0,0,0
1996225658,0,1,1,0,1,1,1,1,1,1,1,1,0,0,0,1,0,1,0,0,0,1,0,0,1,0,1,0,0,0,0
1997235419,0,1,1,0,1,1,1,1,1,1,1,1,0,0,0,1,0,1,0,0,0,1,0,0,1,0,1,0,0,0,0
1998244261,0,1,1,0,1,1,1,1,1,1,1,1,0,0,0,1,0,1,0,0,0,1,0,0,1,0,1,0,0,0,0
1999249689,0,1,1,0,1,1,1,1,1,1,1,1,0,0,0,1,0,1,0,0,0,1,0,0,1,0,1,0,0,0,0
2000258083,0,1,1,0,1,1,1,1,1,1,1,1,0,0,0,1,0,1,0,0,0,1,0,0,1,0,1,0,0,0,0
2001266085,0,1,1,0,1,1,1,1,1,1,1,1,0,0,0,1,0,1,0,0,0,1,0,0,1,0,1,0,0,0,0
2002269005,0,1,1,0,1,1,1,1,1,1,1,1,0,0,0,1,0,1,0,0,0,1,0,0,1,0,1,0,0,0,0
2003279210,0,1,1,0,1,1,1,1,1,1,1,1,0,0,0,1,0,1,0,0,0,1,0,0,1,0,1,0,0,0,0
2004283291,0,1,1,0,1,1,1,1,1,1,1,1,0,0,0,1,0,1,0,0,0,1,0,0,1,0,1,0,0,0,0
2007297109,0,1,1,0,1,1,1,1,1,1,1,1,0,0,0,1,0,1,0,0,0,1,0,0,1,0,1,0,0,0,0
2008306763,0,1,1,0,1,1,1,1,1,1,1,1,0,0,0,1,0,1,0,0,0,1,0,0,1,0,1,0,0,0,0
2009310737,0,1,1,0,1,1,1,1,1,1,1,1,0,0,0,1,0,1,0,0,0,1,0,0,1,0,1,0,0,0,0
2010323493,0,1,1,0,1,1,1,1,1,1,1,1,0,0,0,1,0,1,0,0,0,1,0,0,1,0,1,0,0,0,0
2011333127,0,1,1,0,1,1,1,1,1,1,1,1,0,0,0,1,0,1,0,0,0,1,0,0,1,0,1,0,0,0,0
2012337201,0,1,1,0,1,1,1,1,1,1,1,1,0,0,0,1,0,1,0,0,0,1,0,0,1,0,1,0,0,0,0
2013341245,0,1,1,0,1,1,1,1,1,1,1,1,0,0,0,1,0,1,0,0,0,1,0,0,1,0,1,0,0,0,0
2014346052,0,1,1,0,1,1,1,1,1,1,1,1,0,0,0,1,0,1,0,0,0,1,0,0,1,0,1,0,0,0,0
2015347285,0,1,1,0,1,1,1,1,1,1,1,1,0,0,0,1,0,1,0,0,0,1,0,0,1,0,1,0,0,0,0
2016348221,0,1,1,0,1,1,1,1,1,1,1,1,0,0,0,1,0,1,0,0,0,1,0,0,1,0,1,0,0,0,0
2017351678,0,1,1,0,1,1,1,1,1,1,1,1,0,0,0,1,0,1,0,0,0,1,0,0,1,0,1,0,0,0,0
2018360125,0,1,1,0,1,1,1,1,1,1,1,1,0,0,0,1,0,1,0,0,0,1,0,0,1,0,1,0,0,0,0
2019365983,0,1,1,0,1,1,1,1,1,1,1,1,0,0,0,1,0,1,0,0,0,1,0,0,1,0,1,0,0,0,0
2020376352,0,1,1,0,1,1,1,1,1,1,1,1,0,0,0,1,0,1,0,0,0,1,0,0,1,0,1,0,0,0,0
2021377922,0,1,1,0,1,1,1,1,1,1,1,1,0,0,0,1,0,1,0,0,0,1,0,0,1,0,1,0,0,0,0
2022380093,0,1,1,0,1,1,1,1,1,1,1,1,0,0,0,1,0,1,0,0,0,1,0,0,1,0,1,0,0,0,0
2023389094,0,1,1,0,1,1,1,1,1,1,1,1,0,0,0,1,0,1,0,0,0,1,0,0,1,0,1,0,0,0,0
2024394460,0,1,1,0,1,1,1,1,1,1,1,1,0,0,0,1,0,1,0,0,0,1,0,0,1,0,1,0,0,0,0
2025403453,0,1,1,0,1,1,1,1,1,1,1,1,0,0,0,1,0,1,0,0,0,1,0,0,1,0,1,0,0,0,0
2026412156,0,1,1,0,1,1,1,1,1,1,1,1,0,0,0,1,0,1,0,0,0,1,0,0,1,0,1,0,0,0,0
2027412365,0,1,1,0,1,1,1,1,1,1,1,1,0,0,0,1,0,1,0,0,0,1,0,0,1,0,1,0,0,0,0
2028418604,0,1,1,0,1,1,1,1,1,1,1,1,0,0,0,1,0,1,0,0,0,1,0,0,1,0,1,0,0,0,0
2029426805,0,1,1,0,1,1,1,1,1,1,1,1,0,0,0,1,0,1,0,0,0,1,0,0,1,0,1,0,0,0,0
2030438584,0,1,1,0,1,1,1,1,1,1,1,1,0,0,0,1,0,1,0,0,0,1,0,0,1,0,1,0,0,0,0
2031447599,0,1,1,0,1,1,1,1,1,1,1,1,0,0,0,1,0,1,0,0,0,1,0,0,1,0,1,0,0,0,0
2032462003,0,1,1,0,1,1,1,1,1,1,1,1,0,0,0,1,0,1,0,0,0,1,0,0,1,0,1,0,0,0,0
2033465858,0,1,1,0,1,1,1,1,1,1,1,1,0,0,0,1,0,1,0,0,0,1,0,0,1,0,1,0,0,0,0
2034476480,0,1,1,0,1,1,1,1,1,1,1,1,0,0,0,1,0,1,0,0,0,1,0,0,1,0,1,0,0,0,0
2035485973,0,1,1,0,1,1,1,1,1,1,1,1,0,0,0,1,0,1,0,0,0,1,0,0,1,0,1,0,0,0,0
2036488955,0,1,1,0,1,1,1,1,1,1,1,1,0,0,0,1,0,1,0,0,0,1,0,0,1,0,1,0,0,0,0
2037498575,0,1,1,0,1,1,1,1,1,1,1,1,0,0,0,1,0,1,0,0,0,1,0,0,1,0,1,0,0,0,0
2038506887,0,1,1,0,1,1,1,1,1,1,1,1,0,0,0,1,0,1,0,0,0,1,0,0,1,0,1,0,0,0,0
2039508224,0,1,1,0,1,1,1,1,1,1,1,1,0,0,0,1,0,1,0,0,0,1,0,0,1,0,1,0,0,0,0
2040516975,0,1,1,0,1,1,1,1,1,1,1,1,0,0,0,1,0,1,0,0,0,1,0,0,1,0,1,0,0,0,0
2041526750,0,1,1,0,1,1,1,1,1,1,1,1,0,0,0,1,0,1,0,0,0,1,0,0,1,0,1,0,0,0,0
2042533218,0,1,1,0,1,1,1,1,1,1,1,1,0,0,0,1,0,1,0,0,0,1,0,0,1,0,1,0,0,0,0
2043544804,0,1,1,0,1,1,1,1,1,1,1,1,0,0,0,1,0,1,0,0,0,1,0,0,1,0,1,0,0,0,0
2044143454,0,1,1,0,1,1,1,1,1,1,1,1,0,0,0,1,0,1,0,0,0,1,0,0,1,0,1,0,0,0,0
2045152415,0,1,1,0,1,1,1,1,1,1,1,1,0,0,0,1,0,1,0,0,0,1,0,0,1,0,1,0,0,0,0
2046156408,0,1,1,0,1,1,1,1,1,1,1,1,0,0,0,1,0,1,0,0,0,1,0,0,1,0,1,0,0,0,0
2047167230,0,1,1,0,1,1,1,1,1,1,1,1,0,0,0,1,0,1,0,0,0,1,0,0,1,0,1,0,0,0,0
2048171306,0,1,1,0,1,1,1,1,1,1,1,1,0,0,0,1,0,1,0,0,0,1,0,0,1,0,1,0,0,0,0
2049171389,0,1,1,0,1,1,1,1,1,1,1,1,0,0,0,1,0,1,0,0,0,1,0,0,1,0,1,0,0,0,0
2050181764,0,1,1,0,1,1,1,1,1,1,1,1,0,0,0,1,0,1,0,0,0,1,0,0,1,0,1,0,0,0,0
2051191395,0,1,1,0,1,1,1,1,1,1,1,1,0,0,0,1,0,1,0,0,0,1,0,0,1,0,1,0,0,0,0
2051482599,0,1,1,0,1,1,1,1,1,1,1,1,0,0,0,1,0,1,0,0,0,1,0,0,1,0,1,0,0,0,0
