timestamp,voltage_v,voltage_filtered_v,current_a,current_filtered_a,average_current_a,discharged_mah,remaining,scale,temperature,cell_count,voltage_cell_v[0],voltage_cell_v[1],voltage_cell_v[2],voltage_cell_v[3],max_cell_voltage_delta,capacity,cycle_count,run_time_to_empty,average_time_to_empty,serial_number,connected,system_source,priority,is_powering_off,warning
1816793670,11.2962,11.3615,0.0,1.64192e-20,0.0,131.741,0.54129,1.10901,nan,3,0.0,0.0,0.0,0.0,0.0,0,0,0,0,0,1,1,0,0,0
1817303679,11.3751,11.3615,0.0,5.85978e-21,0.0,131.741,0.541311,1.109,nan,3,0.0,0.0,0.0,0.0,0.0,0,0,0,0,0,1,1,0,0,0
1817803716,11.3258,11.3631,0.0,2.13396e-21,0.0,131.741,0.541883,1.10885,nan,3,0.0,0.0,0.0,0.0,0.0,0,0,0,0,0,1,1,0,0,0
1818303667,11.3948,11.3617,0.0,7.77123e-22,0.0,131.741,0.541375,1.10899,nan,3,0.0,0.0,0.0,0.0,0.0,0,0,0,0,0,1,1,0,0,0
1818813693,11.3849,11.3644,0.0,2.77345e-22,0.0,131.741,0.542369,1.10873,nan,3,0.0,0.0,0.0,0.0,0.0,0,0,0,0,0,1,1,0,0,0
1819313738,11.2962,11.3653,0.0,1.01001e-22,0.0,131.741,0.542687,1.10864,nan,3,0.0,0.0,0.0,0.0,0.0,0,0,0,0,0,1,1,0,0,0
1819813667,11.3849,11.367,0.0,3.67814e-23,0.0,131.741,0.543348,1.10847,nan,3,0.0,0.0,0.0,0.0,0.0,0,0,0,0,0,1,1,0,0,0
1820313713,11.3948,11.369,0.0,1.33947e-23,0.0,131.741,0.544067,1.10828,nan,3,0.0,0.0,0.0,0.0,0.0,0,0,0,0,0,1,1,0,0,0
1820813738,11.3849,11.371,0.0,4.87794e-24,0.0,131.741,0.544822,1.10808,nan,3,0.0,0.0,0.0,0.0,0.0,0,0,0,0,0,1,1,0,0,0
1821313667,11.3948,11.371,0.0,1.7764e-24,0.0,131.741,0.544802,1.10809,nan,3,0.0,0.0,0.0,0.0,0.0,0,0,0,0,0,1,1,0,0,0
1821813674,11.3849,11.3715,0.0,6.46912e-25,0.0,131.741,0.544985,1.10804,nan,3,0.0,0.0,0.0,0.0,0.0,0,0,0,0,0,1,1,0,0,0
1822313753,11.3948,11.374,0.0,2.35586e-25,0.0,131.741,0.545937,1.10779,nan,3,0.0,0.0,0.0,0.0,0.0,0,0,0,0,0,1,1,0,0,0
1822824164,11.3849,11.3716,0.0,8.40775e-26,0.0,131.741,0.545052,1.10802,nan,3,0.0,0.0,0.0,0.0,0.0,0,0,0,0,0,1,1,0,0,0
1823323667,11.3356,11.3693,0.0,3.06185e-26,0.0,131.741,0.544175,1.10825,nan,3,0.0,0.0,0.0,0.0,0.0,0,0,0,0,0,1,1,0,0,0
1823823687,11.3849,11.3721,0.0,1.11503e-26,0.0,131.741,0.545239,1.10797,nan,3,0.0,0.0,0.0,0.0,0.0,0,0,0,0,0,1,1,0,0,0
1824323667,11.3849,11.3741,0.0,4.06062e-27,0.0,131.741,0.545975,1.10778,nan,3,0.0,0.0,0.0,0.0,0.0,0,0,0,0,0,1,1,0,0,0
1824823667,11.3652,11.3714,0.0,1.47876e-27,0.0,131.741,0.544964,1.10804,nan,3,0.0,0.0,0.0,0.0,0.0,0,0,0,0,0,1,1,0,0,0
1825323694,11.3849,11.3719,0.0,5.38519e-28,0.0,131.741,0.545139,1.108,nan,3,0.0,0.0,0.0,0.0,0.0,0,0,0,0,0,1,1,0,0,0
1825823965,11.3948,11.373,0.0,1.96112e-28,0.0,131.741,0.545567,1.10788,nan,3,0.0,0.0,0.0,0.0,0.0,0,0,0,0,0,1,1,0,0,0
1826333669,11.2962,11.3719,0.0,6.99899e-29,0.0,131.741,0.54516,1.10799,nan,3,0.0,0.0,0.0,0.0,0.0,0,0,0,0,0,1,1,0,0,0
1826833720,11.4046,11.3715,0.0,2.54882e-29,0.0,131.741,0.544998,1.10803,nan,3,0.0,0.0,0.0,0.0,0.0,0,0,0,0,0,1,1,0,0,0
1827333678,11.3849,11.3742,0.0,9.28205e-30,0.0,131.741,0.545984,1.10777,nan,3,0.0,0.0,0.0,0.0,0.0,0,0,0,0,0,1,1,0,0,0
1827833696,11.3751,11.3709,0.0,3.38024e-30,0.0,131.741,0.544771,1.10809,nan,3,0.0,0.0,0.0,0.0,0.0,0,0,0,0,0,1,1,0,0,0
1828333687,11.4145,11.3742,0.0,1.23098e-30,0.0,131.741,0.546003,1.10777,nan,3,0.0,0.0,0.0,0.0,0.0,0,0,0,0,0,1,1,0,0,0
1828833667,11.3159,11.3713,0.0,4.48287e-31,0.0,131.741,0.544919,1.10805,nan,3,0.0,0.0,0.0,0.0,0.0,0,0,0,0,0,1,1,0,0,0
1829334408,11.3849,11.373,0.0,1.63253e-31,0.0,131.741,0.545573,1.10788,nan,3,0.0,0.0,0.0,0.0,0.0,0,0,0,0,0,1,1,0,0,0
1829833745,11.3948,11.3718,0.0,5.94518e-32,0.0,131.741,0.545095,1.10801,nan,3,0.0,0.0,0.0,0.0,0.0,0,0,0,0,0,1,1,0,0,0
1830333709,11.3258,11.3736,0.0,2.16506e-32,0.0,131.741,0.545789,1.10783,nan,3,0.0,0.0,0.0,0.0,0.0,0,0,0,0,0,1,1,0,0,0
1830843720,11.3751,11.3718,0.0,7.72679e-33,0.0,131.741,0.545098,1.10801,nan,3,0.0,0.0,0.0,0.0,0.0,0,0,0,0,0,1,1,0,0,0
1831344989,11.3849,11.3736,0.0,2.81387e-33,0.0,131.741,0.545767,1.10783,nan,3,0.0,0.0,0.0,0.0,0.0,0,0,0,0,0,1,1,0,0,0
1831843667,11.3652,11.373,0.0,1.02473e-33,0.0,131.741,0.545552,1.10789,nan,3,0.0,0.0,0.0,0.0,0.0,0,0,0,0,0,1,1,0,0,0
1832343667,11.3948,11.3735,0.0,3.73174e-34,0.0,131.741,0.545749,1.10784,nan,3,0.0,0.0,0.0,0.0,0.0,0,0,0,0,0,1,1,0,0,0
1832843720,11.3948,11.3739,0.0,1.35899e-34,0.0,131.741,0.545871,1.1078,nan,3,0.0,0.0,0.0,0.0,0.0,0,0,0,0,0,1,1,0,0,0
1833343714,11.4046,11.3627,0.0,4.94903e-35,0.0,131.741,0.541723,1.1089,nan,3,0.0,0.0,0.0,0.0,0.0,0,0,0,0,0,1,1,0,0,0
1833854610,11.3948,11.3677,0.0,1.76624e-35,0.0,131.741,0.543593,1.1084,nan,3,0.0,0.0,0.0,0.0,0.0,0,0,0,0,0,1,1,0,0,0
1834353689,11.3258,11.3697,0.0,6.43213e-36,0.0,131.741,0.544322,1.10821,nan,3,0.0,0.0,0.0,0.0,0.0,0,0,0,0,0,1,1,0,0,0
1834853729,11.3652,11.3686,0.0,2.34239e-36,0.0,131.741,0.543929,1.10831,nan,3,0.0,0.0,0.0,0.0,0.0,0,0,0,0,0,1,1,0,0,0
1835353670,11.3948,11.3691,0.0,8.53027e-37,0.0,131.741,0.544103,1.10827,nan,3,0.0,0.0,0.0,0.0,0.0,0,0,0,0,0,1,1,0,0,0
1835863962,11.3061,11.3712,0.0,3.04434e-37,0.0,131.741,0.544897,1.10806,nan,3,0.0,0.0,0.0,0.0,0.0,0,0,0,0,0,1,1,0,0,0
1836363667,11.4046,11.3726,0.0,1.10866e-37,0.0,131.741,0.545394,1.10793,nan,3,0.0,0.0,0.0,0.0,0.0,0,0,0,0,0,1,1,0,0,0
1836863698,11.3553,11.3723,0.0,4.0374e-38,0.0,131.741,0.545289,1.10796,nan,3,0.0,0.0,0.0,0.0,0.0,0,0,0,0,0,1,1,0,0,0
1837363697,11.3849,11.3752,0.0,1.4703e-38,0.0,131.741,0.546364,1.10767,nan,3,0.0,0.0,0.0,0.0,0.0,0,0,0,0,0,1,1,0,0,0
1837863690,11.4145,11.3759,0.0,5.3544e-39,0.0,131.741,0.546621,1.10761,nan,3,0.0,0.0,0.0,0.0,0.0,0,0,0,0,0,1,1,0,0,0
1838363667,11.3849,11.3743,0.0,1.94991e-39,0.0,131.741,0.546033,1.10776,nan,3,0.0,0.0,0.0,0.0,0.0,0,0,0,0,0,1,1,0,0,0
1838864348,11.3849,11.3711,0.0,7.10097e-40,0.0,131.741,0.544863,1.10807,nan,3,0.0,0.0,0.0,0.0,0.0,0,0,0,0,0,1,1,0,0,0
1839373882,11.3849,11.3723,0.0,2.53429e-40,0.0,131.741,0.545314,1.10795,nan,3,0.0,0.0,0.0,0.0,0.0,0,0,0,0,0,1,1,0,0,0
1839873699,11.3159,11.3725,0.0,9.22923e-41,0.0,131.741,0.545384,1.10793,nan,3,0.0,0.0,0.0,0.0,0.0,0,0,0,0,0,1,1,0,0,0
1840373699,11.3849,11.372,0.0,3.36101e-41,0.0,131.741,0.545188,1.10798,nan,3,0.0,0.0,0.0,0.0,0.0,0,0,0,0,0,1,1,0,0,0
1840873667,11.4046,11.3742,0.0,1.22431e-41,0.0,131.741,0.545995,1.10777,nan,3,0.0,0.0,0.0,0.0,0.0,0,0,0,0,0,1,1,0,0,0
1841373684,11.3159,11.3724,0.0,4.46173e-42,0.0,131.741,0.545327,1.10795,nan,3,0.0,0.0,0.0,0.0,0.0,0,0,0,0,0,1,1,0,0,0
1841873672,11.3948,11.3734,0.0,1.62551e-42,0.0,131.741,0.545686,1.10785,nan,3,0.0,0.0,0.0,0.0,0.0,0,0,0,0,0,1,1,0,0,0
1842374376,11.3849,11.3729,0.0,5.92749e-43,0.0,131.741,0.545518,1.1079,nan,3,0.0,0.0,0.0,0.0,0.0,0,0,0,0,0,1,1,0,0,0
1842873669,11.4046,11.3731,0.0,2.17201e-43,0.0,131.741,0.545587,1.10788,nan,3,0.0,0.0,0.0,0.0,0.0,0,0,0,0,0,1,1,0,0,0
1843374455,11.4046,11.373,0.0,8.40779e-44,0.0,131.741,0.545564,1.10788,nan,3,0.0,0.0,0.0,0.0,0.0,0,0,0,0,0,1,1,0,0,0
1843873693,11.3948,11.3729,0.0,3.50325e-44,0.0,131.741,0.545503,1.1079,nan,3,0.0,0.0,0.0,0.0,0.0,0,0,0,0,0,1,1,0,0,0
1844373667,11.3061,11.375,0.0,3.50325e-44,0.0,131.741,0.546312,1.10769,nan,3,0.0,0.0,0.0,0.0,0.0,0,0,0,0,0,1,1,0,0,0
1844873667,11.3751,11.3735,0.0,3.50325e-44,0.0,131.741,0.54573,1.10784,nan,3,0.0,0.0,0.0,0.0,0.0,0,0,0,0,0,1,1,0,0,0
1845373678,11.3652,11.3733,0.0,3.50325e-44,0.0,131.741,0.545675,1.10786,nan,3,0.0,0.0,0.0,0.0,0.0,0,0,0,0,0,1,1,0,0,0
1845883671,11.3849,11.3716,0.0,3.50325e-44,0.0,131.741,0.545053,1.10802,nan,3,0.0,0.0,0.0,0.0,0.0,0,0,0,0,0,1,1,0,0,0
1846383671,11.3652,11.3729,0.0,3.50325e-44,0.0,131.741,0.545532,1.10789,nan,3,0.0,0.0,0.0,0.0,0.0,0,0,0,0,0,1,1,0,0,0
1846884044,11.3258,11.3714,0.0,3.50325e-44,0.0,131.741,0.544959,1.10804,nan,3,0.0,0.0,0.0,0.0,0.0,0,0,0,0,0,1,1,0,0,0
1847383667,11.3948,11.3727,0.0,3.50325e-44,0.0,131.741,0.545448,1.10792,nan,3,0.0,0.0,0.0,0.0,0.0,0,0,0,0,0,1,1,0,0,0
1847883667,11.3948,11.3721,0.0,3.50325e-44,0.0,131.741,0.545225,1.10797,nan,3,0.0,0.0,0.0,0.0,0.0,0,0,0,0,0,1,1,0,0,0
1848384141,11.2962,11.3705,0.0,3.50325e-44,0.0,131.741,0.544619,1.10813,nan,3,0.0,0.0,0.0,0.0,0.0,0,0,0,0,0,1,1,0,0,0
1848883998,11.4046,11.3664,0.0,3.50325e-44,0.0,131.741,0.543101,1.10853,nan,3,0.0,0.0,0.0,0.0,0.0,0,0,0,0,0,1,1,0,0,0
1849383667,11.4145,11.3699,0.0,3.50325e-44,0.0,131.741,0.544404,1.10819,nan,3,0.0,0.0,0.0,0.0,0.0,0,0,0,0,0,1,1,0,0,0
1849893693,11.3751,11.3696,0.0,3.50325e-44,0.0,131.741,0.54429,1.10822,nan,3,0.0,0.0,0.0,0.0,0.0,0,0,0,0,0,1,1,0,0,0
1850394088,11.3751,11.3719,0.0,3.50325e-44,0.0,131.741,0.545135,1.108,nan,3,0.0,0.0,0.0,0.0,0.0,0,0,0,0,0,1,1,0,0,0
1850893689,11.3948,11.3714,0.0,3.50325e-44,0.0,131.741,0.544961,1.10804,nan,3,0.0,0.0,0.0,0.0,0.0,0,0,0,0,0,1,1,0,0,0
1851393746,11.3849,11.3732,0.0,3.50325e-44,0.0,131.741,0.545624,1.10787,nan,3,0.0,0.0,0.0,0.0,0.0,0,0,0,0,0,1,1,0,0,0
1851893681,11.3849,11.3575,0.0,3.50325e-44,0.0,131.741,0.539833,1.10939,nan,3,0.0,0.0,0.0,0.0,0.0,0,0,0,0,0,1,1,0,0,0
1852403678,11.3159,11.3582,0.0,3.50325e-44,0.0,131.741,0.540056,1.10934,nan,3,0.0,0.0,0.0,0.0,0.0,0,0,0,0,0,1,1,0,0,0
1852903693,11.3751,11.3598,0.0,3.50325e-44,0.0,131.741,0.540656,1.10918,nan,3,0.0,0.0,0.0,0.0,0.0,0,0,0,0,0,1,1,0,0,0
1853403675,11.3948,11.3668,0.0,3.50325e-44,0.0,131.741,0.543245,1.1085,nan,3,0.0,0.0,0.0,0.0,0.0,0,0,0,0,0,1,1,0,0,0
1853904027,11.3061,11.3664,0.0,3.50325e-44,0.0,131.741,0.543112,1.10853,nan,3,0.0,0.0,0.0,0.0,0.0,0,0,0,0,0,1,1,0,0,0
1854403686,11.3849,11.3667,0.0,3.50325e-44,0.0,131.741,0.54324,1.1085,nan,3,0.0,0.0,0.0,0.0,0.0,0,0,0,0,0,1,1,0,0,0
1854903667,11.4046,11.3685,0.0,3.50325e-44,0.0,131.741,0.543891,1.10833,nan,3,0.0,0.0,0.0,0.0,0.0,0,0,0,0,0,1,1,0,0,0
1855403667,11.3849,11.359,0.0,3.50325e-44,0.0,131.741,0.540356,1.10926,nan,3,0.0,0.0,0.0,0.0,0.0,0,0,0,0,0,1,1,0,0,0
1855913713,11.3948,11.359,0.0,3.50325e-44,0.0,131.741,0.540353,1.10926,nan,3,0.0,0.0,0.0,0.0,0.0,0,0,0,0,0,1,1,0,0,0
1856413670,11.4046,11.3644,0.0,3.50325e-44,0.0,131.741,0.542358,1.10873,nan,3,0.0,0.0,0.0,0.0,0.0,0,0,0,0,0,1,1,0,0,0
1856913671,11.2962,11.366,0.0,3.50325e-44,0.0,131.741,0.542976,1.10857,nan,3,0.0,0.0,0.0,0.0,0.0,0,0,0,0,0,1,1,0,0,0
1857414607,11.3849,11.3677,0.0,3.50325e-44,0.0,131.741,0.543602,1.1084,nan,3,0.0,0.0,0.0,0.0,0.0,0,0,0,0,0,1,1,0,0,0
1857913718,11.3948,11.371,0.0,3.50325e-44,0.0,131.741,0.544809,1.10808,nan,3,0.0,0.0,0.0,0.0,0.0,0,0,0,0,0,1,1,0,0,0
1858424226,11.3948,11.3695,0.0,3.50325e-44,0.0,131.741,0.544275,1.10822,nan,3,0.0,0.0,0.0,0.0,0.0,0,0,0,0,0,1,1,0,0,0
1858923695,11.3849,11.3668,0.0,3.50325e-44,0.0,131.741,0.543269,1.10849,nan,3,0.0,0.0,0.0,0.0,0.0,0,0,0,0,0,1,1,0,0,0
1859423688,11.3948,11.3642,0.0,3.50325e-44,0.0,131.741,0.542296,1.10875,nan,3,0.0,0.0,0.0,0.0,0.0,0,0,0,0,0,1,1,0,0,0
1859923667,11.3948,11.3659,0.0,3.50325e-44,0.0,131.741,0.542909,1.10858,nan,3,0.0,0.0,0.0,0.0,0.0,0,0,0,0,0,1,1,0,0,0
1860423684,11.3751,11.3626,0.0,3.50325e-44,0.0,131.741,0.541686,1.10891,nan,3,0.0,0.0,0.0,0.0,0.0,0,0,0,0,0,1,1,0,0,0
1860925027,11.2962,11.3637,0.0,3.50325e-44,0.0,131.741,0.5421,1.1088,nan,3,0.0,0.0,0.0,0.0,0.0,0,0,0,0,0,1,1,0,0,0
1861423667,11.3849,11.3547,0.0,3.50325e-44,0.0,131.741,0.538791,1.10967,nan,3,0.0,0.0,0.0,0.0,0.0,0,0,0,0,0,1,1,0,0,0
1861933696,11.3849,11.314,0.0,3.50325e-44,0.0,131.741,0.523708,1.11366,nan,3,0.0,0.0,0.0,0.0,0.0,0,0,0,0,0,1,1,0,0,0
1862433678,11.2962,11.3323,0.0,3.50325e-44,0.0,131.741,0.530488,1.11186,nan,3,0.0,0.0,0.0,0.0,0.0,0,0,0,0,0,1,1,0,0,0
1862933670,11.3849,11.3468,0.0,3.50325e-44,0.0,131.741,0.535845,1.11045,nan,3,0.0,0.0,0.0,0.0,0.0,0,0,0,0,0,1,1,0,0,0
1863433726,11.3849,11.3541,0.0,3.50325e-44,0.0,131.741,0.538538,1.10974,nan,3,0.0,0.0,0.0,0.0,0.0,0,0,0,0,0,1,1,0,0,0
1863933667,11.3849,11.3592,0.0,3.50325e-44,0.0,131.741,0.540457,1.10923,nan,3,0.0,0.0,0.0,0.0,0.0,0,0,0,0,0,1,1,0,0,0
1864433737,11.3652,11.3603,0.0,3.50325e-44,0.0,131.741,0.540835,1.10913,nan,3,0.0,0.0,0.0,0.0,0.0,0,0,0,0,0,1,1,0,0,0
1864933667,11.3159,11.3602,0.0,3.50325e-44,0.0,131.741,0.540833,1.10913,nan,3,0.0,0.0,0.0,0.0,0.0,0,0,0,0,0,1,1,0,0,0
1865433806,11.3455,11.3642,0.0,3.50325e-44,0.0,131.741,0.542301,1.10874,nan,3,0.0,0.0,0.0,0.0,0.0,0,0,0,0,0,1,1,0,0,0
1865934806,11.3849,11.366,0.0,3.50325e-44,0.0,131.741,0.542963,1.10857,nan,3,0.0,0.0,0.0,0.0,0.0,0,0,0,0,0,1,1,0,0,0
1866444506,11.2962,11.3654,0.0,3.50325e-44,0.0,131.741,0.542759,1.10862,nan,3,0.0,0.0,0.0,0.0,0.0,0,0,0,0,0,1,1,0,0,0
1866943705,11.4046,11.3634,0.0,3.50325e-44,0.0,131.741,0.542009,1.10882,nan,3,0.0,0.0,0.0,0.0,0.0,0,0,0,0,0,1,1,0,0,0
1867443667,11.3849,11.3656,0.0,3.50325e-44,0.0,131.741,0.542814,1.10861,nan,3,0.0,0.0,0.0,0.0,0.0,0,0,0,0,0,1,1,0,0,0
1867944753,11.3849,11.3671,0.0,3.50325e-44,0.0,131.741,0.543372,1.10846,nan,3,0.0,0.0,0.0,0.0,0.0,0,0,0,0,0,1,1,0,0,0
1868443693,11.3652,11.3678,0.0,3.50325e-44,0.0,131.741,0.54364,1.10839,nan,3,0.0,0.0,0.0,0.0,0.0,0,0,0,0,0,1,1,0,0,0
1868943667,11.3948,11.3673,0.0,3.50325e-44,0.0,131.741,0.543439,1.10844,nan,3,0.0,0.0,0.0,0.0,0.0,0,0,0,0,0,1,1,0,0,0
1869443667,11.3948,11.3648,0.0,3.50325e-44,0.0,131.741,0.542521,1.10869,nan,3,0.0,0.0,0.0,0.0,0.0,0,0,0,0,0,1,1,0,0,0
1869943667,11.3751,11.3667,0.0,3.50325e-44,0.0,131.741,0.543207,1.10851,nan,3,0.0,0.0,0.0,0.0,0.0,0,0,0,0,0,1,1,0,0,0
1870443667,11.3849,11.3706,0.0,3.50325e-44,0.0,131.741,0.544669,1.10812,nan,3,0.0,0.0,0.0,0.0,0.0,0,0,0,0,0,1,1,0,0,0
1870943669,11.3849,11.365,0.0,3.50325e-44,0.0,131.741,0.542586,1.10867,nan,3,0.0,0.0,0.0,0.0,0.0,0,0,0,0,0,1,1,0,0,0
1871453863,11.4046,11.3659,0.0,3.50325e-44,0.0,131.741,0.542919,1.10858,nan,3,0.0,0.0,0.0,0.0,0.0,0,0,0,0,0,1,1,0,0,0
1871953667,11.3159,11.3663,0.0,3.50325e-44,0.0,131.741,0.543077,1.10854,nan,3,0.0,0.0,0.0,0.0,0.0,0,0,0,0,0,1,1,0,0,0
1872453729,11.3948,11.3693,0.0,3.50325e-44,0.0,131.741,0.544192,1.10825,nan,3,0.0,0.0,0.0,0.0,0.0,0,0,0,0,0,1,1,0,0,0
1872953684,11.3849,11.3668,0.0,3.50325e-44,0.0,131.741,0.543265,1.10849,nan,3,0.0,0.0,0.0,0.0,0.0,0,0,0,0,0,1,1,0,0,0
1873453788,11.3751,11.3675,0.0,3.50325e-44,0.0,131.741,0.543519,1.10842,nan,3,0.0,0.0,0.0,0.0,0.0,0,0,0,0,0,1,1,0,0,0
1873953721,11.3061,11.3697,0.0,3.50325e-44,0.0,131.741,0.54433,1.10821,nan,3,0.0,0.0,0.0,0.0,0.0,0,0,0,0,0,1,1,0,0,0
1874463693,11.3849,11.3721,0.0,3.50325e-44,0.0,131.741,0.545211,1.10798,nan,3,0.0,0.0,0.0,0.0,0.0,0,0,0,0,0,1,1,0,0,0
1874964075,11.3652,11.3693,0.0,3.50325e-44,0.0,131.741,0.544194,1.10825,nan,3,0.0,0.0,0.0,0.0,0.0,0,0,0,0,0,1,1,0,0,0
1875464454,11.4046,11.3706,0.0,3.50325e-44,0.0,131.741,0.544666,1.10812,nan,3,0.0,0.0,0.0,0.0,0.0,0,0,0,0,0,1,1,0,0,0
1875963667,11.3751,11.3697,0.0,3.50325e-44,0.0,131.741,0.544339,1.10821,nan,3,0.0,0.0,0.0,0.0,0.0,0,0,0,0,0,1,1,0,0,0
1876465524,11.3849,11.3673,0.0,3.50325e-44,0.0,131.741,0.543453,1.10844,nan,3,0.0,0.0,0.0,0.0,0.0,0,0,0,0,0,1,1,0,0,0
1876963667,11.3751,11.368,0.0,3.50325e-44,0.0,131.741,0.54372,1.10837,nan,3,0.0,0.0,0.0,0.0,0.0,0,0,0,0,0,1,1,0,0,0
1877473695,11.3258,11.368,0.0,3.50325e-44,0.0,131.741,0.543709,1.10837,nan,3,0.0,0.0,0.0,0.0,0.0,0,0,0,0,0,1,1,0,0,0
1877973669,11.3849,11.3675,0.0,3.50325e-44,0.0,131.741,0.543537,1.10842,nan,3,0.0,0.0,0.0,0.0,0.0,0,0,0,0,0,1,1,0,0,0
1878473790,11.4046,11.369,0.0,3.50325e-44,0.0,131.741,0.544077,1.10828,nan,3,0.0,0.0,0.0,0.0,0.0,0,0,0,0,0,1,1,0,0,0
1878973691,11.3751,11.3678,0.0,3.50325e-44,0.0,131.741,0.543638,1.10839,nan,3,0.0,0.0,0.0,0.0,0.0,0,0,0,0,0,1,1,0,0,0
1879473733,11.3948,11.366,0.0,3.50325e-44,0.0,131.741,0.54297,1.10857,nan,3,0.0,0.0,0.0,0.0,0.0,0,0,0,0,0,1,1,0,0,0
1879973956,11.3751,11.3668,0.0,3.50325e-44,0.0,131.741,0.543271,1.10849,nan,3,0.0,0.0,0.0,0.0,0.0,0,0,0,0,0,1,1,0,0,0
1880473667,11.3751,11.3649,0.0,3.50325e-44,0.0,131.741,0.542548,1.10868,nan,3,0.0,0.0,0.0,0.0,0.0,0,0,0,0,0,1,1,0,0,0
1880974080,11.3948,11.365,0.0,3.50325e-44,0.0,131.741,0.542589,1.10867,nan,3,0.0,0.0,0.0,0.0,0.0,0,0,0,0,0,1,1,0,0,0
1881483667,11.3849,11.3675,0.0,3.50325e-44,0.0,131.741,0.543512,1.10842,nan,3,0.0,0.0,0.0,0.0,0.0,0,0,0,0,0,1,1,0,0,0
1881984011,11.3849,11.3672,0.0,3.50325e-44,0.0,131.741,0.543412,1.10845,nan,3,0.0,0.0,0.0,0.0,0.0,0,0,0,0,0,1,1,0,0,0
1882483714,11.3849,11.3678,0.0,3.50325e-44,0.0,131.741,0.543622,1.1084,nan,3,0.0,0.0,0.0,0.0,0.0,0,0,0,0,0,1,1,0,0,0
1882983667,11.4145,11.3686,0.0,3.50325e-44,0.0,131.741,0.543938,1.10831,nan,3,0.0,0.0,0.0,0.0,0.0,0,0,0,0,0,1,1,0,0,0
1883483670,11.3948,11.3683,0.0,3.50325e-44,0.0,131.741,0.543831,1.10834,nan,3,0.0,0.0,0.0,0.0,0.0,0,0,0,0,0,1,1,0,0,0
1883983693,11.3948,11.371,0.0,3.50325e-44,0.0,131.741,0.544811,1.10808,nan,3,0.0,0.0,0.0,0.0,0.0,0,0,0,0,0,1,1,0,0,0
1884493787,11.3159,11.3666,0.0,3.50325e-44,0.0,131.741,0.54319,1.10851,nan,3,0.0,0.0,0.0,0.0,0.0,0,0,0,0,0,1,1,0,0,0
1884993667,11.3948,11.3668,0.0,3.50325e-44,0.0,131.741,0.543269,1.10849,nan,3,0.0,0.0,0.0,0.0,0.0,0,0,0,0,0,1,1,0,0,0
1885493718,11.4145,11.3671,0.0,3.50325e-44,0.0,131.741,0.543374,1.10846,nan,3,0.0,0.0,0.0,0.0,0.0,0,0,0,0,0,1,1,0,0,0
1885993667,11.4046,11.3693,0.0,3.50325e-44,0.0,131.741,0.544169,1.10825,nan,3,0.0,0.0,0.0,0.0,0.0,0,0,0,0,0,1,1,0,0,0
1886493704,11.4046,11.3677,0.0,3.50325e-44,0.0,131.741,0.543581,1.10841,nan,3,0.0,0.0,0.0,0.0,0.0,0,0,0,0,0,1,1,0,0,0
1886993767,11.3948,11.3676,0.0,3.50325e-44,0.0,131.741,0.543546,1.10842,nan,3,0.0,0.0,0.0,0.0,0.0,0,0,0,0,0,1,1,0,0,0
1887493667,11.2962,11.3687,0.0,3.50325e-44,0.0,131.741,0.543945,1.10831,nan,3,0.0,0.0,0.0,0.0,0.0,0,0,0,0,0,1,1,0,0,0
1887993669,11.3849,11.3685,0.0,3.50325e-44,0.0,131.741,0.543896,1.10832,nan,3,0.0,0.0,0.0,0.0,0.0,0,0,0,0,0,1,1,0,0,0
1889003940,11.3751,11.3612,0.0,3.50325e-44,0.0,131.741,0.541201,1.10903,nan,3,0.0,0.0,0.0,0.0,0.0,0,0,0,0,0,1,1,0,0,0
1890503674,11.4046,11.3601,0.0,3.50325e-44,0.0,131.741,0.540794,1.10914,nan,3,0.0,0.0,0.0,0.0,0.0,0,0,0,0,0,1,1,0,0,0
1891003667,11.3751,11.3608,0.0,3.50325e-44,0.0,131.741,0.541051,1.10907,nan,3,0.0,0.0,0.0,0.0,0.0,0,0,0,0,0,1,1,0,0,0
1891504429,11.2962,11.3641,0.0,3.50325e-44,0.0,131.741,0.542258,1.10876,nan,3,0.0,0.0,0.0,0.0,0.0,0,0,0,0,0,1,1,0,0,0
1892003667,11.3849,11.3662,0.0,3.50325e-44,0.0,131.741,0.543034,1.10855,nan,3,0.0,0.0,0.0,0.0,0.0,0,0,0,0,0,1,1,0,0,0
1892503667,11.3849,11.3689,0.0,3.50325e-44,0.0,131.741,0.544045,1.10828,nan,3,0.0,0.0,0.0,0.0,0.0,0,0,0,0,0,1,1,0,0,0
1893005150,11.3258,11.366,0.0,3.50325e-44,0.0,131.741,0.542975,1.10857,nan,3,0.0,0.0,0.0,0.0,0.0,0,0,0,0,0,1,1,0,0,0
1893503691,11.4046,11.3673,0.0,3.50325e-44,0.0,131.741,0.54345,1.10844,nan,3,0.0,0.0,0.0,0.0,0.0,0,0,0,0,0,1,1,0,0,0
1894013670,11.3652,11.3673,0.0,3.50325e-44,0.0,131.741,0.543454,1.10844,nan,3,0.0,0.0,0.0,0.0,0.0,0,0,0,0,0,1,1,0,0,0
1894513672,11.3849,11.3688,0.0,3.50325e-44,0.0,131.741,0.543986,1.1083,nan,3,0.0,0.0,0.0,0.0,0.0,0,0,0,0,0,1,1,0,0,0
1895013673,11.4046,11.3689,0.0,3.50325e-44,0.0,131.741,0.544046,1.10828,nan,3,0.0,0.0,0.0,0.0,0.0,0,0,0,0,0,1,1,0,0,0
1895513670,11.3849,11.3709,0.0,3.50325e-44,0.0,131.741,0.54477,1.10809,nan,3,0.0,0.0,0.0,0.0,0.0,0,0,0,0,0,1,1,0,0,0
1896013667,11.3061,11.368,0.0,3.50325e-44,0.0,131.741,0.543695,1.10838,nan,3,0.0,0.0,0.0,0.0,0.0,0,0,0,0,0,1,1,0,0,0
1896514457,11.3948,11.358,0.0,3.50325e-44,0.0,131.741,0.539993,1.10935,nan,3,0.0,0.0,0.0,0.0,0.0,0,0,0,0,0,1,1,0,0,0
1897023667,11.2962,11.3606,0.0,3.50325e-44,0.0,131.741,0.540951,1.1091,nan,3,0.0,0.0,0.0,0.0,0.0,0,0,0,0,0,1,1,0,0,0
1897523667,11.3849,11.3671,0.0,3.50325e-44,0.0,131.741,0.543353,1.10847,nan,3,0.0,0.0,0.0,0.0,0.0,0,0,0,0,0,1,1,0,0,0
1898023960,11.4046,11.367,0.0,3.50325e-44,0.0,131.741,0.543342,1.10847,nan,3,0.0,0.0,0.0,0.0,0.0,0,0,0,0,0,1,1,0,0,0
1898524817,11.4145,11.3699,0.0,3.50325e-44,0.0,131.741,0.544411,1.10819,nan,3,0.0,0.0,0.0,0.0,0.0,0,0,0,0,0,1,1,0,0,0
1899033686,11.3849,11.3688,0.0,3.50325e-44,0.0,131.741,0.544019,1.10829,nan,3,0.0,0.0,0.0,0.0,0.0,0,0,0,0,0,1,1,0,0,0
1899534492,11.3948,11.3701,0.0,3.50325e-44,0.0,131.741,0.544474,1.10817,nan,3,0.0,0.0,0.0,0.0,0.0,0,0,0,0,0,1,1,0,0,0
1900033667,11.3849,11.3681,0.0,3.50325e-44,0.0,131.741,0.54374,1.10836,nan,3,0.0,0.0,0.0,0.0,0.0,0,0,0,0,0,1,1,0,0,0
1900533708,11.3751,11.3681,0.0,3.50325e-44,0.0,131.741,0.543725,1.10837,nan,3,0.0,0.0,0.0,0.0,0.0,0,0,0,0,0,1,1,0,0,0
1901033671,11.3849,11.3693,0.0,3.50325e-44,0.0,131.741,0.54418,1.10825,nan,3,0.0,0.0,0.0,0.0,0.0,0,0,0,0,0,1,1,0,0,0
1901533667,11.3849,11.3683,0.0,3.50325e-44,0.0,131.741,0.543815,1.10835,nan,3,0.0,0.0,0.0,0.0,0.0,0,0,0,0,0,1,1,0,0,0
1902033706,11.3849,11.3716,0.0,3.50325e-44,0.0,131.741,0.545049,1.10802,nan,3,0.0,0.0,0.0,0.0,0.0,0,0,0,0,0,1,1,0,0,0
1902533696,11.3751,11.3712,0.0,3.50325e-44,0.0,131.741,0.544881,1.10806,nan,3,0.0,0.0,0.0,0.0,0.0,0,0,0,0,0,1,1,0,0,0
1903033669,11.3652,11.3689,0.0,3.50325e-44,0.0,131.741,0.544053,1.10828,nan,3,0.0,0.0,0.0,0.0,0.0,0,0,0,0,0,1,1,0,0,0
1903533667,11.3948,11.3688,0.0,3.50325e-44,0.0,131.741,0.543992,1.1083,nan,3,0.0,0.0,0.0,0.0,0.0,0,0,0,0,0,1,1,0,0,0
1904033678,11.3061,11.369,0.0,3.50325e-44,0.0,131.741,0.544067,1.10828,nan,3,0.0,0.0,0.0,0.0,0.0,0,0,0,0,0,1,1,0,0,0
1904533728,11.2962,11.3681,0.0,3.50325e-44,0.0,131.741,0.543749,1.10836,nan,3,0.0,0.0,0.0,0.0,0.0,0,0,0,0,0,1,1,0,0,0
1905033667,11.3751,11.3688,0.0,3.50325e-44,0.0,131.741,0.54401,1.10829,nan,3,0.0,0.0,0.0,0.0,0.0,0,0,0,0,0,1,1,0,0,0
1905544377,11.2962,11.3671,0.0,3.50325e-44,0.0,131.741,0.543359,1.10847,nan,3,0.0,0.0,0.0,0.0,0.0,0,0,0,0,0,1,1,0,0,0
1906043667,11.3652,11.3761,0.0,3.50325e-44,0.0,131.741,0.5467,1.10759,nan,3,0.0,0.0,0.0,0.0,0.0,0,0,0,0,0,1,1,0,0,0
1906543667,11.3751,11.3755,0.0,3.50325e-44,0.0,131.741,0.546467,1.10765,nan,3,0.0,0.0,0.0,0.0,0.0,0,0,0,0,0,1,1,0,0,0
1907043667,11.3948,11.3733,0.0,3.50325e-44,0.0,131.741,0.545649,1.10786,nan,3,0.0,0.0,0.0,0.0,0.0,0,0,0,0,0,1,1,0,0,0
1907554412,11.3751,11.3714,0.0,3.50325e-44,0.0,131.741,0.54496,1.10804,nan,3,0.0,0.0,0.0,0.0,0.0,0,0,0,0,0,1,1,0,0,0
1908053673,11.3948,11.3709,0.0,3.50325e-44,0.0,131.741,0.544796,1.10809,nan,3,0.0,0.0,0.0,0.0,0.0,0,0,0,0,0,1,1,0,0,0
1908553784,11.2962,11.3692,0.0,3.50325e-44,0.0,131.741,0.544166,1.10825,nan,3,0.0,0.0,0.0,0.0,0.0,0,0,0,0,0,1,1,0,0,0
1909063686,11.4046,11.3705,0.0,3.50325e-44,0.0,131.741,0.544618,1.10813,nan,3,0.0,0.0,0.0,0.0,0.0,0,0,0,0,0,1,1,0,0,0
1909563667,11.2765,11.37,0.0,3.50325e-44,0.0,131.741,0.544442,1.10818,nan,3,0.0,0.0,0.0,0.0,0.0,0,0,0,0,0,1,1,0,0,0
1910064078,11.3849,11.3703,0.0,3.50325e-44,0.0,131.741,0.544571,1.10815,nan,3,0.0,0.0,0.0,0.0,0.0,0,0,0,0,0,1,1,0,0,0
1910563667,11.3751,11.3702,0.0,3.50325e-44,0.0,131.741,0.544517,1.10816,nan,3,0.0,0.0,0.0,0.0,0.0,0,0,0,0,0,1,1,0,0,0
1911065815,11.3553,11.3678,0.0,3.50325e-44,0.0,131.741,0.543631,1.10839,nan,3,0.0,0.0,0.0,0.0,0.0,0,0,0,0,0,1,1,0,0,0
1911563693,11.3948,11.3676,0.0,3.50325e-44,0.0,131.741,0.543571,1.10841,nan,3,0.0,0.0,0.0,0.0,0.0,0,0,0,0,0,1,1,0,0,0
1912063667,11.3849,11.3691,0.0,3.50325e-44,0.0,131.741,0.544097,1.10827,nan,3,0.0,0.0,0.0,0.0,0.0,0,0,0,0,0,1,1,0,0,0
1912563714,11.2962,11.3682,0.0,3.50325e-44,0.0,131.741,0.543778,1.10835,nan,3,0.0,0.0,0.0,0.0,0.0,0,0,0,0,0,1,1,0,0,0
1913063667,11.3652,11.3661,0.0,3.50325e-44,0.0,131.741,0.543002,1.10856,nan,3,0.0,0.0,0.0,0.0,0.0,0,0,0,0,0,1,1,0,0,0
1913573729,11.3061,11.3663,0.0,3.50325e-44,0.0,131.741,0.54307,1.10854,nan,3,0.0,0.0,0.0,0.0,0.0,0,0,0,0,0,1,1,0,0,0
1914073667,11.3751,11.3681,0.0,3.50325e-44,0.0,131.741,0.543723,1.10837,nan,3,0.0,0.0,0.0,0.0,0.0,0,0,0,0,0,1,1,0,0,0
1914574389,11.3849,11.3699,0.0,3.50325e-44,0.0,131.741,0.544401,1.10819,nan,3,0.0,0.0,0.0,0.0,0.0,0,0,0,0,0,1,1,0,0,0
1915073682,11.3061,11.3741,0.0,3.50325e-44,0.0,131.741,0.54597,1.10778,nan,3,0.0,0.0,0.0,0.0,0.0,0,0,0,0,0,1,1,0,0,0
1915573681,11.3849,11.3715,0.0,3.50325e-44,0.0,131.741,0.545013,1.10803,nan,3,0.0,0.0,0.0,0.0,0.0,0,0,0,0,0,1,1,0,0,0
1916073670,11.4145,11.3721,0.0,3.50325e-44,0.0,131.741,0.545235,1.10797,nan,3,0.0,0.0,0.0,0.0,0.0,0,0,0,0,0,1,1,0,0,0
1916573667,11.2962,11.3718,0.0,3.50325e-44,0.0,131.741,0.545123,1.108,nan,3,0.0,0.0,0.0,0.0,0.0,0,0,0,0,0,1,1,0,0,0
1917073680,11.3948,11.3688,0.0,3.50325e-44,0.0,131.741,0.544008,1.10829,nan,3,0.0,0.0,0.0,0.0,0.0,0,0,0,0,0,1,1,0,0,0
1917583694,11.3948,11.3706,0.0,3.50325e-44,0.0,131.741,0.544673,1.10812,nan,3,0.0,0.0,0.0,0.0,0.0,0,0,0,0,0,1,1,0,0,0
1918084407,11.2962,11.3696,0.0,3.50325e-44,0.0,131.741,0.544298,1.10822,nan,3,0.0,0.0,0.0,0.0,0.0,0,0,0,0,0,1,1,0,0,0
1918583674,11.3948,11.3679,0.0,3.50325e-44,0.0,131.741,0.543658,1.10839,nan,3,0.0,0.0,0.0,0.0,0.0,0,0,0,0,0,1,1,0,0,0
1919083667,11.3751,11.3603,0.0,3.50325e-44,0.0,131.741,0.540839,1.10913,nan,3,0.0,0.0,0.0,0.0,0.0,0,0,0,0,0,1,1,0,0,0
1919584082,11.3553,11.3623,0.0,3.50325e-44,0.0,131.741,0.54159,1.10893,nan,3,0.0,0.0,0.0,0.0,0.0,0,0,0,0,0,1,1,0,0,0
1920083667,11.3751,11.3642,0.0,3.50325e-44,0.0,131.741,0.542289,1.10875,nan,3,0.0,0.0,0.0,0.0,0.0,0,0,0,0,0,1,1,0,0,0
1920593737,11.2962,11.3644,0.0,3.50325e-44,0.0,131.741,0.542384,1.10872,nan,3,0.0,0.0,0.0,0.0,0.0,0,0,0,0,0,1,1,0,0,0
1921093669,11.3849,11.3664,0.0,3.50325e-44,0.0,131.741,0.543095,1.10853,nan,3,0.0,0.0,0.0,0.0,0.0,0,0,0,0,0,1,1,0,0,0
1921593675,11.3849,11.3667,0.0,3.50325e-44,0.0,131.741,0.543237,1.1085,nan,3,0.0,0.0,0.0,0.0,0.0,0,0,0,0,0,1,1,0,0,0
1922093667,11.3652,11.3681,0.0,3.50325e-44,0.0,131.741,0.543738,1.10837,nan,3,0.0,0.0,0.0,0.0,0.0,0,0,0,0,0,1,1,0,0,0
1922593800,11.3948,11.3661,0.0,3.50325e-44,0.0,131.741,0.542999,1.10856,nan,3,0.0,0.0,0.0,0.0,0.0,0,0,0,0,0,1,1,0,0,0
1923093970,11.3849,11.3685,0.0,3.50325e-44,0.0,131.741,0.543871,1.10833,nan,3,0.0,0.0,0.0,0.0,0.0,0,0,0,0,0,1,1,0,0,0
1923593672,11.3553,11.3656,0.0,3.50325e-44,0.0,131.741,0.542826,1.10861,nan,3,0.0,0.0,0.0,0.0,0.0,0,0,0,0,0,1,1,0,0,0
1924093686,11.3849,11.369,0.0,3.50325e-44,0.0,131.741,0.544084,1.10827,nan,3,0.0,0.0,0.0,0.0,0.0,0,0,0,0,0,1,1,0,0,0
1924593710,11.3455,11.3709,0.0,3.50325e-44,0.0,131.741,0.544769,1.10809,nan,3,0.0,0.0,0.0,0.0,0.0,0,0,0,0,0,1,1,0,0,0
1925093791,11.2666,11.3673,0.0,3.50325e-44,0.0,131.741,0.543436,1.10844,nan,3,0.0,0.0,0.0,0.0,0.0,0,0,0,0,0,1,1,0,0,0
1925593780,11.3948,11.3659,0.0,3.50325e-44,0.0,131.741,0.542929,1.10858,nan,3,0.0,0.0,0.0,0.0,0.0,0,0,0,0,0,1,1,0,0,0
1926103667,11.3455,11.3681,0.0,3.50325e-44,0.0,131.741,0.54373,1.10837,nan,3,0.0,0.0,0.0,0.0,0.0,0,0,0,0,0,1,1,0,0,0
1926603703,11.2962,11.366,0.0,3.50325e-44,0.0,131.741,0.542958,1.10857,nan,3,0.0,0.0,0.0,0.0,0.0,0,0,0,0,0,1,1,0,0,0
1927103694,11.3652,11.3626,0.0,3.50325e-44,0.0,131.741,0.541697,1.1089,nan,3,0.0,0.0,0.0,0.0,0.0,0,0,0,0,0,1,1,0,0,0
1927603673,11.3061,11.3641,0.0,3.50325e-44,0.0,131.741,0.544337,1.10821,nan,3,0.0,0.0,0.0,0.0,0.0,0,0,0,0,0,1,1,0,0,0
1928113708,11.3356,11.3536,0.0,3.50325e-44,0.0,131.741,0.545721,1.10784,nan,3,0.0,0.0,0.0,0.0,0.0,0,0,0,0,0,1,1,0,0,0
1928613708,11.3948,11.3555,0.0,3.50325e-44,0.0,131.741,0.543509,1.10843,nan,3,0.0,0.0,0.0,0.0,0.0,0,0,0,0,0,1,1,0,0,0
1929113673,11.3948,11.3616,0.0,3.50325e-44,0.0,131.741,0.544015,1.10829,nan,3,0.0,0.0,0.0,0.0,0.0,0,0,0,0,0,1,1,0,0,0
1929613669,11.3751,11.3644,0.0,3.50325e-44,0.0,131.741,0.543988,1.1083,nan,3,0.0,0.0,0.0,0.0,0.0,0,0,0,0,0,1,1,0,0,0
1930113688,11.4145,11.3656,0.0,3.50325e-44,0.0,131.741,0.543807,1.10835,nan,3,0.0,0.0,0.0,0.0,0.0,0,0,0,0,0,1,1,0,0,0
1930613667,11.2962,11.3636,0.0,3.50325e-44,0.0,131.741,0.542656,1.10865,nan,3,0.0,0.0,0.0,0.0,0.0,0,0,0,0,0,1,1,0,0,0
1931113671,11.3751,11.3652,0.0,3.50325e-44,0.0,131.741,0.543032,1.10855,nan,3,0.0,0.0,0.0,0.0,0.0,0,0,0,0,0,1,1,0,0,0
1931613667,11.3948,11.3663,0.0,3.50325e-44,0.0,131.741,0.543295,1.10848,nan,3,0.0,0.0,0.0,0.0,0.0,0,0,0,0,0,1,1,0,0,0
1932123681,11.3849,11.3632,0.0,3.50325e-44,0.0,131.741,0.542065,1.10881,nan,3,0.0,0.0,0.0,0.0,0.0,0,0,0,0,0,1,1,0,0,0
1932623671,11.3849,11.3659,0.0,3.50325e-44,0.0,131.741,0.543003,1.10856,nan,3,0.0,0.0,0.0,0.0,0.0,0,0,0,0,0,1,1,0,0,0
1933123693,11.3061,11.3675,0.0,3.50325e-44,0.0,131.741,0.543556,1.10841,nan,3,0.0,0.0,0.0,0.0,0.0,0,0,0,0,0,1,1,0,0,0
1933623667,11.3751,11.3679,0.0,3.50325e-44,0.0,131.741,0.543709,1.10837,nan,3,0.0,0.0,0.0,0.0,0.0,0,0,0,0,0,1,1,0,0,0
1934123667,11.3849,11.3673,0.0,3.50325e-44,0.0,131.741,0.543467,1.10844,nan,3,0.0,0.0,0.0,0.0,0.0,0,0,0,0,0,1,1,0,0,0
1934623711,11.2863,11.3658,0.0,3.50325e-44,0.0,131.741,0.542909,1.10858,nan,3,0.0,0.0,0.0,0.0,0.0,0,0,0,0,0,1,1,0,0,0
1935123667,11.3751,11.3647,0.0,3.50325e-44,0.0,131.741,0.542474,1.1087,nan,3,0.0,0.0,0.0,0.0,0.0,0,0,0,0,0,1,1,0,0,0
1935623678,11.3751,11.3654,0.0,3.50325e-44,0.0,131.741,0.542733,1.10863,nan,3,0.0,0.0,0.0,0.0,0.0,0,0,0,0,0,1,1,0,0,0
1936123669,11.2962,11.3611,0.0,3.50325e-44,0.0,131.741,0.541148,1.10905,nan,3,0.0,0.0,0.0,0.0,0.0,0,0,0,0,0,1,1,0,0,0
1936623697,11.3751,11.3635,0.0,3.50325e-44,0.0,131.741,0.542048,1.10881,nan,3,0.0,0.0,0.0,0.0,0.0,0,0,0,0,0,1,1,0,0,0
1937123667,11.3751,11.3632,0.0,3.50325e-44,0.0,131.741,0.54192,1.10884,nan,3,0.0,0.0,0.0,0.0,0.0,0,0,0,0,0,1,1,0,0,0
1937623720,11.2863,11.3629,0.0,3.50325e-44,0.0,131.741,0.541801,1.10888,nan,3,0.0,0.0,0.0,0.0,0.0,0,0,0,0,0,1,1,0,0,0
1938133722,11.3849,11.3656,0.0,3.50325e-44,0.0,131.741,0.542809,1.10861,nan,3,0.0,0.0,0.0,0.0,0.0,0,0,0,0,0,1,1,0,0,0
1938633667,11.3849,11.3664,0.0,3.50325e-44,0.0,131.741,0.543095,1.10853,nan,3,0.0,0.0,0.0,0.0,0.0,0,0,0,0,0,1,1,0,0,0
1939133676,11.3849,11.3661,0.0,3.50325e-44,0.0,131.741,0.543002,1.10856,nan,3,0.0,0.0,0.0,0.0,0.0,0,0,0,0,0,1,1,0,0,0
1939633740,11.3948,11.3678,0.0,3.50325e-44,0.0,131.741,0.543639,1.10839,nan,3,0.0,0.0,0.0,0.0,0.0,0,0,0,0,0,1,1,0,0,0
1940133667,11.3258,11.3674,0.0,3.50325e-44,0.0,131.741,0.543477,1.10843,nan,3,0.0,0.0,0.0,0.0,0.0,0,0,0,0,0,1,1,0,0,0
1940633669,11.2962,11.3634,0.0,3.50325e-44,0.0,131.741,0.541998,1.10882,nan,3,0.0,0.0,0.0,0.0,0.0,0,0,0,0,0,1,1,0,0,0
1941143684,11.3849,11.3633,0.0,3.50325e-44,0.0,131.741,0.541979,1.10883,nan,3,0.0,0.0,0.0,0.0,0.0,0,0,0,0,0,1,1,0,0,0
1941644277,11.2863,11.3647,0.0,3.50325e-44,0.0,131.741,0.542496,1.10869,nan,3,0.0,0.0,0.0,0.0,0.0,0,0,0,0,0,1,1,0,0,0
1942143675,11.3849,11.365,0.0,3.50325e-44,0.0,131.741,0.542595,1.10867,nan,3,0.0,0.0,0.0,0.0,0.0,0,0,0,0,0,1,1,0,0,0
1942643695,11.3849,11.3647,0.0,3.50325e-44,0.0,131.741,0.542492,1.10869,nan,3,0.0,0.0,0.0,0.0,0.0,0,0,0,0,0,1,1,0,0,0
1943144341,11.3751,11.3647,0.0,3.50325e-44,0.0,131.741,0.542474,1.1087,nan,3,0.0,0.0,0.0,0.0,0.0,0,0,0,0,0,1,1,0,0,0
1943653997,11.3849,11.365,0.0,3.50325e-44,0.0,131.741,0.542599,1.10867,nan,3,0.0,0.0,0.0,0.0,0.0,0,0,0,0,0,1,1,0,0,0
1944153682,11.3751,11.3615,0.0,3.50325e-44,0.0,131.741,0.541295,1.10901,nan,3,0.0,0.0,0.0,0.0,0.0,0,0,0,0,0,1,1,0,0,0
1944653678,11.3849,11.3606,0.0,3.50325e-44,0.0,131.741,0.540973,1.10909,nan,3,0.0,0.0,0.0,0.0,0.0,0,0,0,0,0,1,1,0,0,0
1945154046,11.3751,11.3641,0.0,3.50325e-44,0.0,131.741,0.54225,1.10876,nan,3,0.0,0.0,0.0,0.0,0.0,0,0,0,0,0,1,1,0,0,0
1945653691,11.2962,11.3633,0.0,3.50325e-44,0.0,131.741,0.541978,1.10883,nan,3,0.0,0.0,0.0,0.0,0.0,0,0,0,0,0,1,1,0,0,0
1946163667,11.3849,11.3646,0.0,3.50325e-44,0.0,131.741,0.542442,1.10871,nan,3,0.0,0.0,0.0,0.0,0.0,0,0,0,0,0,1,1,0,0,0
1946663667,11.3849,11.3637,0.0,3.50325e-44,0.0,131.741,0.542095,1.1088,nan,3,0.0,0.0,0.0,0.0,0.0,0,0,0,0,0,1,1,0,0,0
1947163999,11.2962,11.3647,0.0,3.50325e-44,0.0,131.741,0.542469,1.1087,nan,3,0.0,0.0,0.0,0.0,0.0,0,0,0,0,0,1,1,0,0,0
1947663667,11.3849,11.3642,0.0,3.50325e-44,0.0,131.741,0.542301,1.10874,nan,3,0.0,0.0,0.0,0.0,0.0,0,0,0,0,0,1,1,0,0,0
1948163685,11.3948,11.3663,0.0,3.50325e-44,0.0,131.741,0.543074,1.10854,nan,3,0.0,0.0,0.0,0.0,0.0,0,0,0,0,0,1,1,0,0,0
1948673733,11.3061,11.3599,0.0,3.50325e-44,0.0,131.741,0.540808,1.10914,nan,3,0.0,0.0,0.0,0.0,0.0,0,0,0,0,0,1,1,0,0,0
1949173726,11.3849,11.362,0.0,3.50325e-44,0.0,131.741,0.542833,1.1086,nan,3,0.0,0.0,0.0,0.0,0.0,0,0,0,0,0,1,1,0,0,0
1949673667,11.3061,11.3448,0.0,3.50325e-44,0.0,131.741,0.548059,1.10723,nan,3,0.0,0.0,0.0,0.0,0.0,0,0,0,0,0,1,1,0,0,0
1950173669,11.3061,11.3166,0.0,3.50325e-44,0.0,131.741,0.552218,1.10614,nan,3,0.0,0.0,0.0,0.0,0.0,0,0,0,0,0,1,1,0,0,0
1950673670,11.1681,11.2471,1.3268,0.30081,0.0,131.791,0.549736,1.10679,nan,3,0.0,0.0,0.0,0.0,0.0,0,0,0,0,0,1,1,0,0,0
1951173715,10.7836,11.1407,1.4632,0.95282,0.0,131.975,0.548321,1.10716,nan,3,0.0,0.0,0.0,0.0,0.0,0,0,0,0,0,1,1,0,0,0
1951673764,10.1035,10.8608,5.7164,3.68115,0.0,132.654,0.523377,1.11375,nan,3,0.0,0.0,0.0,0.0,0.0,0,0,0,0,0,1,1,0,0,0
1952173750,10.2908,10.6337,5.9892,5.03211,0.0,133.461,0.504611,1.11876,nan,3,0.0,0.0,0.0,0.0,0.0,0,0,0,0,0,1,1,0,0,0
1952673670,10.2119,10.4922,5.7288,5.44631,0.0,134.253,0.491799,1.12221,nan,3,0.0,0.0,0.0,0.0,0.0,0,0,0,0,0,1,1,0,0,0
1953173707,10.6062,10.4968,2.9884,4.14197,0.0,134.757,0.487339,1.12341,nan,3,0.0,0.0,0.0,0.0,0.0,0,0,0,0,0,1,1,0,0,0
1953673714,10.5766,10.5103,3.038,3.40989,0.0,135.172,0.480008,1.1254,nan,3,0.0,0.0,0.0,0.0,0.0,0,0,0,0,0,1,1,0,0,0
1954183677,10.5076,10.5219,2.6908,3.0895,0.0,135.586,0.476775,1.12628,nan,3,0.0,0.0,0.0,0.0,0.0,0,0,0,0,0,1,1,0,0,0
1954683700,10.5273,10.5277,2.9016,2.95299,0.0,135.986,0.474446,1.12691,nan,3,0.0,0.0,0.0,0.0,0.0,0,0,0,0,0,1,1,0,0,0
1955183667,10.4879,10.5209,2.9636,2.96112,0.0,136.399,0.469227,1.12833,nan,3,0.0,0.0,0.0,0.0,0.0,0,0,0,0,0,1,1,0,0,0
1955683667,10.4781,10.5056,2.6908,2.95526,0.0,136.81,0.461921,1.13033,nan,3,0.0,0.0,0.0,0.0,0.0,0,0,0,0,0,1,1,0,0,0
1956183667,10.5766,10.4974,3.0256,2.93682,0.0,137.216,0.457918,1.13143,nan,3,0.0,0.0,0.0,0.0,0.0,0,0,0,0,0,1,1,0,0,0
1956683689,10.5273,10.494,3.0504,2.9251,0.0,137.621,0.456045,1.13194,nan,3,0.0,0.0,0.0,0.0,0.0,0,0,0,0,0,1,1,0,0,0
1957183681,10.5175,10.4853,2.666,2.87235,0.0,138.017,0.45247,1.13292,nan,3,0.0,0.0,0.0,0.0,0.0,0,0,0,0,0,1,1,0,0,0
1957693900,10.0936,10.3709,5.7536,4.00815,0.0,138.614,0.430636,1.13896,nan,3,0.0,0.0,0.0,0.0,0.0,0,0,0,0,0,1,1,0,0,0
1958193717,10.0542,10.275,5.394,4.97393,0.0,139.383,0.425585,1.14037,nan,3,0.0,0.0,0.0,0.0,0.0,0,0,0,0,0,1,1,0,0,0
1958694898,10.1035,10.2141,5.7412,5.2597,0.0,140.139,0.421235,1.14158,nan,3,0.0,0.0,0.0,0.0,0.0,0,0,0,0,0,1,1,0,0,0
1959193667,10.0936,10.1672,5.4684,5.33962,0.0,140.887,0.414553,1.14345,nan,3,0.0,0.0,0.0,0.0,0.0,0,0,0,0,0,1,1,0,0,0
1959693667,10.0443,10.1371,5.2204,5.36416,0.0,141.635,0.408408,1.14517,nan,3,0.0,0.0,0.0,0.0,0.0,0,0,0,0,0,1,1,0,0,0
1960193687,10.0443,10.1152,5.3444,5.36547,0.0,142.381,0.399057,1.14781,nan,3,0.0,0.0,0.0,0.0,0.0,0,0,0,0,0,1,1,0,0,0
1960693902,10.3499,10.1529,2.6784,4.47777,0.0,142.978,0.393944,1.14925,nan,3,0.0,0.0,0.0,0.0,0.0,0,0,0,0,0,1,1,0,0,0
1961203670,10.4583,10.2828,2.0584,3.00649,0.0,143.288,0.405366,1.14603,nan,3,0.0,0.0,0.0,0.0,0.0,0,0,0,0,0,1,1,0,0,0
1961703667,10.4485,10.3577,2.294,2.56652,0.0,143.607,0.413429,1.14376,nan,3,0.0,0.0,0.0,0.0,0.0,0,0,0,0,0,1,1,0,0,0
1962204199,10.5372,10.4194,2.0088,2.33735,0.0,143.917,0.421744,1.14144,nan,3,0.0,0.0,0.0,0.0,0.0,0,0,0,0,0,1,1,0,0,0
1962703711,10.6062,10.4676,2.0708,1.99444,0.0,144.169,0.42287,1.14112,nan,3,0.0,0.0,0.0,0.0,0.0,0,0,0,0,0,1,1,0,0,0
1963214448,10.5175,10.4824,2.542,2.18061,0.0,144.489,0.428864,1.13945,nan,3,0.0,0.0,0.0,0.0,0.0,0,0,0,0,0,1,1,0,0,0
1963713693,10.3893,10.4747,2.3932,2.37792,0.0,144.834,0.430247,1.13907,nan,3,0.0,0.0,0.0,0.0,0.0,0,0,0,0,0,1,1,0,0,0
1964213672,10.6062,10.4637,2.7652,2.51676,0.0,145.193,0.431986,1.13859,nan,3,0.0,0.0,0.0,0.0,0.0,0,0,0,0,0,1,1,0,0,0
1964713667,10.3795,10.4532,2.9264,2.70906,0.0,145.583,0.433632,1.13813,nan,3,0.0,0.0,0.0,0.0,0.0,0,0,0,0,0,1,1,0,0,0
1965224087,10.3893,10.4513,2.3932,2.62436,0.0,145.949,0.433506,1.13816,nan,3,0.0,0.0,0.0,0.0,0.0,0,0,0,0,0,1,1,0,0,0
1965723667,10.4485,10.444,2.6908,2.65196,0.0,146.318,0.432797,1.13836,nan,3,0.0,0.0,0.0,0.0,0.0,0,0,0,0,0,1,1,0,0,0
1966224001,10.4485,10.4322,2.6536,2.73395,0.0,146.706,0.430594,1.13897,nan,3,0.0,0.0,0.0,0.0,0.0,0,0,0,0,0,1,1,0,0,0
1966723693,10.4091,10.4345,2.3312,2.5875,0.0,147.059,0.429784,1.1392,nan,3,0.0,0.0,0.0,0.0,0.0,0,0,0,0,0,1,1,0,0,0
1967223667,10.5569,10.4487,2.9512,2.52951,0.0,147.399,0.432481,1.13845,nan,3,0.0,0.0,0.0,0.0,0.0,0,0,0,0,0,1,1,0,0,0
1967723670,10.3696,10.4215,3.286,2.89018,0.0,147.823,0.429319,1.13933,nan,3,0.0,0.0,0.0,0.0,0.0,0,0,0,0,0,1,1,0,0,0
1968223670,10.3105,10.3972,3.1248,3.0811,0.0,148.267,0.42553,1.14038,nan,3,0.0,0.0,0.0,0.0,0.0,0,0,0,0,0,1,1,0,0,0
1968723667,10.4288,10.3915,2.7032,2.98762,0.0,148.677,0.424186,1.14076,nan,3,0.0,0.0,0.0,0.0,0.0,0,0,0,0,0,1,1,0,0,0
1969224932,10.4189,10.4167,2.4552,2.65285,0.0,149.02,0.426281,1.14017,nan,3,0.0,0.0,0.0,0.0,0.0,0,0,0,0,0,1,1,0,0,0
1969733755,10.4485,10.4284,2.2816,2.53418,0.0,149.369,0.427469,1.13984,nan,3,0.0,0.0,0.0,0.0,0.0,0,0,0,0,0,1,1,0,0,0
1970233959,10.6653,10.4602,2.3064,2.3293,0.0,149.68,0.430989,1.13886,nan,3,0.0,0.0,0.0,0.0,0.0,0,0,0,0,0,1,1,0,0,0
1970733667,10.4879,10.4931,2.0088,2.13911,0.0,149.961,0.434347,1.13793,nan,3,0.0,0.0,0.0,0.0,0.0,0,0,0,0,0,1,1,0,0,0
1971234079,10.4682,10.4962,2.1452,2.17187,0.0,150.264,0.434707,1.13783,nan,3,0.0,0.0,0.0,0.0,0.0,0,0,0,0,0,1,1,0,0,0
1971733815,10.4485,10.5014,2.1204,2.16046,0.0,150.564,0.435162,1.1377,nan,3,0.0,0.0,0.0,0.0,0.0,0,0,0,0,0,1,1,0,0,0
1972233692,10.6456,10.5204,2.108,2.11499,0.0,150.856,0.438923,1.13666,nan,3,0.0,0.0,0.0,0.0,0.0,0,0,0,0,0,1,1,0,0,0
1972735209,10.5076,10.5337,1.5128,1.92632,0.0,151.112,0.437852,1.13696,nan,3,0.0,0.0,0.0,0.0,0.0,0,0,0,0,0,1,1,0,0,0
1973233687,10.5668,10.5572,1.736,1.65712,0.0,151.323,0.434706,1.13783,nan,3,0.0,0.0,0.0,0.0,0.0,0,0,0,0,0,1,1,0,0,0
1973743674,10.6062,10.591,1.3764,1.55675,0.0,151.535,0.440004,1.13636,nan,3,0.0,0.0,0.0,0.0,0.0,0,0,0,0,0,1,1,0,0,0
1974243667,10.6358,10.6132,1.2648,1.47298,0.0,151.735,0.442782,1.13559,nan,3,0.0,0.0,0.0,0.0,0.0,0,0,0,0,0,1,1,0,0,0
1974744466,10.6358,10.6411,1.0168,1.26818,0.0,151.897,0.44294,1.13555,nan,3,0.0,0.0,0.0,0.0,0.0,0,0,0,0,0,1,1,0,0,0
1975243667,10.6555,10.6594,1.5004,1.31456,0.0,152.078,0.446254,1.13464,nan,3,0.0,0.0,0.0,0.0,0.0,0,0,0,0,0,1,1,0,0,0
1975753699,10.6456,10.6521,1.7236,1.52453,0.0,152.308,0.447826,1.1342,nan,3,0.0,0.0,0.0,0.0,0.0,0,0,0,0,0,1,1,0,0,0
1976253670,10.5865,10.6288,1.8104,1.76432,0.0,152.568,0.44737,1.13433,nan,3,0.0,0.0,0.0,0.0,0.0,0,0,0,0,0,1,1,0,0,0
1976753818,10.6653,10.6214,2.2444,1.8792,0.0,152.838,0.450313,1.13352,nan,3,0.0,0.0,0.0,0.0,0.0,0,0,0,0,0,1,1,0,0,0
1977253852,10.6949,10.6134,1.5996,1.85308,0.0,153.095,0.450963,1.13334,nan,3,0.0,0.0,0.0,0.0,0.0,0,0,0,0,0,1,1,0,0,0
1977753667,10.6062,10.6623,1.3764,1.38966,0.0,153.236,0.449171,1.13383,nan,3,0.0,0.0,0.0,0.0,0.0,0,0,0,0,0,1,1,0,0,0
1978254469,10.6358,10.6689,1.4012,1.29722,0.0,153.41,0.448496,1.13402,nan,3,0.0,0.0,0.0,0.0,0.0,0,0,0,0,0,1,1,0,0,0
1978753667,10.7146,10.656,1.984,1.56184,0.0,153.642,0.451055,1.13331,nan,3,0.0,0.0,0.0,0.0,0.0,0,0,0,0,0,1,1,0,0,0
1979265847,10.4682,10.6322,1.9592,1.82189,0.0,153.918,0.453364,1.13268,nan,3,0.0,0.0,0.0,0.0,0.0,0,0,0,0,0,1,1,0,0,0
1979763670,10.5766,10.5939,2.294,2.08688,0.0,154.226,0.453805,1.13256,nan,3,0.0,0.0,0.0,0.0,0.0,0,0,0,0,0,1,1,0,0,0
1980263718,10.6851,10.5874,2.108,2.03134,0.0,154.505,0.452854,1.13282,nan,3,0.0,0.0,0.0,0.0,0.0,0,0,0,0,0,1,1,0,0,0
1980763714,10.5569,10.5847,1.9592,2.03233,0.0,154.787,0.454163,1.13246,nan,3,0.0,0.0,0.0,0.0,0.0,0,0,0,0,0,1,1,0,0,0
1981273670,10.6456,10.5853,2.0088,1.90022,0.0,155.048,0.44986,1.13364,nan,3,0.0,0.0,0.0,0.0,0.0,0,0,0,0,0,1,1,0,0,0
1981773718,10.5372,10.589,1.8848,1.91707,0.0,155.315,0.450216,1.13354,nan,3,0.0,0.0,0.0,0.0,0.0,0,0,0,0,0,1,1,0,0,0
1982273759,11.0103,10.6621,0.0,1.22312,0.0,155.466,0.441862,1.13585,nan,3,0.0,0.0,0.0,0.0,0.0,0,0,0,0,0,1,1,0,0,0
1982773670,11.0202,10.7934,0.0,0.445424,0.0,155.466,0.441941,1.13583,nan,3,0.0,0.0,0.0,0.0,0.0,0,0,0,0,0,1,1,0,0,0
1983273670,10.9906,10.8763,0.0,0.16221,0.0,155.466,0.444301,1.13517,nan,3,0.0,0.0,0.0,0.0,0.0,0,0,0,0,0,1,1,0,0,0
1983773739,11.0005,10.9391,0.0,0.059072,0.0,155.466,0.448209,1.1341,nan,3,0.0,0.0,0.0,0.0,0.0,0,0,0,0,0,1,1,0,0,0
1984283667,11.1286,10.9972,0.0,0.021082,0.0,155.466,0.450102,1.13358,nan,3,0.0,0.0,0.0,0.0,0.0,0,0,0,0,0,1,1,0,0,0
1984783693,11.0399,11.027,0.0,0.00767744,0.0,155.466,0.4503,1.13352,nan,3,0.0,0.0,0.0,0.0,0.0,0,0,0,0,0,1,1,0,0,0
1985283699,11.1286,11.0587,0.0,0.00279589,0.0,155.466,0.454394,1.13239,nan,3,0.0,0.0,0.0,0.0,0.0,0,0,0,0,0,1,1,0,0,0
1985784509,11.0695,11.0865,0.0,0.00101818,0.0,155.466,0.454706,1.13231,nan,3,0.0,0.0,0.0,0.0,0.0,0,0,0,0,0,1,1,0,0,0
1986283667,11.0793,11.103,0.0,0.000370791,0.0,155.466,0.454802,1.13228,nan,3,0.0,0.0,0.0,0.0,0.0,0,0,0,0,0,1,1,0,0,0
1986783667,11.1681,11.1212,0.0,0.000135031,0.0,155.466,0.457885,1.13144,nan,3,0.0,0.0,0.0,0.0,0.0,0,0,0,0,0,1,1,0,0,0
1987285154,11.0695,11.1309,0.0,4.91742e-05,0.0,155.466,0.459268,1.13106,nan,3,0.0,0.0,0.0,0.0,0.0,0,0,0,0,0,1,1,0,0,0
1987793688,10.6555,11.065,3.1372,0.668292,0.0,155.573,0.499163,1.12022,nan,3,0.0,0.0,0.0,0.0,0.0,0,0,0,0,0,1,1,0,0,0
1988293677,10.3203,10.7686,5.6172,3.72686,0.0,156.327,0.486367,1.12368,nan,3,0.0,0.0,0.0,0.0,0.0,0,0,0,0,0,1,1,0,0,0
1988793678,10.4682,10.5725,4.3896,4.7884,0.0,157.079,0.472534,1.12743,nan,3,0.0,0.0,0.0,0.0,0.0,0,0,0,0,0,1,1,0,0,0
1989294574,10.8231,10.6133,1.426,2.88433,0.0,157.352,0.473349,1.12721,nan,3,0.0,0.0,0.0,0.0,0.0,0,0,0,0,0,1,1,0,0,0
1989793826,10.6161,10.6512,1.5996,1.94597,0.0,157.544,0.470644,1.12795,nan,3,0.0,0.0,0.0,0.0,0.0,0,0,0,0,0,1,1,0,0,0
1990293673,10.7343,10.6479,2.3436,1.99708,0.0,157.818,0.472242,1.12751,nan,3,0.0,0.0,0.0,0.0,0.0,0,0,0,0,0,1,1,0,0,0
1990793738,10.5471,10.6253,2.2196,2.17006,0.0,158.132,0.472223,1.12752,nan,3,0.0,0.0,0.0,0.0,0.0,0,0,0,0,0,1,1,0,0,0
1991293691,10.7343,10.6181,2.3064,2.16418,0.0,158.434,0.4713,1.12777,nan,3,0.0,0.0,0.0,0.0,0.0,0,0,0,0,0,1,1,0,0,0
1991793765,10.6259,10.6204,1.7856,2.04077,0.0,158.71,0.470061,1.12811,nan,3,0.0,0.0,0.0,0.0,0.0,0,0,0,0,0,1,1,0,0,0
1992293667,10.6949,10.6335,1.55,1.82236,0.0,158.948,0.467093,1.12892,nan,3,0.0,0.0,0.0,0.0,0.0,0,0,0,0,0,1,1,0,0,0
1992793670,10.6851,10.6402,1.9468,1.75793,0.0,159.182,0.46465,1.12958,nan,3,0.0,0.0,0.0,0.0,0.0,0,0,0,0,0,1,1,0,0,0
1993303670,10.6851,10.629,1.9592,1.81339,0.0,159.444,0.462281,1.13023,nan,3,0.0,0.0,0.0,0.0,0.0,0,0,0,0,0,1,1,0,0,0
1993803671,10.5372,10.6205,2.1328,1.95941,0.0,159.725,0.463012,1.13003,nan,3,0.0,0.0,0.0,0.0,0.0,0,0,0,0,0,1,1,0,0,0
1994304011,10.5175,10.5953,2.418,2.22341,0.0,160.051,0.463742,1.12983,nan,3,0.0,0.0,0.0,0.0,0.0,0,0,0,0,0,1,1,0,0,0
1994803667,10.7343,10.5855,1.798,2.11998,0.0,160.345,0.461726,1.13038,nan,3,0.0,0.0,0.0,0.0,0.0,0,0,0,0,0,1,1,0,0,0
1995303667,10.6653,10.6112,1.3764,1.75218,0.0,160.563,0.458229,1.13134,nan,3,0.0,0.0,0.0,0.0,0.0,0,0,0,0,0,1,1,0,0,0
1995803667,10.4978,10.6323,1.5624,1.59331,0.0,160.769,0.45762,1.13151,nan,3,0.0,0.0,0.0,0.0,0.0,0,0,0,0,0,1,1,0,0,0
1996313748,10.5668,10.639,1.798,1.69231,0.0,161.013,0.459267,1.13106,nan,3,0.0,0.0,0.0,0.0,0.0,0,0,0,0,0,1,1,0,0,0
1996813670,10.6161,10.6317,1.8352,1.7694,0.0,161.265,0.460133,1.13082,nan,3,0.0,0.0,0.0,0.0,0.0,0,0,0,0,0,1,1,0,0,0
1997313686,10.5963,10.6149,1.8848,1.88244,0.0,161.534,0.45876,1.1312,nan,3,0.0,0.0,0.0,0.0,0.0,0,0,0,0,0,1,1,0,0,0
1997815372,10.5668,10.6159,1.6492,1.82766,0.0,161.787,0.457416,1.13156,nan,3,0.0,0.0,0.0,0.0,0.0,0,0,0,0,0,1,1,0,0,0
1998323677,10.5766,10.636,1.0912,1.51356,0.0,161.981,0.454401,1.13239,nan,3,0.0,0.0,0.0,0.0,0.0,0,0,0,0,0,1,1,0,0,0
1998823714,10.7935,10.6728,1.2648,1.24766,0.0,162.133,0.45493,1.13225,nan,3,0.0,0.0,0.0,0.0,0.0,0,0,0,0,0,1,1,0,0,0
1999323687,10.6851,10.6731,1.798,1.44651,0.0,162.344,0.457579,1.13152,nan,3,0.0,0.0,0.0,0.0,0.0,0,0,0,0,0,1,1,0,0,0
1999823667,10.4978,10.6651,1.4508,1.55765,0.0,162.572,0.457588,1.13152,nan,3,0.0,0.0,0.0,0.0,0.0,0,0,0,0,0,1,1,0,0,0
2000334689,10.5766,10.6573,1.7484,1.58832,0.0,162.797,0.456623,1.13178,nan,3,0.0,0.0,0.0,0.0,0.0,0,0,0,0,0,1,1,0,0,0
2000833667,10.7245,10.6621,1.0292,1.50725,0.0,163.007,0.455418,1.13211,nan,3,0.0,0.0,0.0,0.0,0.0,0,0,0,0,0,1,1,0,0,0
2001333690,10.7048,10.6637,0.992,1.57892,0.0,163.236,0.45851,1.13126,nan,3,0.0,0.0,0.0,0.0,0.0,0,0,0,0,0,1,1,0,0,0
2001833683,11.0005,10.7492,0.0,0.711909,0.0,163.279,0.451846,1.1331,nan,3,0.0,0.0,0.0,0.0,0.0,0,0,0,0,0,1,1,0,0,0
2002343983,11.0596,10.8582,0.0,0.254071,0.0,163.279,0.446743,1.1345,nan,3,0.0,0.0,0.0,0.0,0.0,0,0,0,0,0,1,1,0,0,0
2002843693,11.0005,10.9151,0.0,0.0925249,0.0,163.279,0.452379,1.13295,nan,3,0.0,0.0,0.0,0.0,0.0,0,0,0,0,0,1,1,0,0,0
2003343667,10.9315,10.9249,0.0,0.0580686,0.0,163.285,0.457777,1.13147,nan,3,0.0,0.0,0.0,0.0,0.0,0,0,0,0,0,1,1,0,0,0
2003843678,10.8822,10.937,0.1488,0.0643556,0.0,163.292,0.463825,1.12981,nan,3,0.0,0.0,0.0,0.0,0.0,0,0,0,0,0,1,1,0,0,0
2006863678,11.0793,10.9907,0.0,0.00600325,0.0,163.347,0.465255,1.12942,nan,3,0.0,0.0,0.0,0.0,0.0,0,0,0,0,0,1,1,0,0,0
2007363667,11.0596,11.0168,0.0,0.0021862,0.0,163.347,0.469852,1.12816,nan,3,0.0,0.0,0.0,0.0,0.0,0,0,0,0,0,1,1,0,0,0
2007865973,10.8723,10.9846,0.5704,0.138188,0.0,163.37,0.471437,1.12773,nan,3,0.0,0.0,0.0,0.0,0.0,0,0,0,0,0,1,1,0,0,0
2008373766,10.8428,10.9548,0.3968,0.328989,0.0,163.436,0.474914,1.12678,nan,3,0.0,0.0,0.0,0.0,0.0,0,0,0,0,0,1,1,0,0,0
2008874484,11.0695,10.9609,0.1488,0.183156,0.0,163.452,0.477255,1.12615,nan,3,0.0,0.0,0.0,0.0,0.0,0,0,0,0,0,1,1,0,0,0
2009373667,10.9413,10.952,0.31,0.184048,0.0,163.474,0.476552,1.12634,nan,3,0.0,0.0,0.0,0.0,0.0,0,0,0,0,0,1,1,0,0,0
2009873669,10.9315,10.9384,0.7068,0.365322,0.0,163.537,0.479058,1.12566,nan,3,0.0,0.0,0.0,0.0,0.0,0,0,0,0,0,1,1,0,0,0
2010373910,10.8625,10.9028,1.1284,0.705352,0.0,163.655,0.479716,1.12548,nan,3,0.0,0.0,0.0,0.0,0.0,0,0,0,0,0,1,1,0,0,0
2010873953,10.8428,10.8668,0.8804,0.908797,0.0,163.799,0.478614,1.12578,nan,3,0.0,0.0,0.0,0.0,0.0,0,0,0,0,0,1,1,0,0,0
2011383693,10.8132,10.874,0.5828,0.798498,0.0,163.908,0.481037,1.12512,nan,3,0.0,0.0,0.0,0.0,0.0,0,0,0,0,0,1,1,0,0,0
2011883667,10.7935,10.8674,0.6572,0.7486,0.0,164.007,0.478743,1.12574,nan,3,0.0,0.0,0.0,0.0,0.0,0,0,0,0,0,1,1,0,0,0
2012386057,10.7245,10.8617,0.496,0.700517,0.0,164.102,0.476143,1.12645,nan,3,0.0,0.0,0.0,0.0,0.0,0,0,0,0,0,1,1,0,0,0
2012883667,10.8231,10.8638,0.6696,0.765142,0.0,164.212,0.478545,1.1258,nan,3,0.0,0.0,0.0,0.0,0.0,0,0,0,0,0,1,1,0,0,0
2013394579,10.7541,10.8591,0.4588,0.71835,0.0,164.312,0.475607,1.1266,nan,3,0.0,0.0,0.0,0.0,0.0,0,0,0,0,0,1,1,0,0,0
2013893722,10.8921,10.8512,0.7936,0.708576,0.0,164.407,0.472453,1.12745,nan,3,0.0,0.0,0.0,0.0,0.0,0,0,0,0,0,1,1,0,0,0
2014393690,10.8526,10.8582,0.4464,0.658555,0.0,164.497,0.472681,1.12739,nan,3,0.0,0.0,0.0,0.0,0.0,0,0,0,0,0,1,1,0,0,0
2014893667,10.8231,10.846,0.6944,0.675556,0.0,164.589,0.46886,1.12843,nan,3,0.0,0.0,0.0,0.0,0.0,0,0,0,0,0,1,1,0,0,0
2015393675,10.9216,10.8558,0.5456,0.572448,0.0,164.662,0.469314,1.12831,nan,3,0.0,0.0,0.0,0.0,0.0,0,0,0,0,0,1,1,0,0,0
2015903711,10.7836,10.8526,0.9176,0.675206,0.0,164.76,0.469942,1.12814,nan,3,0.0,0.0,0.0,0.0,0.0,0,0,0,0,0,1,1,0,0,0
2016404005,10.9315,10.8387,0.2976,0.547449,0.0,164.833,0.461427,1.13047,nan,3,0.0,0.0,0.0,0.0,0.0,0,0,0,0,0,1,1,0,0,0
2016903687,10.9315,10.8853,0.0,0.208233,0.0,164.836,0.460032,1.13085,nan,3,0.0,0.0,0.0,0.0,0.0,0,0,0,0,0,1,1,0,0,0
2017403711,10.9315,10.9201,0.0,0.0845178,0.0,164.838,0.464929,1.12951,nan,3,0.0,0.0,0.0,0.0,0.0,0,0,0,0,0,1,1,0,0,0
2017903678,10.9906,10.919,0.0496,0.0697841,0.0,164.845,0.462819,1.13008,nan,3,0.0,0.0,0.0,0.0,0.0,0,0,0,0,0,1,1,0,0,0
2018403667,11.0596,10.9249,0.0,0.0926203,0.0,164.861,0.463927,1.12978,nan,3,0.0,0.0,0.0,0.0,0.0,0,0,0,0,0,1,1,0,0,0
2018903667,11.0301,10.9672,0.0,0.0337295,0.0,164.861,0.461298,1.1305,nan,3,0.0,0.0,0.0,0.0,0.0,0,0,0,0,0,1,1,0,0,0
2019413667,11.0991,11.0097,0.0,0.0120376,0.0,164.861,0.463518,1.12989,nan,3,0.0,0.0,0.0,0.0,0.0,0,0,0,0,0,1,1,0,0,0
2019913731,11.1286,11.0361,0.0,0.00438374,0.0,164.861,0.464404,1.12965,nan,3,0.0,0.0,0.0,0.0,0.0,0,0,0,0,0,1,1,0,0,0
2020413704,11.0892,11.0604,0.0,0.00159643,0.0,164.861,0.4649,1.12951,nan,3,0.0,0.0,0.0,0.0,0.0,0,0,0,0,0,1,1,0,0,0
2020923667,11.1483,11.0504,0.0,0.000569743,0.0,164.861,0.460267,1.13078,nan,3,0.0,0.0,0.0,0.0,0.0,0,0,0,0,0,1,1,0,0,0
2021423678,11.1582,11.0763,0.0,0.000207483,0.0,164.861,0.464878,1.12952,nan,3,0.0,0.0,0.0,0.0,0.0,0,0,0,0,0,1,1,0,0,0
2021924870,11.1089,11.088,0.0,7.55592e-05,0.0,164.861,0.466669,1.12903,nan,3,0.0,0.0,0.0,0.0,0.0,0,0,0,0,0,1,1,0,0,0
2022423669,10.4189,11.0777,0.0,2.75164e-05,0.0,164.861,0.471763,1.12764,nan,3,0.0,0.0,0.0,0.0,0.0,0,0,0,0,0,1,1,0,0,0
2022933687,11.0399,11.0752,0.0,9.82024e-06,0.0,164.861,0.479056,1.12566,nan,3,0.0,0.0,0.0,0.0,0.0,0,0,0,0,0,1,1,0,0,0
2023433667,11.1286,11.0625,0.0,3.57624e-06,0.0,164.861,0.478545,1.1258,nan,3,0.0,0.0,0.0,0.0,0.0,0,0,0,0,0,1,1,0,0,0
2023933679,11.1483,11.0783,0.0,1.30236e-06,0.0,164.861,0.481638,1.12496,nan,3,0.0,0.0,0.0,0.0,0.0,0,0,0,0,0,1,1,0,0,0
2024433667,11.1089,11.0711,0.0,4.7428e-07,0.0,164.861,0.483255,1.12452,nan,3,0.0,0.0,0.0,0.0,0.0,0,0,0,0,0,1,1,0,0,0
2024933687,11.0399,11.0512,0.0496,0.00537728,0.0,164.862,0.485736,1.12385,nan,3,0.0,0.0,0.0,0.0,0.0,0,0,0,0,0,1,1,0,0,0
2025433680,11.0301,11.0252,0.1736,0.0481813,0.0,164.872,0.485642,1.12387,nan,3,0.0,0.0,0.0,0.0,0.0,0,0,0,0,0,1,1,0,0,0
2025933672,11.0695,11.02,0.0,0.0298362,0.0,164.876,0.486391,1.12367,nan,3,0.0,0.0,0.0,0.0,0.0,0,0,0,0,0,1,1,0,0,0
2026443667,10.9315,11.0095,0.0,0.0320798,0.0,164.879,0.48459,1.12416,nan,3,0.0,0.0,0.0,0.0,0.0,0,0,0,0,0,1,1,0,0,0
2026943670,11.0793,11.0086,0.186,0.0744471,0.0,164.893,0.488256,1.12317,nan,3,0.0,0.0,0.0,0.0,0.0,0,0,0,0,0,1,1,0,0,0
2027443667,11.0202,10.9901,0.1612,0.144508,0.0,164.917,0.486188,1.12372,nan,3,0.0,0.0,0.0,0.0,0.0,0,0,0,0,0,1,1,0,0,0
2027944186,11.0498,10.9699,0.2728,0.155232,0.0,164.941,0.481708,1.12494,nan,3,0.0,0.0,0.0,0.0,0.0,0,0,0,0,0,1,1,0,0,0
2028454439,10.9216,10.9382,0.1736,0.194782,0.0,164.971,0.473184,1.12725,nan,3,0.0,0.0,0.0,0.0,0.0,0,0,0,0,0,1,1,0,0,0
2028953693,11.0596,10.9518,0.0,0.0990979,0.0,164.979,0.475053,1.12675,nan,3,0.0,0.0,0.0,0.0,0.0,0,0,0,0,0,1,1,0,0,0
2029453669,11.0892,10.9773,0.0,0.0361884,0.0,164.979,0.477761,1.12601,nan,3,0.0,0.0,0.0,0.0,0.0,0,0,0,0,0,1,1,0,0,0
2029953667,10.9413,11.002,0.0,0.0131787,0.0,164.979,0.482742,1.12466,nan,3,0.0,0.0,0.0,0.0,0.0,0,0,0,0,0,1,1,0,0,0
2030453667,10.9611,10.972,0.2976,0.0975642,0.0,164.995,0.477019,1.12621,nan,3,0.0,0.0,0.0,0.0,0.0,0,0,0,0,0,1,1,0,0,0
2030953707,11.0005,10.9762,0.124,0.175097,0.0,165.027,0.482655,1.12468,nan,3,0.0,0.0,0.0,0.0,0.0,0,0,0,0,0,1,1,0,0,0
2031453672,10.9216,10.976,0.0,0.115285,0.0,165.037,0.482246,1.12479,nan,3,0.0,0.0,0.0,0.0,0.0,0,0,0,0,0,1,1,0,0,0
2031964091,11.0103,10.9774,0.31,0.142657,0.0,165.057,0.484677,1.12413,nan,3,0.0,0.0,0.0,0.0,0.0,0,0,0,0,0,1,1,0,0,0
2032463688,10.9808,10.9551,0.4588,0.293806,0.0,165.109,0.482829,1.12463,nan,3,0.0,0.0,0.0,0.0,0.0,0,0,0,0,0,1,1,0,0,0
2032963667,11.0103,10.9509,0.2976,0.304915,0.0,165.155,0.482336,1.12477,nan,3,0.0,0.0,0.0,0.0,0.0,0,0,0,0,0,1,1,0,0,0
2033464988,11.1483,11.0032,0.0,0.119967,0.0,165.158,0.464926,1.12951,nan,3,0.0,0.0,0.0,0.0,0.0,0,0,0,0,0,1,1,0,0,0
2033963667,11.0695,11.0502,0.0,0.0436883,0.0,165.158,0.460081,1.13083,nan,3,0.0,0.0,0.0,0.0,0.0,0,0,0,0,0,1,1,0,0,0
2034465093,11.1385,11.0758,0.0,0.01591,0.0,165.158,0.456751,1.13175,nan,3,0.0,0.0,0.0,0.0,0.0,0,0,0,0,0,1,1,0,0,0
2034963671,11.1779,11.0985,0.0,0.00579393,0.0,165.158,0.458807,1.13118,nan,3,0.0,0.0,0.0,0.0,0.0,0,0,0,0,0,1,1,0,0,0
2035463691,11.1681,11.1184,0.0,0.00210998,0.0,165.158,0.462245,1.13024,nan,3,0.0,0.0,0.0,0.0,0.0,0,0,0,0,0,1,1,0,0,0
2035963674,11.1878,11.1288,0.0,0.00076839,0.0,165.158,0.46388,1.12979,nan,3,0.0,0.0,0.0,0.0,0.0,0,0,0,0,0,1,1,0,0,0
2036463932,11.1878,11.1228,0.0,0.000279825,0.0,165.158,0.46423,1.1297,nan,3,0.0,0.0,0.0,0.0,0.0,0,0,0,0,0,1,1,0,0,0
2036973670,10.8526,11.1207,0.0,9.98656e-05,0.0,165.158,0.464815,1.12954,nan,3,0.0,0.0,0.0,0.0,0.0,0,0,0,0,0,1,1,0,0,0
2037473669,11.1878,11.1167,0.0,3.63681e-05,0.0,165.158,0.458711,1.13121,nan,3,0.0,0.0,0.0,0.0,0.0,0,0,0,0,0,1,1,0,0,0
2037973669,11.1779,11.1326,0.0,1.32442e-05,0.0,165.158,0.461396,1.13047,nan,3,0.0,0.0,0.0,0.0,0.0,0,0,0,0,0,1,1,0,0,0
2038473702,11.1878,11.1292,0.0,4.82313e-06,0.0,165.158,0.460789,1.13064,nan,3,0.0,0.0,0.0,0.0,0.0,0,0,0,0,0,1,1,0,0,0
2038984354,11.1779,11.1117,0.0,1.72131e-06,0.0,165.158,0.45781,1.13146,nan,3,0.0,0.0,0.0,0.0,0.0,0,0,0,0,0,1,1,0,0,0
2039483669,11.0991,11.0975,0.0,6.26849e-07,0.0,165.158,0.454067,1.13248,nan,3,0.0,0.0,0.0,0.0,0.0,0,0,0,0,0,1,1,0,0,0
2039984002,11.1976,11.109,0.0,2.2828e-07,0.0,165.158,0.456568,1.1318,nan,3,0.0,0.0,0.0,0.0,0.0,0,0,0,0,0,1,1,0,0,0
2040483667,10.8428,11.1055,0.0,8.31326e-08,0.0,165.158,0.455892,1.13198,nan,3,0.0,0.0,0.0,0.0,0.0,0,0,0,0,0,1,1,0,0,0
2040993696,11.1779,11.1282,0.0,2.96689e-08,0.0,165.158,0.468486,1.12854,nan,3,0.0,0.0,0.0,0.0,0.0,0,0,0,0,0,1,1,0,0,0
2041493736,11.1779,11.1194,0.0,1.08045e-08,0.0,165.158,0.46982,1.12817,nan,3,0.0,0.0,0.0,0.0,0.0,0,0,0,0,0,1,1,0,0,0
2041993680,11.1582,11.1195,0.0,3.93469e-09,0.0,165.158,0.47597,1.1265,nan,3,0.0,0.0,0.0,0.0,0.0,0,0,0,0,0,1,1,0,0,0
2042493705,10.7048,11.106,0.0,1.4329e-09,0.0,165.158,0.477206,1.12616,nan,3,0.0,0.0,0.0,0.0,0.0,0,0,0,0,0,1,1,0,0,0
2042993671,10.9906,11.0572,0.0,5.21818e-10,0.0,165.158,0.463228,1.12997,nan,3,0.0,0.0,0.0,0.0,0.0,0,0,0,0,0,1,1,0,0,0
2043493669,11.1286,11.051,0.0,1.9003e-10,0.0,165.158,0.468516,1.12853,nan,3,0.0,0.0,0.0,0.0,0.0,0,0,0,0,0,1,1,0,0,0
2043993704,10.9118,11.0332,0.0,0.00371887,0.0,165.159,0.473248,1.12724,nan,3,0.0,0.0,0.0,0.0,0.0,0,0,0,0,0,1,1,0,0,0
2044493693,10.9906,11.0376,0.0,0.00749836,0.0,165.16,0.483084,1.12457,nan,3,0.0,0.0,0.0,0.0,0.0,0,0,0,0,0,1,1,0,0,0
2044993673,10.9808,11.0423,0.0,0.0076206,0.0,165.161,0.48995,1.12271,nan,3,0.0,0.0,0.0,0.0,0.0,0,0,0,0,0,1,1,0,0,0
2045493677,11.1089,11.046,0.0,0.00408144,0.0,165.162,0.491646,1.12225,nan,3,0.0,0.0,0.0,0.0,0.0,0,0,0,0,0,1,1,0,0,0
2045993684,11.1385,11.0637,0.0,0.00148634,0.0,165.162,0.491393,1.12232,nan,3,0.0,0.0,0.0,0.0,0.0,0,0,0,0,0,1,1,0,0,0
2046494522,11.0793,11.0786,0.0,0.00054128,0.0,165.162,0.492798,1.12194,nan,3,0.0,0.0,0.0,0.0,0.0,0,0,0,0,0,1,1,0,0,0
2047004738,11.1385,11.0877,0.0,0.000193176,0.0,165.162,0.493651,1.12171,nan,3,0.0,0.0,0.0,0.0,0.0,0,0,0,0,0,1,1,0,0,0
2047503708,11.1483,11.0876,0.0,7.03488e-05,0.0,165.162,0.492139,1.12212,nan,3,0.0,0.0,0.0,0.0,0.0,0,0,0,0,0,1,1,0,0,0
2048003667,11.0498,11.0985,0.0,2.56189e-05,0.0,165.162,0.49526,1.12128,nan,3,0.0,0.0,0.0,0.0,0.0,0,0,0,0,0,1,1,0,0,0
2048504333,11.1089,11.1021,0.0,9.32964e-06,0.0,165.162,0.496049,1.12106,nan,3,0.0,0.0,0.0,0.0,0.0,0,0,0,0,0,1,1,0,0,0
2049003667,11.0695,11.1067,0.0,3.39758e-06,0.0,165.162,0.497415,1.1207,nan,3,0.0,0.0,0.0,0.0,0.0,0,0,0,0,0,1,1,0,0,0
2049503678,11.0498,11.1014,0.0,1.23729e-06,0.0,165.162,0.495253,1.12128,nan,3,0.0,0.0,0.0,0.0,0.0,0,0,0,0,0,1,1,0,0,0
2050005192,11.1089,11.1076,0.0,4.50586e-07,0.0,165.162,0.497436,1.12069,nan,3,0.0,0.0,0.0,0.0,0.0,0,0,0,0,0,1,1,0,0,0
2050503675,11.1483,11.1117,0.0,1.6409e-07,0.0,165.162,0.49888,1.1203,nan,3,0.0,0.0,0.0,0.0,0.0,0,0,0,0,0,1,1,0,0,0
2051013958,11.1286,11.1052,0.0,5.85615e-08,0.0,165.162,0.496432,1.12096,nan,3,0.0,0.0,0.0,0.0,0.0,0,0,0,0,0,1,1,0,0,0
2051513670,11.1286,11.1074,0.0,2.13263e-08,0.0,165.162,0.497239,1.12074,nan,3,0.0,0.0,0.0,0.0,0.0,0,0,0,0,0,1,1,0,0,0
2052014079,11.2568,11.112,0.0,7.76641e-09,0.0,165.162,0.498898,1.1203,nan,3,0.0,0.0,0.0,0.0,0.0,0,0,0,0,0,1,1,0,0,0
